unipos	unires	EGFR_Gefit LFC hit	EGFR_Gefit LFC hit cluster	EGFR_Gefit LFC3D hit	EGFR_Gefit LFC3D hit cluster	EGFR_Gefit union hit	EGFR_Gefit union hit cluster	EGFR_Gefit_LFC	EGFR_Gefit_LFC3D
1	M	-		-		-			
2	R	p>=0.05		-		p>=0.05		0.5419682	
3	P	-		p>=0.05		p>=0.05			0.3210291541666666
4	S	p>=0.05		-		p>=0.05		0.4837580375	
5	G	-		-		-			
6	T	p>=0.05		-		p>=0.05		0.42742505	
7	A	p>=0.05		p>=0.05		p>=0.05		0.1545425333333333	0.1776681033333333
8	G	p>=0.05		p>=0.05		p>=0.05		0.11737145	0.2223056772222222
9	A	p>=0.05		-		p>=0.05		0.0113333799999999	
10	A	p>=0.05		-		p>=0.05		0.71716935	
11	L	-		-		-			
12	L	-		-		-			
13	A	p>=0.05		-		p>=0.05		0.0075349466666666	
14	L	-		-		-			
15	L	-		-		-			
16	A	p>=0.05		-		p>=0.05		0.3050586428571429	
17	A	p>=0.05		-		p>=0.05		0.26545395	
18	L	-		-		-			
19	C	-		-		-			
20	P	-		-		-			
21	A	-		-		-			
22	S	-		-		-			
23	R	-		-		-			
24	A	-		p>=0.05		p>=0.05			0.0059788416666666
25	L	p>=0.05		p>=0.05		p>=0.05		0.7720011999999999	0.0778435034722222
26	E	p>=0.05		-		p>=0.05		0.2934374888888889	
27	E	-		-		-			
28	K	-		-		-			
29	K	p>=0.05		-		p>=0.05		0.1203878	
30	V	-		-		-			
31	C	p>=0.05		-		p>=0.05		0.6583937	
32	Q	-		-		-			
33	G	p>=0.05		-		p>=0.05		0.3708763	
34	T	-		-		-			
35	S	-		-		-			
36	N	-		-		-			
37	K	-		-		-			
38	L	p>=0.05		-		p>=0.05		0.5060709833333333	
39	T	p>=0.05		-		p>=0.05		0.1606422	
40	Q	p>=0.05		p>=0.05		p>=0.05		0.1606422	0.1606422
41	L	-		-		-			
42	G	-		-		-			
43	T	-		-		-			
44	F	p>=0.05		-		p>=0.05		0.241705379	
45	E	-		-		-			
46	D	-		-		-			
47	H	-		-		-			
48	F	-		-		-			
49	L	p>=0.05		-		p>=0.05		0.2567138333333333	
50	S	p>=0.05		p>=0.05		p>=0.05		1.003904	0.1241618205555555
51	L	p>=0.05		p>=0.05		p>=0.05		0.3978661	0.0333186307142856
52	Q	-		-		-			
53	R	-		-		-			
54	M	-		-		-			
55	F	-		-		-			
56	N	-		-		-			
57	N	p>=0.05		-		p>=0.05		0.0295975966666666	
58	C	-		-		-			
59	E	p>=0.05		-		p>=0.05		0.6382367333333333	
60	V	-		-		-			
61	V	-		-		-			
62	L	-		-		-			
63	G	p<0.05	11.0	-		p<0.05	19.0	1.629492	
64	N	-		-		-			
65	L	-		-		-			
66	E	-		-		-			
67	I	-		-		-			
68	T	p>=0.05		-		p>=0.05		0.1218379799999999	
69	Y	-		-		-			
70	V	-		-		-			
71	Q	-		-		-			
72	R	-		-		-			
73	N	-		-		-			
74	Y	-		-		-			
75	D	-		-		-			
76	L	-		-		-			
77	S	-		-		-			
78	F	p>=0.05		-		p>=0.05		0.243536	
79	L	-		-		-			
80	K	p>=0.05		-		p>=0.05		0.1396891	
81	T	-		-		-			
82	I	-		-		-			
83	Q	-		-		-			
84	E	-		-		-			
85	V	p>=0.05		-		p>=0.05		0.16664666	
86	A	-		-		-			
87	G	-		-		-			
88	Y	-		-		-			
89	V	-		-		-			
90	L	-		-		-			
91	I	-		-		-			
92	A	-		-		-			
93	L	-		-		-			
94	N	p>=0.05		-		p>=0.05		0.5579006	
95	T	-		-		-			
96	V	-		-		-			
97	E	-		-		-			
98	R	p>=0.05		-		p>=0.05		0.1427184833333333	
99	I	-		-		-			
100	P	-		-		-			
101	L	-		-		-			
102	E	p>=0.05		-		p>=0.05		0.5078065	
103	N	p>=0.05		-		p>=0.05		0.428053025	
104	L	-		-		-			
105	Q	p>=0.05		-		p>=0.05		0.05866856	
106	I	p>=0.05		-		p>=0.05		0.05866856	
107	I	p>=0.05		-		p>=0.05		0.05866856	
108	R	-		-		-			
109	G	-		-		-			
110	N	-		-		-			
111	M	p>=0.05		-		p>=0.05		0.219671545	
112	Y	-		-		-			
113	Y	-		-		-			
114	E	-		-		-			
115	N	p>=0.05		-		p>=0.05		0.4254795	
116	S	-		-		-			
117	Y	-		-		-			
118	A	-		-		-			
119	L	-		-		-			
120	A	p>=0.05		-		p>=0.05		0.08631681	
121	V	-		-		-			
122	L	-		-		-			
123	S	-		-		-			
124	N	-		-		-			
125	Y	-		-		-			
126	D	p>=0.05		p>=0.05		p>=0.05		0.1221957285714285	0.1662406407482993
127	A	p>=0.05		p>=0.05		p>=0.05		0.6563743666666667	0.3092738713095238
128	N	p>=0.05		p>=0.05		p>=0.05		0.16042643	0.251745765047619
129	K	p>=0.05		p>=0.05		p>=0.05		0.29809896	0.2057859742063492
130	T	p>=0.05		p>=0.05		p>=0.05		0.0216333399999999	0.1511363535714285
131	G	-		-		-			
132	L	-		-		-			
133	K	-		-		-			
134	E	-		-		-			
135	L	-		-		-			
136	P	p>=0.05		-		p>=0.05		0.0570623333333333	
137	M	-		-		-			
138	R	-		-		-			
139	N	-		-		-			
140	L	p>=0.05		-		p>=0.05		0.5985989	
141	Q	p>=0.05		-		p>=0.05		0.133602892	
142	E	-		-		-			
143	I	-		-		-			
144	L	-		-		-			
145	H	p>=0.05		-		p>=0.05		0.047194298	
146	G	-		-		-			
147	A	-		-		-			
148	V	p>=0.05		-		p>=0.05		0.2110120959999999	
149	R	-		p>=0.05		p>=0.05			0.1805534281904761
150	F	p>=0.05		-		p>=0.05		0.44278772	
151	S	-		-		-			
152	N	-		-		-			
153	N	-		-		-			
154	P	p>=0.05		-		p>=0.05		0.82535864	
155	A	p>=0.05		-		p>=0.05		0.3284766428571428	
156	L	-		-		-			
157	C	-		-		-			
158	N	-		-		-			
159	V	p>=0.05		-		p>=0.05		0.2824611718181818	
160	E	p>=0.05		-		p>=0.05		0.22698705	
161	S	-		-		-			
162	I	-		-		-			
163	Q	-		-		-			
164	W	-		-		-			
165	R	p>=0.05		-		p>=0.05		0.615222045	
166	D	-		-		-			
167	I	-		-		-			
168	V	-		-		-			
169	S	-		-		-			
170	S	-		-		-			
171	D	p>=0.05		-		p>=0.05		0.34548175	
172	F	p>=0.05		-		p>=0.05		0.06469802	
173	L	p>=0.05		p>=0.05		p>=0.05		0.094843895	0.1172121954761904
174	S	p>=0.05		p>=0.05		p>=0.05		0.0341794199999999	0.1844438136666666
175	N	p>=0.05		-		p>=0.05		0.4983449	
176	M	p>=0.05		p>=0.05		p>=0.05		0.2301528333333333	0.0530703727916666
177	S	p>=0.05		p>=0.05		p>=0.05		0.413776	0.1309393428333333
178	M	-		p>=0.05		p>=0.05			0.0292547949333333
179	D	-		-		-			
180	F	p>=0.05		p>=0.05		p>=0.05		0.390638675	0.197619275
181	Q	p>=0.05		p<0.05	11.0	p<0.05	11.0	0.7923374333333333	0.5118798308333333
182	N	p>=0.05		-		p>=0.05		0.039184575	
183	H	-		-		-			
184	L	-		-		-			
185	G	-		-		-			
186	S	p>=0.05		-		p>=0.05		0.1545139333333333	
187	C	-		-		-			
188	Q	-		-		-			
189	K	-		-		-			
190	C	-		-		-			
191	D	p>=0.05		-		p>=0.05		0.10235416	
192	P	-		-		-			
193	S	-		-		-			
194	C	-		-		-			
195	P	p>=0.05		-		p>=0.05		0.58584746	
196	N	-		-		-			
197	G	-		-		-			
198	S	-		-		-			
199	C	-		-		-			
200	W	-		-		-			
201	G	-		-		-			
202	A	-		-		-			
203	G	-		-		-			
204	E	p>=0.05		-		p>=0.05		0.0118353999999999	
205	E	-		-		-			
206	N	-		-		-			
207	C	-		-		-			
208	Q	-		-		-			
209	K	-		-		-			
210	L	-		-		-			
211	T	p>=0.05		-		p>=0.05		0.0095687	
212	K	p>=0.05		-		p>=0.05		0.4546342333333333	
213	I	-		-		-			
214	I	-		p>=0.05		p>=0.05			0.0585256083333333
215	C	-		-		-			
216	A	-		-		-			
217	Q	-		-		-			
218	Q	p>=0.05		-		p>=0.05		0.5570528	
219	C	-		-		-			
220	S	-		-		-			
221	G	p>=0.05		-		p>=0.05		0.2149663833333333	
222	R	-		-		-			
223	C	-		-		-			
224	R	-		-		-			
225	G	-		-		-			
226	K	p>=0.05		-		p>=0.05		0.3012566	
227	S	p>=0.05		-		p>=0.05		0.233683475	
228	P	-		-		-			
229	S	-		-		-			
230	D	-		-		-			
231	C	p>=0.05		-		p>=0.05		0.1428224	
232	C	-		-		-			
233	H	p>=0.05		p>=0.05		p>=0.05		0.7705597	0.0617209671130952
234	N	p>=0.05		p>=0.05		p>=0.05		0.3988987571428571	0.1522630792857142
235	Q	-		-		-			
236	C	p>=0.05		-		p>=0.05		0.0373738599999999	
237	A	p>=0.05		-		p>=0.05		0.3860048285714285	
238	A	-		-		-			
239	G	-		-		-			
240	C	-		-		-			
241	T	p>=0.05		-		p>=0.05		0.4637024999999999	
242	G	p>=0.05		p>=0.05		p>=0.05		0.009401441	0.0007747943333332
243	P	p>=0.05		p>=0.05		p>=0.05		0.2164959333333333	0.0169125241523809
244	R	p>=0.05		p>=0.05		p>=0.05		0.412282175	0.3401699603809524
245	E	p>=0.05		p<0.05	12.0	p<0.05	5.0	0.58011394	0.680431587857143
246	S	p>=0.05		p>=0.05		p>=0.05		0.1335959	0.2499039521428572
247	D	p>=0.05		-		p>=0.05		0.2587406333333333	
248	C	-		-		-			
249	L	-		-		-			
250	V	-		-		-			
251	C	-		-		-			
252	R	-		-		-			
253	K	p>=0.05		-		p>=0.05		0.5227255	
254	F	-		-		-			
255	R	-		-		-			
256	D	-		p>=0.05		p>=0.05			0.2292520363333333
257	E	-		p>=0.05		p>=0.05			0.3580653516666667
258	A	p>=0.05		p<0.05	17.0	p<0.05	5.0	0.8852789166666667	0.8759743020833334
259	T	p<0.05	9.0	p>=0.05		p<0.05	5.0	2.767998766666667	0.2929708247916667
260	C	-		-		-			
261	K	-		-		-			
262	D	-		p>=0.05		p>=0.05			0.1240592666666666
263	T	-		-		-			
264	C	-		-		-			
265	P	-		-		-			
266	P	-		-		-			
267	L	-		p>=0.05		p>=0.05			0.0447511961111111
268	M	-		-		-			
269	L	-		-		-			
270	Y	-		-		-			
271	N	-		-		-			
272	P	-		-		-			
273	T	p>=0.05		-		p>=0.05		0.1403294566666666	
274	T	-		-		-			
275	Y	-		-		-			
276	Q	-		-		-			
277	M	-		-		-			
278	D	-		-		-			
279	V	-		-		-			
280	N	p>=0.05		-		p>=0.05		0.2662771	
281	P	-		-		-			
282	E	p>=0.05		-		p>=0.05		0.1157199	
283	G	-		-		-			
284	K	-		p>=0.05		p>=0.05			0.0186341983333333
285	Y	p>=0.05		p>=0.05		p>=0.05		0.02347335	0.3573383667023809
286	S	p>=0.05		-		p>=0.05		0.2156523733333333	
287	F	-		-		-			
288	G	p>=0.05		p>=0.05		p>=0.05		0.29948305	0.1281004089285714
289	A	-		-		-			
290	T	p>=0.05		-		p>=0.05		0.39749332	
291	C	p>=0.05		p>=0.05		p>=0.05		0.24121234	0.0731330479166667
292	V	p>=0.05		p>=0.05		p>=0.05		1.095565675	0.1373742913888888
293	K	-		p>=0.05		p>=0.05			0.1398900145833333
294	K	-		-		-			
295	C	-		-		-			
296	P	-		-		-			
297	R	-		-		-			
298	N	-		-		-			
299	Y	-		-		-			
300	V	-		-		-			
301	V	-		-		-			
302	T	-		p>=0.05		p>=0.05			0.0339648379002976
303	D	p>=0.05		p>=0.05		p>=0.05		0.1561689666666666	0.2278186332380952
304	H	p>=0.05		p>=0.05		p>=0.05		0.272104425	0.2506290056404762
305	G	p>=0.05		p>=0.05		p>=0.05		0.6195549	0.101865200457483
306	S	p>=0.05		-		p>=0.05		0.34187049525	
307	C	-		-		-			
308	V	-		-		-			
309	R	-		-		-			
310	A	-		-		-			
311	C	p>=0.05		-		p>=0.05		0.2767643999999999	
312	G	-		p>=0.05		p>=0.05			0.0211086448888888
313	A	p>=0.05		-		p>=0.05		0.0260260583333333	
314	D	p>=0.05		p>=0.05		p>=0.05		0.0321876049999999	0.021933079074074
315	S	-		-		-			
316	Y	-		-		-			
317	E	-		-		-			
318	M	-		-		-			
319	E	-		-		-			
320	E	-		-		-			
321	D	-		-		-			
322	G	-		-		-			
323	V	-		-		-			
324	R	-		-		-			
325	K	-		-		-			
326	C	-		-		-			
327	K	p>=0.05		-		p>=0.05		0.27895693	
328	K	p>=0.05		p>=0.05		p>=0.05		0.51354865	0.0952440772222222
329	C	-		-		-			
330	E	-		-		-			
331	G	-		-		-			
332	P	p>=0.05		p>=0.05		p>=0.05		0.6904597	0.0420911999999999
333	C	-		p<0.05	10.0	p<0.05	12.0		0.4093120111111111
334	R	p>=0.05		p>=0.05		p>=0.05		0.7482053333333334	0.1783034291666667
335	K	-		-		-			
336	V	-		-		-			
337	C	-		-		-			
338	N	-		-		-			
339	G	-		-		-			
340	I	-		-		-			
341	G	-		-		-			
342	I	-		-		-			
343	G	-		-		-			
344	E	-		-		-			
345	F	p>=0.05		-		p>=0.05		0.07496867	
346	K	-		-		-			
347	D	-		-		-			
348	S	-		-		-			
349	L	-		-		-			
350	S	-		-		-			
351	I	-		-		-			
352	N	-		-		-			
353	A	-		-		-			
354	T	-		-		-			
355	N	-		-		-			
356	I	-		-		-			
357	K	-		-		-			
358	H	-		-		-			
359	F	-		-		-			
360	K	p>=0.05		-		p>=0.05		0.453228	
361	N	p>=0.05		p>=0.05		p>=0.05		0.10150748	0.0213798183333333
362	C	-		-		-			
363	T	-		-		-			
364	S	-		-		-			
365	I	-		-		-			
366	S	-		-		-			
367	G	-		-		-			
368	D	-		-		-			
369	L	-		-		-			
370	H	p>=0.05		-		p>=0.05		0.52495915	
371	I	-		-		-			
372	L	-		-		-			
373	P	-		-		-			
374	V	-		-		-			
375	A	-		-		-			
376	F	-		-		-			
377	R	-		-		-			
378	G	-		-		-			
379	D	-		-		-			
380	S	-		-		-			
381	F	-		-		-			
382	T	-		-		-			
383	H	-		-		-			
384	T	-		-		-			
385	P	-		-		-			
386	P	-		-		-			
387	L	-		-		-			
388	D	-		-		-			
389	P	-		-		-			
390	Q	p>=0.05		-		p>=0.05		0.4278227	
391	E	-		-		-			
392	L	-		-		-			
393	D	p>=0.05		-		p>=0.05		0.5194421	
394	I	-		-		-			
395	L	-		-		-			
396	K	-		-		-			
397	T	-		-		-			
398	V	-		-		-			
399	K	-		-		-			
400	E	-		-		-			
401	I	p>=0.05		-		p>=0.05		0.52981968	
402	T	p>=0.05		-		p>=0.05		0.06600826	
403	G	-		-		-			
404	F	p>=0.05		-		p>=0.05		0.5036946	
405	L	-		-		-			
406	L	-		-		-			
407	I	-		-		-			
408	Q	p>=0.05		-		p>=0.05		0.36455035	
409	A	p>=0.05		-		p>=0.05		0.04898767	
410	W	-		-		-			
411	P	-		-		-			
412	E	-		-		-			
413	N	-		-		-			
414	R	-		-		-			
415	T	p>=0.05		-		p>=0.05		0.0572828333333333	
416	D	p>=0.05		-		p>=0.05		0.6647175	
417	L	p>=0.05		p>=0.05		p>=0.05		0.4641296	0.0385797542857142
418	H	p>=0.05		-		p>=0.05		0.0444177999999999	
419	A	-		-		-			
420	F	-		-		-			
421	E	-		-		-			
422	N	-		-		-			
423	L	-		-		-			
424	E	-		-		-			
425	I	p>=0.05		-		p>=0.05		0.1584017366666666	
426	I	-		-		-			
427	R	-		-		-			
428	G	-		-		-			
429	R	-		-		-			
430	T	-		-		-			
431	K	-		-		-			
432	Q	-		-		-			
433	H	-		-		-			
434	G	-		-		-			
435	Q	p>=0.05		-		p>=0.05		0.3000371	
436	F	-		-		-			
437	S	-		-		-			
438	L	p>=0.05		-		p>=0.05		0.163594	
439	A	p>=0.05		-		p>=0.05		0.163594	
440	V	-		-		-			
441	V	-		-		-			
442	S	p>=0.05		-		p>=0.05		0.1186015	
443	L	-		-		-			
444	N	-		-		-			
445	I	-		-		-			
446	T	-		-		-			
447	S	-		-		-			
448	L	-		-		-			
449	G	p>=0.05		-		p>=0.05		0.7399056466666667	
450	L	-		-		-			
451	R	-		-		-			
452	S	-		-		-			
453	L	-		-		-			
454	K	-		-		-			
455	E	-		-		-			
456	I	-		-		-			
457	S	-		-		-			
458	D	-		-		-			
459	G	-		-		-			
460	D	-		-		-			
461	V	-		-		-			
462	I	-		p>=0.05		p>=0.05			0.2948073388888889
463	I	-		-		-			
464	S	p>=0.05		p>=0.05		p>=0.05		0.54740895	0.0576135495238095
465	G	-		p>=0.05		p>=0.05			0.2360620471428571
466	N	p>=0.05		p>=0.05		p>=0.05		0.9162537333333332	0.1960195433333333
467	K	p>=0.05		p<0.05	18.0	p<0.05	13.0	0.8568271	0.467000883
468	N	-		p>=0.05		p>=0.05			0.0425050043999999
469	L	-		-		-			
470	C	-		-		-			
471	Y	p>=0.05		-		p>=0.05		0.2393761333333333	
472	A	-		-		-			
473	N	p>=0.05		-		p>=0.05		0.1949855999999999	
474	T	-		-		-			
475	I	p>=0.05		-		p>=0.05		2.2423999999984788e-05	
476	N	p>=0.05		p>=0.05		p>=0.05		0.2651954024999999	0.0904063346018518
477	W	-		p>=0.05		p>=0.05			0.1089862153
478	K	p>=0.05		p>=0.05		p>=0.05		0.39999255	0.136227163125
479	K	p>=0.05		p>=0.05		p>=0.05		0.4012016	0.1362271631249999
480	L	-		-		-			
481	F	-		-		-			
482	G	-		-		-			
483	T	-		-		-			
484	S	-		p<0.05	9.0	p<0.05	6.0		1.261064
485	G	p>=0.05		p<0.05	9.0	p<0.05	6.0	1.261064	0.8300904499999999
486	Q	p>=0.05		-		p>=0.05		0.3991169	
487	K	p>=0.05		-		p>=0.05		0.3991169	
488	T	p>=0.05		p>=0.05		p>=0.05		0.07349856	0.2983608691666666
489	K	p>=0.05		p>=0.05		p>=0.05		0.4990596	0.2647755255555555
490	I	p>=0.05		p>=0.05		p>=0.05		0.2217684166666666	0.1692512453333333
491	I	-		p>=0.05		p>=0.05			0.0554267546666666
492	S	-		p>=0.05		p>=0.05			0.0138413391666666
493	N	p>=0.05		p>=0.05		p>=0.05		0.1009986266666666	0.2603386088571428
494	R	-		p>=0.05		p>=0.05			0.1414473746666666
495	G	-		-		-			
496	E	-		-		-			
497	N	-		-		-			
498	S	-		-		-			
499	C	-		-		-			
500	K	p>=0.05		p>=0.05		p>=0.05		0.29229995	0.0746919586458333
501	A	p>=0.05		-		p>=0.05		0.255613	
502	T	p>=0.05		p<0.05	2.0	p<0.05	2.0	0.5199661333333333	0.3801021501666666
503	G	p>=0.05		p>=0.05		p>=0.05		0.3208801175	0.3777060559722222
504	Q	p>=0.05		p<0.05	2.0	p<0.05	2.0	0.51175155	0.4021246671666666
505	V	p>=0.05		p>=0.05		p>=0.05		0.365725585	0.364633034
506	C	p>=0.05		-		p>=0.05		0.3325079675	
507	H	p>=0.05		-		p>=0.05		0.6894667	
508	A	p>=0.05		-		p>=0.05		0.42921897	
509	L	-		-		-			
510	C	-		-		-			
511	S	-		-		-			
512	P	p<0.05	13.0	p>=0.05		p<0.05	14.0	1.7138821506666666	0.2741384227777778
513	E	-		p>=0.05		p>=0.05			0.0819579935873015
514	G	-		-		-			
515	C	-		-		-			
516	W	-		-		-			
517	G	p>=0.05		-		p>=0.05		0.4884118	
518	P	p>=0.05		p<0.05	3.0	p<0.05	1.0	0.0863955266666666	0.4540233288333333
519	E	p>=0.05		p<0.05	3.0	p<0.05	1.0	0.67333465	0.4282192933333333
520	P	p>=0.05		p<0.05	3.0	p<0.05	1.0	0.5837625	0.4599524870535714
521	R	p>=0.05		p<0.05	3.0	p<0.05	1.0	0.47833725	0.4623527621428571
522	D	p>=0.05		-		p>=0.05		0.2590740333333333	
523	C	p>=0.05		-		p>=0.05		0.1226953666666667	
524	V	-		-		-			
525	S	-		-		-			
526	C	-		-		-			
527	R	p>=0.05		-		p>=0.05		0.0101664142857143	
528	N	-		-		-			
529	V	-		-		-			
530	S	-		p>=0.05		p>=0.05			0.1883208823945578
531	R	p>=0.05		p>=0.05		p>=0.05		0.311795412	0.2965893164
532	G	p>=0.05		p>=0.05		p>=0.05		0.58075591	0.2965893164
533	R	p>=0.05		p<0.05	3.0	p<0.05	1.0	0.40931031	0.4980308214
534	E	p>=0.05		p>=0.05		p>=0.05		0.709955225	0.3385050629285714
535	C	p>=0.05		-		p>=0.05		0.1629941714285714	
536	V	p>=0.05		-		p>=0.05		0.4109772166666667	
537	D	-		-		-			
538	K	-		-		-			
539	C	-		-		-			
540	N	-		-		-			
541	L	-		-		-			
542	L	-		-		-			
543	E	-		-		-			
544	G	-		-		-			
545	E	-		-		-			
546	P	p>=0.05		-		p>=0.05		0.2727152666666667	
547	R	-		-		-			
548	E	-		-		-			
549	F	p>=0.05		-		p>=0.05		0.4119363	
550	V	-		-		-			
551	E	-		-		-			
552	N	-		-		-			
553	S	-		-		-			
554	E	-		-		-			
555	C	-		-		-			
556	I	-		-		-			
557	Q	-		-		-			
558	C	-		-		-			
559	H	p>=0.05		-		p>=0.05		0.7828420666666667	
560	P	p>=0.05		-		p>=0.05		0.57548305	
561	E	-		-		-			
562	C	-		-		-			
563	L	-		-		-			
564	P	-		-		-			
565	Q	p>=0.05		-		p>=0.05		0.6073802	
566	A	-		-		-			
567	M	p>=0.05		-		p>=0.05		0.33437952	
568	N	-		-		-			
569	I	p>=0.05		-		p>=0.05		0.0141256666666666	
570	T	p>=0.05		-		p>=0.05		0.2311203999999999	
571	C	p>=0.05		-		p>=0.05		0.3662469212499999	
572	T	-		-		-			
573	G	-		-		-			
574	R	-		-		-			
575	G	-		-		-			
576	P	-		-		-			
577	D	-		-		-			
578	N	-		-		-			
579	C	-		-		-			
580	I	-		-		-			
581	Q	-		-		-			
582	C	-		-		-			
583	A	-		-		-			
584	H	p>=0.05		-		p>=0.05		0.08746941	
585	Y	-		-		-			
586	I	-		-		-			
587	D	p>=0.05		-		p>=0.05		0.0619114999999999	
588	G	p>=0.05		-		p>=0.05		0.1092515	
589	P	p>=0.05		p>=0.05		p>=0.05		0.31276943	0.223015916875
590	H	p>=0.05		-		p>=0.05		0.685631525	
591	C	-		-		-			
592	V	p>=0.05		-		p>=0.05		0.088476214	
593	K	p>=0.05		p>=0.05		p>=0.05		0.5031445	0.3226028352857143
594	T	p>=0.05		p>=0.05		p>=0.05		0.6113212171428571	0.0158781732440476
595	C	-		-		-			
596	P	p>=0.05		-		p>=0.05		0.1966224333333333	
597	A	p>=0.05		p>=0.05		p>=0.05		0.349521935	0.1493843233333333
598	G	p>=0.05		-		p>=0.05		0.281832805	
599	V	p>=0.05		p>=0.05		p>=0.05		0.6424349666666667	0.273602109025641
600	M	p>=0.05		p>=0.05		p>=0.05		0.5643490384615385	0.034044357825641
601	G	p>=0.05		-		p>=0.05		0.50045964	
602	E	p>=0.05		p>=0.05		p>=0.05		0.3209682625	0.0891974571666666
603	N	p>=0.05		-		p>=0.05		0.03441845	
604	N	p>=0.05		-		p>=0.05		0.1805151	
605	T	-		-		-			
606	L	-		p>=0.05		p>=0.05			0.1547623472435897
607	V	-		p>=0.05		p>=0.05			0.1043137083547008
608	W	-		-		-			
609	K	p>=0.05		-		p>=0.05		0.3189598	
610	Y	-		-		-			
611	A	-		-		-			
612	D	-		-		-			
613	A	p>=0.05		-		p>=0.05		0.0655671999999999	
614	G	-		-		-			
615	H	p>=0.05		-		p>=0.05		0.4034253399999999	
616	V	-		-		-			
617	C	-		-		-			
618	H	-		-		-			
619	L	-		-		-			
620	C	-		-		-			
621	H	-		-		-			
622	P	-		-		-			
623	N	-		-		-			
624	C	-		-		-			
625	T	p>=0.05		-		p>=0.05		0.2813100483333333	
626	Y	-		-		-			
627	G	p>=0.05		-		p>=0.05		0.4882955	
628	C	-		-		-			
629	T	p>=0.05		-		p>=0.05		0.2692261	
630	G	-		-		-			
631	P	p>=0.05		p>=0.05		p>=0.05		0.4347487333333333	0.0239763220833333
632	G	-		-		-			
633	L	-		-		-			
634	E	p>=0.05		-		p>=0.05		0.4395419714285714	
635	G	p>=0.05		-		p>=0.05		0.2866373749999999	
636	C	-		-		-			
637	P	p>=0.05		-		p>=0.05		0.2544702	
638	T	p>=0.05		-		p>=0.05		0.12401265	
639	N	-		-		-			
640	G	-		-		-			
641	P	p>=0.05		-		p>=0.05		0.007586991	
642	K	-		-		-			
643	I	p>=0.05		-		p>=0.05		0.50254428	
644	P	p>=0.05		p>=0.05		p>=0.05		0.1511036333333333	0.2668913615277777
645	S	p>=0.05		p>=0.05		p>=0.05		0.14702617125	0.0597334267129629
646	I	-		-		-			
647	A	-		-		-			
648	T	-		-		-			
649	G	-		-		-			
650	M	-		-		-			
651	V	-		-		-			
652	G	-		-		-			
653	A	-		-		-			
654	L	p>=0.05		-		p>=0.05		0.1012780016666666	
655	L	-		-		-			
656	L	-		-		-			
657	L	-		-		-			
658	L	-		-		-			
659	V	-		-		-			
660	V	-		-		-			
661	A	p>=0.05		-		p>=0.05		0.54581695	
662	L	p>=0.05		-		p>=0.05		0.1416956499999999	
663	G	-		-		-			
664	I	p>=0.05		-		p>=0.05		0.23919218	
665	G	-		-		-			
666	L	-		-		-			
667	F	-		-		-			
668	M	-		-		-			
669	R	-		-		-			
670	R	-		-		-			
671	R	-		-		-			
672	H	-		-		-			
673	I	p>=0.05		-		p>=0.05		0.64953922	
674	V	p>=0.05		p>=0.05		p>=0.05		0.3576491249999999	0.0017216988839285
675	R	-		p>=0.05		p>=0.05			0.1639703635544218
676	K	p>=0.05		p>=0.05		p>=0.05		0.1824521	0.0381372133163265
677	R	-		p>=0.05		p>=0.05			0.0440254973660714
678	T	p>=0.05		-		p>=0.05		0.5165592571428572	
679	L	-		-		-			
680	R	p>=0.05		-		p>=0.05		0.0852434857142857	
681	R	-		-		-			
682	L	-		-		-			
683	L	-		-		-			
684	Q	-		-		-			
685	E	-		-		-			
686	R	p>=0.05		-		p>=0.05		0.51888575	
687	E	-		-		-			
688	L	-		-		-			
689	V	-		-		-			
690	E	-		-		-			
691	P	p>=0.05		-		p>=0.05		0.1264929466666667	
692	L	-		-		-			
693	T	-		-		-			
694	P	-		-		-			
695	S	-		-		-			
696	G	-		-		-			
697	E	-		-		-			
698	A	-		-		-			
699	P	-		-		-			
700	N	-		-		-			
701	Q	-		-		-			
702	A	p>=0.05		-		p>=0.05		0.4762937333333333	
703	L	-		-		-			
704	L	-		-		-			
705	R	p>=0.05		p<0.05	0.0	p<0.05	8.0	0.0794788335	0.380086039625
706	I	p<0.05	6.0	-		p<0.05	8.0	2.4351558250000003	
707	L	p>=0.05		p<0.05	0.0	p<0.05	8.0	0.7276665	0.5434875160992063
708	K	p<0.05	2.0	p<0.05	0.0	p<0.05	8.0	3.028106	0.7655010160714286
709	E	-		p<0.05	0.0	p<0.05	8.0		0.952117745
710	T	p<0.05	2.0	p<0.05	0.0	p<0.05	8.0	2.264658333333333	0.952117745
711	E	p>=0.05		-		p>=0.05		0.1896654249999999	
712	F	-		-		-			
713	K	p>=0.05		-		p>=0.05		0.2715613166666666	
714	K	p>=0.05		-		p>=0.05		0.1767740333333333	
715	I	p<0.05	4.0	p>=0.05		p<0.05	7.0	1.7900881000000002	0.2921560805466668
716	K	p<0.05	4.0	p<0.05	13.0	p<0.05	7.0	1.779245675	0.8994287578500001
717	V	-		-		-			
718	L	-		-		-			
719	G	-		-		-			
720	S	p>=0.05		-		p>=0.05		1.2746726652	
721	G	-		-		-			
722	A	-		-		-			
723	F	-		-		-			
724	G	-		-		-			
725	T	-		-		-			
726	V	-		-		-			
727	Y	-		-		-			
728	K	p>=0.05		p>=0.05		p>=0.05		0.3708515944	0.1345880052333333
729	G	-		-		-			
730	L	-		-		-			
731	W	-		-		-			
732	I	-		-		-			
733	P	-		-		-			
734	E	-		p>=0.05		p>=0.05			0.1454080679999999
735	G	p>=0.05		p>=0.05		p>=0.05		0.21665756	0.314966252
736	E	p>=0.05		p>=0.05		p>=0.05		0.413274944	0.3751269408
737	K	p>=0.05		p<0.05	1.0	p<0.05	0.0	0.8254371999999999	0.6175618146666667
738	V	p>=0.05		p<0.05	1.0	p<0.05	0.0	0.6139732999999999	0.4873821741999999
739	K	p>=0.05		-		p>=0.05		0.006786127	
740	I	p>=0.05		-		p>=0.05		0.2378703513333333	
741	P	-		-		-			
742	V	-		-		-			
743	A	-		-		-			
744	I	-		-		-			
745	K	-		-		-			
746	E	-		-		-			
747	L	-		-		-			
748	R	-		-		-			
749	E	-		-		-			
750	A	-		p>=0.05		p>=0.05			0.0682601835416666
751	T	p>=0.05		p>=0.05		p>=0.05		0.4810315	0.2086686488888889
752	S	p>=0.05		p>=0.05		p>=0.05		0.19649508	0.1541979263333333
753	P	p>=0.05		-		p>=0.05		0.267629185	
754	K	-		-		-			
755	A	-		-		-			
756	N	-		-		-			
757	K	-		-		-			
758	E	-		-		-			
759	I	p>=0.05		-		p>=0.05		0.119707975	
760	L	-		-		-			
761	D	-		-		-			
762	E	-		-		-			
763	A	-		-		-			
764	Y	-		-		-			
765	V	-		-		-			
766	M	-		-		-			
767	A	-		-		-			
768	S	p<0.05	5.0	p<0.05	8.0	p<0.05	4.0	2.9451131875	0.6761667523666667
769	V	p<0.05	5.0	p<0.05	8.0	p<0.05	4.0	2.1631664	1.5341237251666668
770	D	p<0.05	5.0	p<0.05	8.0	p<0.05	4.0	2.8016061750000003	2.0214419
771	N	p>=0.05		p<0.05	8.0	p<0.05	4.0	1.099553125	0.848255653
772	P	p>=0.05		p>=0.05		p>=0.05		0.479452325	0.3599180225
773	H	p>=0.05		p<0.05	8.0	p<0.05	4.0	0.38555536	0.653678618
774	V	-		p>=0.05		p>=0.05			0.1081472973809523
775	C	-		-		-			
776	R	-		-		-			
777	L	-		-		-			
778	L	-		-		-			
779	G	-		-		-			
780	I	-		-		-			
781	C	-		p<0.05	0.0	p<0.05	8.0		0.4608714340929706
782	L	-		-		-			
783	T	-		-		-			
784	S	-		-		-			
785	T	-		-		-			
786	V	-		-		-			
787	Q	p<0.05	12.0	-		p<0.05	8.0	1.6868869333333332	
788	L	-		-		-			
789	I	-		-		-			
790	T	p>=0.05		-		p>=0.05		1.2696740000000002	
791	Q	p>=0.05		p<0.05	1.0	p<0.05	0.0	1.0915123666666666	0.9049124733333332
792	L	-		-		-			
793	M	-		-		-			
794	P	-		-		-			
795	F	-		-		-			
796	G	-		-		-			
797	C	-		-		-			
798	L	-		-		-			
799	L	-		-		-			
800	D	p>=0.05		-		p>=0.05		0.648050125	
801	Y	-		-		-			
802	V	p>=0.05		-		p>=0.05		0.0697100111111111	
803	R	p<0.05	7.0	p>=0.05		p<0.05	3.0	1.687967757142857	0.2552873344475365
804	E	p>=0.05		p>=0.05		p>=0.05		0.8482713545454545	0.0456334498932178
805	H	-		p>=0.05		p>=0.05			0.3330117770165945
806	K	p>=0.05		p<0.05	7.0	p<0.05	3.0	0.9107939666666668	0.7376411457029478
807	D	p>=0.05		p<0.05	7.0	p<0.05	3.0	0.8588333333333333	0.6811620503333333
808	N	p>=0.05		p<0.05	7.0	p<0.05	3.0	0.6662996666666667	0.6621231133730159
809	I	p>=0.05		p<0.05	7.0	p<0.05	3.0	1.261899425	0.8152211633730159
810	G	p>=0.05		p<0.05	7.0	p<0.05	3.0	0.6265721599999999	0.9968920009863946
811	S	p<0.05	0.0	p<0.05	7.0	p<0.05	3.0	3.041827333333333	0.8177448388888889
812	Q	p>=0.05		p<0.05	7.0	p<0.05	3.0	1.0762641	0.4775466076190477
813	Y	-		p>=0.05		p>=0.05			0.3183523755555555
814	L	-		-		-			
815	L	-		-		-			
816	N	-		-		-			
817	W	-		-		-			
818	C	-		-		-			
819	V	-		-		-			
820	Q	-		-		-			
821	I	-		-		-			
822	A	-		-		-			
823	K	-		-		-			
824	G	-		-		-			
825	M	-		-		-			
826	N	-		-		-			
827	Y	-		-		-			
828	L	-		-		-			
829	E	p>=0.05		-		p>=0.05		0.3237014428571428	
830	D	p>=0.05		-		p>=0.05		0.5165925	
831	R	-		p>=0.05		p>=0.05			0.0234191173809523
832	R	-		p>=0.05		p>=0.05			0.1616963539047619
833	L	-		-		-			
834	V	-		-		-			
835	H	p>=0.05		-		p>=0.05		0.2007585166666666	
836	R	-		-		-			
837	D	-		-		-			
838	L	-		-		-			
839	A	p>=0.05		-		p>=0.05		0.1242368	
840	A	-		-		-			
841	R	-		-		-			
842	N	-		-		-			
843	V	-		-		-			
844	L	p>=0.05		-		p>=0.05		0.0701915499999999	
845	V	-		-		-			
846	K	-		-		-			
847	T	-		-		-			
848	P	-		-		-			
849	Q	-		-		-			
850	H	-		-		-			
851	V	-		p>=0.05		p>=0.05			0.1537995393333333
852	K	p<0.05	10.0	-		p<0.05	4.0	1.828721	
853	I	-		-		-			
854	T	-		-		-			
855	D	-		-		-			
856	F	p>=0.05		-		p>=0.05		0.31236315	
857	G	p>=0.05		-		p>=0.05		0.1485627	
858	L	-		-		-			
859	A	-		-		-			
860	K	-		-		-			
861	L	-		-		-			
862	L	p>=0.05		-		p>=0.05		0.7148053	
863	G	p>=0.05		-		p>=0.05		0.2048161	
864	A	p>=0.05		-		p>=0.05		0.0249331066666666	
865	E	p>=0.05		-		p>=0.05		0.0668205	
866	E	-		-		-			
867	K	-		-		-			
868	E	-		-		-			
869	Y	-		-		-			
870	H	-		-		-			
871	A	p>=0.05		-		p>=0.05		0.771465125	
872	E	-		-		-			
873	G	-		-		-			
874	G	-		-		-			
875	K	-		-		-			
876	V	-		-		-			
877	P	p>=0.05		-		p>=0.05		0.4553481666666666	
878	I	-		-		-			
879	K	-		-		-			
880	W	-		-		-			
881	M	-		-		-			
882	A	-		-		-			
883	L	-		-		-			
884	E	-		-		-			
885	S	-		-		-			
886	I	-		-		-			
887	L	-		-		-			
888	H	p>=0.05		-		p>=0.05		0.7388061	
889	R	-		-		-			
890	I	-		-		-			
891	Y	-		-		-			
892	T	-		-		-			
893	H	-		-		-			
894	Q	-		-		-			
895	S	-		-		-			
896	D	-		-		-			
897	V	-		-		-			
898	W	-		-		-			
899	S	-		-		-			
900	Y	-		-		-			
901	G	-		-		-			
902	V	-		-		-			
903	T	-		-		-			
904	V	-		-		-			
905	W	-		-		-			
906	E	p>=0.05		-		p>=0.05		0.24767405	
907	L	-		-		-			
908	M	-		-		-			
909	T	p>=0.05		-		p>=0.05		0.3208518	
910	F	-		p>=0.05		p>=0.05			0.3132756336507936
911	G	-		-		-			
912	S	p>=0.05		p>=0.05		p>=0.05		0.5219651	0.1592985625
913	K	-		-		-			
914	P	-		-		-			
915	Y	p>=0.05		-		p>=0.05		0.418802675	
916	D	p>=0.05		-		p>=0.05		0.445917025	
917	G	-		p>=0.05		p>=0.05			0.1154783716666666
918	I	-		p>=0.05		p>=0.05			0.1913094474999999
919	P	-		-		-			
920	A	-		-		-			
921	S	-		-		-			
922	E	-		-		-			
923	I	-		-		-			
924	S	-		-		-			
925	S	p>=0.05		-		p>=0.05		0.3251593166666666	
926	I	-		-		-			
927	L	-		-		-			
928	E	p>=0.05		-		p>=0.05		0.0343036666666666	
929	K	p>=0.05		-		p>=0.05		0.2209138	
930	G	p>=0.05		-		p>=0.05		0.0999288399999999	
931	E	p>=0.05		-		p>=0.05		0.25124276	
932	R	p>=0.05		p>=0.05		p>=0.05		0.7306040500000001	0.2465003366666667
933	L	-		p>=0.05		p>=0.05			0.244129125
934	P	-		-		-			
935	Q	-		-		-			
936	P	-		-		-			
937	P	p>=0.05		-		p>=0.05		0.2269782	
938	I	-		-		-			
939	C	-		-		-			
940	T	-		-		-			
941	I	-		-		-			
942	D	p>=0.05		-		p>=0.05		0.3770567342857143	
943	V	-		-		-			
944	Y	-		-		-			
945	M	-		-		-			
946	I	-		-		-			
947	M	-		-		-			
948	V	-		-		-			
949	K	-		-		-			
950	C	-		-		-			
951	W	-		-		-			
952	M	-		-		-			
953	I	-		-		-			
954	D	-		-		-			
955	A	-		-		-			
956	D	-		-		-			
957	S	-		-		-			
958	R	p>=0.05		-		p>=0.05		0.0272859499999999	
959	P	p>=0.05		p>=0.05		p>=0.05		0.2567587333333333	0.2640668277777778
960	K	p>=0.05		p>=0.05		p>=0.05		0.5081558	0.0108969650666666
961	F	-		-		-			
962	R	-		-		-			
963	E	p>=0.05		-		p>=0.05		0.1976395	
964	L	-		-		-			
965	I	-		-		-			
966	I	p>=0.05		-		p>=0.05		0.36193865	
967	E	p>=0.05		-		p>=0.05		0.3106320333333333	
968	F	p>=0.05		-		p>=0.05		0.2187176499999999	
969	S	-		-		-			
970	K	-		-		-			
971	M	-		p>=0.05		p>=0.05			0.0570345472222222
972	A	-		-		-			
973	R	-		-		-			
974	D	p>=0.05		p>=0.05		p>=0.05		0.0067524999999999	0.1721178552222222
975	P	p<0.05	0.0	p<0.05	7.0	p<0.05	3.0	1.432712	0.5798815313121692
976	Q	p>=0.05		p>=0.05		p>=0.05		0.4703235	0.1674686041412873
977	R	-		p>=0.05		p>=0.05			0.1742800491904762
978	Y	p>=0.05		p>=0.05		p>=0.05		0.0681352171428571	0.0973977325238095
979	L	-		-		-			
980	V	p>=0.05		-		p>=0.05		0.1265999338461538	
981	I	p>=0.05		-		p>=0.05		0.82737865	
982	Q	-		p<0.05	7.0	p<0.05	3.0		0.3891130333333333
983	G	-		p<0.05	7.0	p<0.05	3.0		0.3914001474999999
984	D	p>=0.05		p<0.05	7.0	p<0.05	3.0	0.7912469	0.5123542612244897
985	E	p>=0.05		p<0.05	7.0	p<0.05	3.0	0.42967804	0.6459538671428571
986	R	p>=0.05		p<0.05	7.0	p<0.05	3.0	0.7959621	0.5254811934142858
987	M	p>=0.05		p<0.05	7.0	p<0.05	3.0	0.5669284285714286	0.6477721523422619
988	H	p>=0.05		p<0.05	7.0	p<0.05	3.0	0.0435904985	0.4688270090238095
989	L	-		p>=0.05		p>=0.05			0.3549450825833333
990	P	-		-		-			
991	S	-		p>=0.05		p>=0.05			0.1221199458333333
992	P	-		p>=0.05		p>=0.05			0.1221199458333333
993	T	p>=0.05		p>=0.05		p>=0.05		0.1712900666666666	0.1221199458333333
994	D	p>=0.05		p>=0.05		p>=0.05		0.072949825	0.3197649305555555
995	S	p>=0.05		p>=0.05		p>=0.05		0.7150548999999999	0.0131133994444444
996	N	p>=0.05		p>=0.05		p>=0.05		0.4071763666666666	0.0771971264444444
997	F	-		p>=0.05		p>=0.05			0.1600866859259259
998	Y	-		p>=0.05		p>=0.05			0.2056745415079365
999	R	p>=0.05		p>=0.05		p>=0.05		0.39336846	0.1237126055555555
1000	A	p>=0.05		p>=0.05		p>=0.05		0.5745344833333333	0.0890613713378684
1001	L	p>=0.05		p>=0.05		p>=0.05		0.479201675	0.2695634582275132
1002	M	p>=0.05		p<0.05	1.0	p<0.05	0.0	0.1413213483333333	0.4213636093849206
1003	D	p>=0.05		p<0.05	1.0	p<0.05	0.0	0.1646177271428571	0.4269626392619048
1004	E	p>=0.05		p<0.05	1.0	p<0.05	0.0	0.7751379625	0.7336487161666666
1005	E	p>=0.05		p<0.05	1.0	p<0.05	0.0	1.195151657142857	1.120768168452381
1006	D	p>=0.05		p<0.05	1.0	p<0.05	0.0	1.3920148857142856	1.0163336103392857
1007	M	p>=0.05		p<0.05	1.0	p<0.05	0.0	0.703029936	0.7084995279285714
1008	D	p>=0.05		p<0.05	1.0	p<0.05	0.0	0.16151399	0.4806610753333333
1009	D	p>=0.05		p<0.05	1.0	p<0.05	0.0	0.5774393	0.5139891315
1010	V	-		p<0.05	1.0	p<0.05	0.0		0.989479689
1011	V	p<0.05	1.0	p<0.05	1.0	p<0.05	0.0	3.5113293666666667	2.8764722393333333
1012	D	p<0.05	1.0	p<0.05	1.0	p<0.05	0.0	4.880217	3.5360748983333337
1013	A	p<0.05	1.0	p<0.05	1.0	p<0.05	0.0	4.90661	2.1030562178571426
1014	D	p<0.05	1.0	p<0.05	1.0	p<0.05	0.0	1.890183275	1.964606676190476
1015	E	p<0.05	1.0	p<0.05	1.0	p<0.05	0.0	2.49203485	1.964606676190476
1016	Y	p>=0.05		p<0.05	1.0	p<0.05	0.0	0.0778635	1.4786716222222225
1017	L	-		p<0.05	1.0	p<0.05	0.0		1.4786716222222225
1018	I	p>=0.05		p<0.05	1.0	p<0.05	0.0	0.122365575	0.7817060722222222
1019	P	-		p<0.05	1.0	p<0.05	0.0		1.113072375
1020	Q	p>=0.05		p<0.05	1.0	p<0.05	0.0	0.7248167	0.4945796520833332
1021	Q	p>=0.05		p<0.05	1.0	p<0.05	0.0	0.9007255	0.6485115797619048
1022	G	p>=0.05		p<0.05	1.0	p<0.05	0.0	0.2304108333333333	0.6415158294095238
1023	F	p>=0.05		p<0.05	1.0	p<0.05	0.0	0.7380932857142857	0.5123436560761905
1024	F	p>=0.05		p<0.05	1.0	p<0.05	0.0	0.613532828	0.4152481950952381
1025	S	p>=0.05		p<0.05	1.0	p<0.05	0.0	0.0789558333333333	0.4361482721785714
1026	S	p>=0.05		p>=0.05		p>=0.05		0.3140111416666666	0.2860028583333333
1027	P	-		p<0.05	4.0	p<0.05	20.0		0.3895263708333333
1028	S	p>=0.05		p<0.05	4.0	p<0.05	20.0	0.4650416	0.5418960805555555
1029	T	p>=0.05		p<0.05	4.0	p<0.05	20.0	0.8466355	0.5492153133333334
1030	S	p>=0.05		p<0.05	4.0	p<0.05	20.0	0.33596884	0.3888687372222222
1031	R	-		-		-			
1032	T	-		-		-			
1033	P	-		-		-			
1034	L	p>=0.05		p>=0.05		p>=0.05		0.0214958983333333	0.2121743661111111
1035	L	p>=0.05		p>=0.05		p>=0.05		0.6816337	0.2795206583333333
1036	S	p>=0.05		-		p>=0.05		0.1354323766666666	
1037	S	-		-		-			
1038	L	-		-		-			
1039	S	-		-		-			
1040	A	-		p>=0.05		p>=0.05			0.1062726
1041	T	p>=0.05		p>=0.05		p>=0.05		0.1062726	0.0395469521428571
1042	S	-		-		-			
1043	N	-		-		-			
1044	N	-		-		-			
1045	S	-		-		-			
1046	T	-		-		-			
1047	V	p>=0.05		p>=0.05		p>=0.05		0.20354444875	0.0038317592129629
1048	A	-		p>=0.05		p>=0.05			0.1132467633796296
1049	C	p>=0.05		p>=0.05		p>=0.05		0.2097280125	0.1143617899867724
1050	I	p>=0.05		p>=0.05		p>=0.05		0.2068895285714285	0.0007645422089947
1051	D	-		p>=0.05		p>=0.05			0.0113648272089947
1052	R	p>=0.05		-		p>=0.05		0.2415288675	
1053	N	-		-		-			
1054	G	-		-		-			
1055	L	-		-		-			
1056	Q	-		-		-			
1057	S	-		-		-			
1058	C	p>=0.05		-		p>=0.05		0.3474149925	
1059	P	-		p>=0.05		p>=0.05			0.2024334641666666
1060	I	p>=0.05		p>=0.05		p>=0.05		0.7385084	0.1516499733333333
1061	K	p>=0.05		p>=0.05		p>=0.05		0.19506452	0.358670471111111
1062	E	p>=0.05		p>=0.05		p>=0.05		0.1424384933333333	0.2394345627777777
1063	D	p>=0.05		p>=0.05		p>=0.05		0.380800675	0.1717835514444444
1064	S	-		p>=0.05		p>=0.05			0.0229447276666666
1065	F	-		-		-			
1066	L	-		-		-			
1067	Q	-		-		-			
1068	R	-		-		-			
1069	Y	-		-		-			
1070	S	-		-		-			
1071	S	p>=0.05		-		p>=0.05		0.2056740866666666	
1072	D	-		-		-			
1073	P	p>=0.05		-		p>=0.05		0.208496396	
1074	T	p>=0.05		-		p>=0.05		0.430129915	
1075	G	-		-		-			
1076	A	-		-		-			
1077	L	p>=0.05		-		p>=0.05		0.654844	
1078	T	-		p>=0.05		p>=0.05			0.0057859358333333
1079	E	-		-		-			
1080	D	p>=0.05		-		p>=0.05		0.14838218	
1081	S	-		-		-			
1082	I	-		-		-			
1083	D	-		-		-			
1084	D	-		-		-			
1085	T	p>=0.05		-		p>=0.05		0.05682758	
1086	F	-		-		-			
1087	L	-		-		-			
1088	P	-		-		-			
1089	V	-		-		-			
1090	P	-		p>=0.05		p>=0.05			0.0458127305555555
1091	E	p>=0.05		-		p>=0.05		0.5886425	
1092	Y	-		-		-			
1093	I	-		-		-			
1094	N	-		-		-			
1095	Q	-		p>=0.05		p>=0.05			0.06438095
1096	S	p>=0.05		p<0.05	15.0	p<0.05	15.0	0.06438095	1.6025614
1097	V	p<0.05	8.0	p<0.05	15.0	p<0.05	15.0	3.14074185	1.6025614
1098	P	-		p<0.05	15.0	p<0.05	15.0		3.14074185
1099	K	-		-		-			
1100	R	-		-		-			
1101	P	-		-		-			
1102	A	-		p>=0.05		p>=0.05			0.2020724
1103	G	p>=0.05		p>=0.05		p>=0.05		0.2020724	0.1716773
1104	S	p>=0.05		p>=0.05		p>=0.05		0.1412822	0.2280857444444445
1105	V	p>=0.05		p>=0.05		p>=0.05		0.3409026333333333	0.2410924166666667
1106	Q	-		p>=0.05		p>=0.05			0.3409026333333333
1107	N	-		-		-			
1108	P	-		-		-			
1109	V	-		-		-			
1110	Y	-		-		-			
1111	H	-		-		-			
1112	N	-		-		-			
1113	Q	-		-		-			
1114	P	-		p<0.05	16.0	p<0.05	9.0		0.41891315
1115	L	p>=0.05		p<0.05	16.0	p<0.05	9.0	0.41891315	0.41891315
1116	N	-		p<0.05	16.0	p<0.05	9.0		0.41891315
1117	P	-		-		-			
1118	A	-		-		-			
1119	P	-		p>=0.05		p>=0.05			0.0078242133333333
1120	S	p>=0.05		p>=0.05		p>=0.05		0.2145055766666666	0.106959905
1121	R	-		p>=0.05		p>=0.05			0.0292987049999999
1122	D	-		-		-			
1123	P	-		-		-			
1124	H	-		-		-			
1125	Y	-		-		-			
1126	Q	-		p>=0.05		p>=0.05			0.0062651249999999
1127	D	p>=0.05		p>=0.05		p>=0.05		0.2300229	0.2300229
1128	P	-		p>=0.05		p>=0.05			0.2300229
1129	H	-		-		-			
1130	S	-		-		-			
1131	T	-		-		-			
1132	A	-		-		-			
1133	V	p>=0.05		-		p>=0.05		0.0239586416666666	
1134	G	-		-		-			
1135	N	-		-		-			
1136	P	-		-		-			
1137	E	-		-		-			
1138	Y	-		-		-			
1139	L	-		-		-			
1140	N	-		-		-			
1141	T	-		-		-			
1142	V	-		-		-			
1143	Q	-		-		-			
1144	P	-		-		-			
1145	T	-		p>=0.05		p>=0.05			0.1205894999999999
1146	C	p>=0.05		p>=0.05		p>=0.05		0.1205894999999999	0.3552697714285714
1147	V	p>=0.05		p>=0.05		p>=0.05		0.5899500428571428	0.3552697714285714
1148	N	-		p>=0.05		p>=0.05			0.2613618339285714
1149	S	-		-		-			
1150	T	-		p>=0.05		p>=0.05			0.0723463125
1151	F	p>=0.05		-		p>=0.05		0.211919	
1152	D	-		-		-			
1153	S	-		-		-			
1154	P	-		-		-			
1155	A	-		-		-			
1156	H	-		-		-			
1157	W	p>=0.05		p<0.05	19.0	p<0.05	10.0	0.4130602949999999	0.4627194974999999
1158	A	p>=0.05		p<0.05	19.0	p<0.05	10.0	0.5123787	0.4627194974999999
1159	Q	-		p<0.05	19.0	p<0.05	10.0		0.5123787
1160	K	-		p>=0.05		p>=0.05			0.1603355333333333
1161	G	p>=0.05		p>=0.05		p>=0.05		0.1603355333333333	0.2373215416666666
1162	S	p>=0.05		p>=0.05		p>=0.05		0.31430755	0.2373215416666666
1163	H	-		p>=0.05		p>=0.05			0.31430755
1164	Q	-		p<0.05	14.0	p<0.05	16.0		0.9520435
1165	I	p>=0.05		p<0.05	14.0	p<0.05	16.0	0.9520435	0.40918195
1166	S	-		p>=0.05		p>=0.05			0.3503737333333334
1167	L	p>=0.05		-		p>=0.05		0.2327573	
1168	D	-		-		-			
1169	N	-		-		-			
1170	P	-		-		-			
1171	D	-		-		-			
1172	Y	-		-		-			
1173	Q	-		-		-			
1174	Q	p>=0.05		-		p>=0.05		0.1751422	
1175	D	p>=0.05		p>=0.05		p>=0.05		0.3373204466666666	0.1276125458888889
1176	F	-		p>=0.05		p>=0.05			0.055330257
1177	F	-		-		-			
1178	P	-		-		-			
1179	K	-		p>=0.05		p>=0.05			0.3102001949999999
1180	E	p>=0.05		p>=0.05		p>=0.05		0.3102001949999999	0.0485143449999999
1181	A	-		p>=0.05		p>=0.05			0.0485143449999999
1182	K	-		-		-			
1183	P	-		-		-			
1184	N	-		p<0.05	6.0	p<0.05	18.0		6.764772
1185	G	p<0.05	3.0	p<0.05	6.0	p<0.05	18.0	6.764772	3.71918555
1186	I	p>=0.05		p<0.05	6.0	p<0.05	18.0	0.6735991	2.7265219111111105
1187	F	p>=0.05		p<0.05	6.0	p<0.05	18.0	0.7411946333333334	0.7073968666666667
1188	K	-		p>=0.05		p>=0.05			0.3192085416666667
1189	G	-		p>=0.05		p>=0.05			0.305216625
1190	S	p>=0.05		p>=0.05		p>=0.05		0.7132108	0.305216625
1191	T	-		p<0.05	5.0	p<0.05	17.0		0.5053989475
1192	A	p>=0.05		p>=0.05		p>=0.05		0.2975870949999999	0.1112700424999999
1193	E	-		p>=0.05		p>=0.05			0.1112700424999999
1194	N	-		-		-			
1195	A	-		-		-			
1196	E	-		-		-			
1197	Y	-		-		-			
1198	L	-		-		-			
1199	R	-		-		-			
1200	V	-		-		-			
1201	A	-		-		-			
1202	P	-		-		-			
1203	Q	-		-		-			
1204	S	-		-		-			
1205	S	-		-		-			
1206	E	-		-		-			
1207	F	p>=0.05		-		p>=0.05		0.2459531833333333	
1208	I	p>=0.05		p>=0.05		p>=0.05		0.52950738	0.2054320655555555
1209	G	-		p>=0.05		p>=0.05			0.016455171111111
1210	A	-		-		-			
