unipos	unires	EGFR_Osim LFC hit	EGFR_Osim LFC hit cluster	EGFR_Osim LFC3D hit	EGFR_Osim LFC3D hit cluster	EGFR_Osim union hit	EGFR_Osim union hit cluster	EGFR_Osim_LFC	EGFR_Osim_LFC3D
1	M	-		-		-			
2	R	-		-		-			
3	P	-		-		-			
4	S	p>=0.05		-		p>=0.05		0.60038079	
5	G	-		p>=0.05		p>=0.05			0.1828855133333333
6	T	p>=0.05		-		p>=0.05		0.5846209	
7	A	p>=0.05		-		p>=0.05		0.257629485	
8	G	-		-		-			
9	A	-		-		-			
10	A	p>=0.05		-		p>=0.05		0.282032975	
11	L	-		-		-			
12	L	-		-		-			
13	A	-		-		-			
14	L	-		-		-			
15	L	-		-		-			
16	A	p>=0.05		-		p>=0.05		0.5132608628571429	
17	A	p>=0.05		-		p>=0.05		0.5534326675	
18	L	-		-		-			
19	C	-		p>=0.05		p>=0.05			0.1649532397956349
20	P	p>=0.05		-		p>=0.05		0.158770908	
21	A	-		-		-			
22	S	-		-		-			
23	R	-		p>=0.05		p>=0.05			0.0334612245833333
24	A	-		p>=0.05		p>=0.05			0.1780420930555556
25	L	p>=0.05		p>=0.05		p>=0.05		0.8332692	0.2313042225694444
26	E	p>=0.05		-		p>=0.05		0.3910906111111111	
27	E	-		-		-			
28	K	-		-		-			
29	K	p>=0.05		-		p>=0.05		0.1371697	
30	V	-		-		-			
31	C	p<0.05	16.0	-		p<0.05	22.0	1.235358	
32	Q	-		-		-			
33	G	p>=0.05		-		p>=0.05		0.32837055	
34	T	-		-		-			
35	S	-		-		-			
36	N	-		-		-			
37	K	-		-		-			
38	L	p>=0.05		-		p>=0.05		0.5316498666666667	
39	T	p>=0.05		-		p>=0.05		0.139924	
40	Q	p>=0.05		p>=0.05		p>=0.05		0.139924	0.139924
41	L	-		-		-			
42	G	-		-		-			
43	T	-		-		-			
44	F	p>=0.05		-		p>=0.05		0.4064379	
45	E	-		-		-			
46	D	-		-		-			
47	H	-		-		-			
48	F	-		-		-			
49	L	p>=0.05		-		p>=0.05		0.1413032666666666	
50	S	p<0.05	14.0	-		p<0.05	29.0	1.056352	
51	L	p>=0.05		-		p>=0.05		0.541245	
52	Q	-		-		-			
53	R	-		-		-			
54	M	-		-		-			
55	F	-		-		-			
56	N	-		-		-			
57	N	p>=0.05		-		p>=0.05		0.0218236899999999	
58	C	-		-		-			
59	E	p>=0.05		-		p>=0.05		0.5369601666666667	
60	V	-		-		-			
61	V	-		-		-			
62	L	-		-		-			
63	G	-		-		-			
64	N	-		-		-			
65	L	-		-		-			
66	E	-		-		-			
67	I	-		-		-			
68	T	p>=0.05		-		p>=0.05		0.18001256	
69	Y	-		-		-			
70	V	-		-		-			
71	Q	-		-		-			
72	R	-		-		-			
73	N	-		-		-			
74	Y	-		-		-			
75	D	-		-		-			
76	L	-		-		-			
77	S	-		-		-			
78	F	p>=0.05		-		p>=0.05		0.5326969	
79	L	-		-		-			
80	K	p>=0.05		-		p>=0.05		0.1619645	
81	T	-		-		-			
82	I	-		-		-			
83	Q	-		-		-			
84	E	-		-		-			
85	V	-		-		-			
86	A	-		-		-			
87	G	-		-		-			
88	Y	-		-		-			
89	V	-		-		-			
90	L	-		-		-			
91	I	-		-		-			
92	A	-		-		-			
93	L	-		-		-			
94	N	p>=0.05		-		p>=0.05		0.08070485	
95	T	p>=0.05		-		p>=0.05		0.6042721	
96	V	-		-		-			
97	E	-		-		-			
98	R	-		-		-			
99	I	-		-		-			
100	P	-		-		-			
101	L	-		-		-			
102	E	p>=0.05		-		p>=0.05		0.6393361	
103	N	p>=0.05		-		p>=0.05		0.40604795	
104	L	-		-		-			
105	Q	p>=0.05		-		p>=0.05		0.0778826	
106	I	p>=0.05		-		p>=0.05		0.0778826	
107	I	p>=0.05		-		p>=0.05		0.0778826	
108	R	-		-		-			
109	G	-		-		-			
110	N	-		-		-			
111	M	-		-		-			
112	Y	-		-		-			
113	Y	-		-		-			
114	E	-		-		-			
115	N	p>=0.05		-		p>=0.05		0.422222	
116	S	-		-		-			
117	Y	-		-		-			
118	A	-		-		-			
119	L	-		-		-			
120	A	-		-		-			
121	V	-		-		-			
122	L	-		-		-			
123	S	-		-		-			
124	N	-		-		-			
125	Y	-		-		-			
126	D	p>=0.05		p>=0.05		p>=0.05		0.00271761	0.1510549499404762
127	A	p>=0.05		p>=0.05		p>=0.05		0.3063818	0.2025814048125
128	N	p>=0.05		p>=0.05		p>=0.05		0.2338686422499999	0.1660180351166666
129	K	p>=0.05		p>=0.05		p>=0.05		0.267357567	0.0755187582638889
130	T	p>=0.05		p>=0.05		p>=0.05		0.0197645563333333	0.0947639180257936
131	G	-		-		-			
132	L	-		-		-			
133	K	-		-		-			
134	E	-		-		-			
135	L	-		-		-			
136	P	-		-		-			
137	M	-		-		-			
138	R	-		-		-			
139	N	-		-		-			
140	L	p>=0.05		-		p>=0.05		0.5559955	
141	Q	p>=0.05		-		p>=0.05		0.05656118	
142	E	-		-		-			
143	I	-		-		-			
144	L	-		-		-			
145	H	p>=0.05		-		p>=0.05		0.3516741	
146	G	-		-		-			
147	A	-		-		-			
148	V	p>=0.05		-		p>=0.05		0.0371370839999999	
149	R	p>=0.05		p>=0.05		p>=0.05		0.46102616	0.0862069417142857
150	F	-		-		-			
151	S	-		-		-			
152	N	-		-		-			
153	N	-		-		-			
154	P	p>=0.05		-		p>=0.05		0.68438708	
155	A	p>=0.05		-		p>=0.05		0.4218527585714285	
156	L	-		-		-			
157	C	-		-		-			
158	N	-		-		-			
159	V	p>=0.05		-		p>=0.05		0.0154899954545454	
160	E	p>=0.05		-		p>=0.05		0.1586165864285714	
161	S	-		-		-			
162	I	-		-		-			
163	Q	-		-		-			
164	W	-		-		-			
165	R	p>=0.05		-		p>=0.05		0.466418975	
166	D	-		-		-			
167	I	-		-		-			
168	V	-		-		-			
169	S	-		-		-			
170	S	-		-		-			
171	D	p>=0.05		-		p>=0.05		0.338565	
172	F	-		-		-			
173	L	p>=0.05		p>=0.05		p>=0.05		0.082775425	0.0625939078571428
174	S	p>=0.05		p>=0.05		p>=0.05		0.15871008	0.081030301
175	N	p>=0.05		-		p>=0.05		0.5380868	
176	M	p>=0.05		-		p>=0.05		0.2310308	
177	S	p>=0.05		p>=0.05		p>=0.05		0.22209185	0.275578615
178	M	p>=0.05		p>=0.05		p>=0.05		0.18816565	0.0696842016
179	D	-		-		-			
180	F	p>=0.05		p>=0.05		p>=0.05		0.311948475	0.2341947805555555
181	Q	p>=0.05		p<0.05	15.0	p<0.05	27.0	0.8502606666666667	0.5026884929166667
182	N	p>=0.05		p>=0.05		p>=0.05		0.16415775	0.0814277809999999
183	H	-		-		-			
184	L	-		p>=0.05		p>=0.05			0.0129648528174603
185	G	p>=0.05		-		p>=0.05		0.2519654999999999	
186	S	p>=0.05		-		p>=0.05		0.5314797	
187	C	-		-		-			
188	Q	-		-		-			
189	K	-		-		-			
190	C	-		-		-			
191	D	-		-		-			
192	P	-		-		-			
193	S	-		-		-			
194	C	-		-		-			
195	P	p<0.05	19.0	-		p<0.05	31.0	1.04805422	
196	N	-		p>=0.05		p>=0.05			0.01518791875
197	G	-		-		-			
198	S	-		-		-			
199	C	p>=0.05		-		p>=0.05		0.0912943499999999	
200	W	-		-		-			
201	G	-		-		-			
202	A	-		-		-			
203	G	-		-		-			
204	E	-		-		-			
205	E	-		-		-			
206	N	-		-		-			
207	C	-		-		-			
208	Q	-		-		-			
209	K	-		-		-			
210	L	-		-		-			
211	T	p>=0.05		-		p>=0.05		0.48229995	
212	K	p>=0.05		-		p>=0.05		0.3295829866666666	
213	I	-		-		-			
214	I	-		-		-			
215	C	-		-		-			
216	A	p>=0.05		-		p>=0.05		0.358321355	
217	Q	-		-		-			
218	Q	p>=0.05		-		p>=0.05		0.63470535	
219	C	-		-		-			
220	S	-		-		-			
221	G	p>=0.05		-		p>=0.05		0.0837843666666666	
222	R	-		-		-			
223	C	-		-		-			
224	R	-		-		-			
225	G	-		-		-			
226	K	-		-		-			
227	S	p>=0.05		-		p>=0.05		0.36867645	
228	P	p>=0.05		p>=0.05		p>=0.05		0.6413415	0.2577930242857142
229	S	p>=0.05		p>=0.05		p>=0.05		0.1852469	0.2376873581428571
230	D	-		-		-			
231	C	p>=0.05		-		p>=0.05		0.299427055	
232	C	-		-		-			
233	H	p>=0.05		p>=0.05		p>=0.05		0.2863581666666667	0.1018175150595238
234	N	p>=0.05		-		p>=0.05		0.0457195714285714	
235	Q	-		-		-			
236	C	-		-		-			
237	A	p>=0.05		-		p>=0.05		0.1194739428571428	
238	A	-		-		-			
239	G	-		-		-			
240	C	-		-		-			
241	T	-		-		-			
242	G	-		p>=0.05		p>=0.05			0.1950199829444443
243	P	p<0.05	15.0	p>=0.05		p<0.05	16.0	1.2259956666666665	0.2242114718095237
244	R	p>=0.05		p<0.05	17.0	p<0.05	16.0	0.9540319	0.4968184352380952
245	E	p>=0.05		p>=0.05		p>=0.05		0.46629202	0.318424318452381
246	S	p>=0.05		-		p>=0.05		0.065789	
247	D	p>=0.05		-		p>=0.05		0.4990917833333333	
248	C	-		-		-			
249	L	-		-		-			
250	V	-		-		-			
251	C	-		-		-			
252	R	-		-		-			
253	K	p>=0.05		-		p>=0.05		0.43452405	
254	F	-		-		-			
255	R	-		-		-			
256	D	-		-		-			
257	E	-		-		-			
258	A	-		-		-			
259	T	p>=0.05		-		p>=0.05		0.3018315666666666	
260	C	-		-		-			
261	K	-		-		-			
262	D	p>=0.05		p>=0.05		p>=0.05		0.0117432999999999	0.3381845833333334
263	T	p>=0.05		-		p>=0.05		0.5682864	
264	C	-		-		-			
265	P	-		-		-			
266	P	-		-		-			
267	L	p>=0.05		p>=0.05		p>=0.05		0.0572373	0.1300661833333333
268	M	p>=0.05		-		p>=0.05		0.01928595	
269	L	-		-		-			
270	Y	-		-		-			
271	N	-		-		-			
272	P	-		-		-			
273	T	p>=0.05		-		p>=0.05		0.1269792466666666	
274	T	-		-		-			
275	Y	-		-		-			
276	Q	-		-		-			
277	M	-		-		-			
278	D	-		-		-			
279	V	-		-		-			
280	N	p>=0.05		-		p>=0.05		0.3136753	
281	P	-		p>=0.05		p>=0.05			0.0197787166666666
282	E	-		p>=0.05		p>=0.05			0.0197787166666666
283	G	-		-		-			
284	K	-		-		-			
285	Y	-		-		-			
286	S	-		-		-			
287	F	-		-		-			
288	G	p>=0.05		p>=0.05		p>=0.05		0.30792245	0.1274775803571428
289	A	p>=0.05		-		p>=0.05		0.4057571714285714	
290	T	p>=0.05		-		p>=0.05		0.3692185	
291	C	-		-		-			
292	V	-		-		-			
293	K	-		-		-			
294	K	-		-		-			
295	C	-		-		-			
296	P	-		-		-			
297	R	p>=0.05		-		p>=0.05		0.21126645	
298	N	-		-		-			
299	Y	-		-		-			
300	V	-		-		-			
301	V	-		-		-			
302	T	-		-		-			
303	D	p>=0.05		p>=0.05		p>=0.05		0.0486687333333333	0.0685375329047618
304	H	p>=0.05		p>=0.05		p>=0.05		0.0241033749999999	0.1218938937238095
305	G	p>=0.05		-		p>=0.05		0.5669966	
306	S	p>=0.05		-		p>=0.05		0.335319337	
307	C	-		-		-			
308	V	-		-		-			
309	R	-		-		-			
310	A	-		-		-			
311	C	p>=0.05		-		p>=0.05		0.11865585	
312	G	p>=0.05		p>=0.05		p>=0.05		0.12644146	0.1093976488888888
313	A	p>=0.05		p>=0.05		p>=0.05		0.33416057	0.1070830986111111
314	D	p>=0.05		p>=0.05		p>=0.05		0.1711885199999999	0.1229963825925926
315	S	-		-		-			
316	Y	-		-		-			
317	E	-		-		-			
318	M	-		-		-			
319	E	-		-		-			
320	E	-		-		-			
321	D	-		-		-			
322	G	-		-		-			
323	V	-		-		-			
324	R	-		-		-			
325	K	-		-		-			
326	C	-		-		-			
327	K	p>=0.05		-		p>=0.05		0.351687825	
328	K	p>=0.05		p>=0.05		p>=0.05		0.6012116000000001	0.1258128181111111
329	C	-		-		-			
330	E	-		-		-			
331	G	-		p>=0.05		p>=0.05			0.0058024559920634
332	P	p>=0.05		p>=0.05		p>=0.05		0.8539745799999999	0.35709004
333	C	-		p<0.05	18.0	p<0.05	21.0		0.4579389937037036
334	R	p>=0.05		-		p>=0.05		0.8114081	
335	K	-		-		-			
336	V	-		-		-			
337	C	-		-		-			
338	N	-		-		-			
339	G	-		-		-			
340	I	-		-		-			
341	G	-		-		-			
342	I	-		-		-			
343	G	-		-		-			
344	E	-		-		-			
345	F	-		-		-			
346	K	-		-		-			
347	D	-		-		-			
348	S	-		-		-			
349	L	-		-		-			
350	S	-		-		-			
351	I	-		-		-			
352	N	-		-		-			
353	A	-		-		-			
354	T	-		-		-			
355	N	-		-		-			
356	I	-		-		-			
357	K	-		-		-			
358	H	-		-		-			
359	F	-		-		-			
360	K	p>=0.05		-		p>=0.05		0.7468831	
361	N	-		-		-			
362	C	-		-		-			
363	T	-		-		-			
364	S	-		-		-			
365	I	-		-		-			
366	S	-		-		-			
367	G	-		-		-			
368	D	-		-		-			
369	L	-		-		-			
370	H	-		-		-			
371	I	-		-		-			
372	L	-		-		-			
373	P	-		-		-			
374	V	-		-		-			
375	A	-		-		-			
376	F	-		-		-			
377	R	-		-		-			
378	G	-		-		-			
379	D	-		-		-			
380	S	-		-		-			
381	F	-		-		-			
382	T	-		-		-			
383	H	-		-		-			
384	T	-		-		-			
385	P	-		-		-			
386	P	-		-		-			
387	L	-		-		-			
388	D	-		-		-			
389	P	-		-		-			
390	Q	p>=0.05		-		p>=0.05		0.4597853	
391	E	-		-		-			
392	L	-		-		-			
393	D	p>=0.05		-		p>=0.05		0.3573882566666667	
394	I	-		-		-			
395	L	-		-		-			
396	K	-		-		-			
397	T	-		-		-			
398	V	-		-		-			
399	K	-		-		-			
400	E	-		-		-			
401	I	p>=0.05		-		p>=0.05		0.3632562	
402	T	-		-		-			
403	G	-		-		-			
404	F	p>=0.05		-		p>=0.05		0.450458885	
405	L	-		-		-			
406	L	-		-		-			
407	I	-		-		-			
408	Q	p>=0.05		-		p>=0.05		0.4617346	
409	A	p>=0.05		-		p>=0.05		0.062628	
410	W	-		p>=0.05		p>=0.05			0.1989674166666666
411	P	p>=0.05		-		p>=0.05		0.3353068333333333	
412	E	-		-		-			
413	N	-		-		-			
414	R	-		-		-			
415	T	p>=0.05		-		p>=0.05		0.8813238666666666	
416	D	p>=0.05		-		p>=0.05		0.780446	
417	L	p<0.05	17.0	-		p<0.05	30.0	1.36726	
418	H	p>=0.05		-		p>=0.05		0.5352764666666667	
419	A	p>=0.05		-		p>=0.05		0.4395910666666667	
420	F	-		-		-			
421	E	-		-		-			
422	N	-		-		-			
423	L	-		-		-			
424	E	-		-		-			
425	I	p>=0.05		-		p>=0.05		0.1000686833333333	
426	I	-		-		-			
427	R	-		-		-			
428	G	-		-		-			
429	R	-		-		-			
430	T	-		-		-			
431	K	-		-		-			
432	Q	-		-		-			
433	H	-		p>=0.05		p>=0.05			0.1492425
434	G	-		-		-			
435	Q	p<0.05	21.0	-		p<0.05	28.0	1.102249	
436	F	-		-		-			
437	S	-		-		-			
438	L	-		-		-			
439	A	-		-		-			
440	V	-		-		-			
441	V	-		-		-			
442	S	p>=0.05		-		p>=0.05		0.8642086999999999	
443	L	-		-		-			
444	N	-		-		-			
445	I	-		-		-			
446	T	-		-		-			
447	S	-		-		-			
448	L	-		-		-			
449	G	-		-		-			
450	L	-		-		-			
451	R	-		-		-			
452	S	-		-		-			
453	L	-		-		-			
454	K	-		-		-			
455	E	-		-		-			
456	I	-		-		-			
457	S	-		-		-			
458	D	-		-		-			
459	G	-		-		-			
460	D	-		-		-			
461	V	-		-		-			
462	I	-		p>=0.05		p>=0.05			0.2760341222222222
463	I	-		-		-			
464	S	p>=0.05		p>=0.05		p>=0.05		0.46145175	0.1636087119047618
465	G	-		p<0.05	1.0	p<0.05	2.0		0.4916210738095237
466	N	p>=0.05		p>=0.05		p>=0.05		0.960309	0.3340739861111111
467	K	p>=0.05		p<0.05	1.0	p<0.05	2.0	0.860001	0.6561109476666668
468	N	-		p>=0.05		p>=0.05			0.2508403248
469	L	-		p>=0.05		p>=0.05			0.1856953236666667
470	C	-		p>=0.05		p>=0.05			0.1548869913333333
471	Y	p>=0.05		-		p>=0.05		0.4592292	
472	A	-		p>=0.05		p>=0.05			0.2058426019999999
473	N	p>=0.05		p>=0.05		p>=0.05		0.3191218	0.2058426019999999
474	T	p>=0.05		-		p>=0.05		0.1275959	
475	I	p>=0.05		-		p>=0.05		0.47650446	
476	N	p>=0.05		p>=0.05		p>=0.05		0.4494727	0.3108905740740741
477	W	p>=0.05		p<0.05	25.0	p<0.05	40.0	0.5392497	0.454965302
478	K	p>=0.05		p<0.05	25.0	p<0.05	40.0	0.4381272499999999	0.4495805125
479	K	p>=0.05		p<0.05	25.0	p<0.05	40.0	0.3714724	0.4495805125
480	L	-		-		-			
481	F	-		-		-			
482	G	-		-		-			
483	T	-		-		-			
484	S	-		p<0.05	20.0	p<0.05	12.0		0.5425925
485	G	p>=0.05		p<0.05	20.0	p<0.05	12.0	0.5425925	0.5710164
486	Q	p>=0.05		-		p>=0.05		0.5994403	
487	K	p>=0.05		-		p>=0.05		0.5994403	
488	T	p>=0.05		p<0.05	26.0	p<0.05	18.0	0.34848434	0.5018230016666667
489	K	p>=0.05		p<0.05	26.0	p<0.05	18.0	0.7038638	0.4692839022222222
490	I	p>=0.05		p>=0.05		p>=0.05		0.3555035666666666	0.1883846113333333
491	I	-		p>=0.05		p>=0.05			0.1554618366666667
492	S	p>=0.05		p>=0.05		p>=0.05		0.4422706	0.1054514041666666
493	N	p>=0.05		p>=0.05		p>=0.05		0.4454636666666667	0.3715408200952381
494	R	p>=0.05		p<0.05	1.0	p<0.05	2.0	0.358670124	0.4226325026666667
495	G	p>=0.05		-		p>=0.05		0.02639522	
496	E	-		-		-			
497	N	-		-		-			
498	S	-		-		-			
499	C	-		-		-			
500	K	p>=0.05		-		p>=0.05		0.25447195	
501	A	p>=0.05		-		p>=0.05		0.1834123	
502	T	p>=0.05		p>=0.05		p>=0.05		0.6346652666666667	0.2982505633333334
503	G	-		p>=0.05		p>=0.05			0.3134495777777777
504	Q	p>=0.05		p>=0.05		p>=0.05		0.41956125	0.3394570333333334
505	V	p>=0.05		p>=0.05		p>=0.05		0.38944465	0.30661253
506	C	p>=0.05		p>=0.05		p>=0.05		0.47044275	0.1483659383333332
507	H	p>=0.05		-		p>=0.05		0.841364125	
508	A	p>=0.05		-		p>=0.05		0.8116243777777777	
509	L	-		-		-			
510	C	-		-		-			
511	S	-		-		-			
512	P	-		-		-			
513	E	-		-		-			
514	G	-		-		-			
515	C	-		-		-			
516	W	-		-		-			
517	G	p<0.05	20.0	-		p<0.05	1.0	1.040757	
518	P	p>=0.05		p<0.05	2.0	p<0.05	1.0	0.9314266666666666	0.8155852933333332
519	E	p>=0.05		p<0.05	2.0	p<0.05	1.0	0.793935925	0.6496826416666667
520	P	p>=0.05		p<0.05	2.0	p<0.05	1.0	0.7408098	0.5333902980654761
521	R	p>=0.05		p<0.05	2.0	p<0.05	1.0	0.25439275	0.4508005404761905
522	D	p>=0.05		-		p>=0.05		0.1367737083333333	
523	C	p>=0.05		-		p>=0.05		0.1989246333333333	
524	V	-		-		-			
525	S	-		-		-			
526	C	-		-		-			
527	R	p>=0.05		-		p>=0.05		0.1285668714285714	
528	N	-		-		-			
529	V	-		-		-			
530	S	-		p>=0.05		p>=0.05			0.3402018639795918
531	R	p>=0.05		p>=0.05		p>=0.05		0.36477648	0.3108051176666667
532	G	p>=0.05		p>=0.05		p>=0.05		0.5019847666666667	0.3108051176666667
533	R	p>=0.05		p<0.05	2.0	p<0.05	1.0	0.3903268666666666	0.4303841926666667
534	E	p>=0.05		p>=0.05		p>=0.05		0.6404401	0.4012136851488095
535	C	p>=0.05		-		p>=0.05		0.6604813428571429	
536	V	p>=0.05		-		p>=0.05		0.72109	
537	D	-		-		-			
538	K	-		-		-			
539	C	-		-		-			
540	N	-		-		-			
541	L	-		-		-			
542	L	-		-		-			
543	E	-		-		-			
544	G	-		-		-			
545	E	-		-		-			
546	P	-		-		-			
547	R	-		-		-			
548	E	-		-		-			
549	F	p>=0.05		-		p>=0.05		0.47724175	
550	V	-		-		-			
551	E	-		-		-			
552	N	-		-		-			
553	S	-		-		-			
554	E	-		-		-			
555	C	-		-		-			
556	I	-		-		-			
557	Q	-		-		-			
558	C	-		-		-			
559	H	p>=0.05		-		p>=0.05		0.5841555333333334	
560	P	p<0.05	11.0	-		p<0.05	33.0	1.0917845000000002	
561	E	-		-		-			
562	C	-		-		-			
563	L	-		-		-			
564	P	-		-		-			
565	Q	p>=0.05		-		p>=0.05		0.5624163	
566	A	-		-		-			
567	M	p>=0.05		-		p>=0.05		0.19413063	
568	N	-		-		-			
569	I	p>=0.05		-		p>=0.05		0.0019205222222222	
570	T	-		-		-			
571	C	-		-		-			
572	T	-		-		-			
573	G	-		-		-			
574	R	-		-		-			
575	G	-		-		-			
576	P	-		-		-			
577	D	-		-		-			
578	N	-		-		-			
579	C	-		-		-			
580	I	-		-		-			
581	Q	-		-		-			
582	C	-		-		-			
583	A	p>=0.05		-		p>=0.05		0.11989852	
584	H	p>=0.05		-		p>=0.05		0.2102534	
585	Y	-		-		-			
586	I	-		-		-			
587	D	-		-		-			
588	G	p>=0.05		-		p>=0.05		0.3261765	
589	P	-		-		-			
590	H	p>=0.05		-		p>=0.05		0.534547725	
591	C	-		-		-			
592	V	p>=0.05		-		p>=0.05		0.49985183	
593	K	p>=0.05		p<0.05	14.0	p<0.05	36.0	0.65832308	0.6422965632142857
594	T	p<0.05	7.0	p>=0.05		p<0.05	36.0	1.2007579428571429	0.256349344047619
595	C	-		p>=0.05		p>=0.05			0.0091707065714286
596	P	p>=0.05		-		p>=0.05		0.9177278833333334	
597	A	p>=0.05		p>=0.05		p>=0.05		0.8907866166666667	0.2440834027777777
598	G	p>=0.05		p>=0.05		p>=0.05		0.7700331499999999	0.1684863066666667
599	V	p>=0.05		p<0.05	5.0	p<0.05	5.0	0.7438438666666667	0.6730082651282052
600	M	p>=0.05		p>=0.05		p>=0.05		0.6511647923076923	0.2473992317948718
601	G	p>=0.05		-		p>=0.05		0.62598152	
602	E	p>=0.05		p>=0.05		p>=0.05		0.36881625	0.107276043
603	N	-		-		-			
604	N	p>=0.05		-		p>=0.05		0.07674117	
605	T	-		p>=0.05		p>=0.05			0.1409321858333333
606	L	p>=0.05		p<0.05	5.0	p<0.05	5.0	0.3092129	0.4456521048290598
607	V	-		p>=0.05		p>=0.05			0.2047985381623931
608	W	-		-		-			
609	K	p>=0.05		-		p>=0.05		0.0135539	
610	Y	-		-		-			
611	A	-		-		-			
612	D	-		-		-			
613	A	-		-		-			
614	G	-		-		-			
615	H	p>=0.05		-		p>=0.05		0.4643973799999999	
616	V	-		-		-			
617	C	-		-		-			
618	H	p>=0.05		-		p>=0.05		0.29027255	
619	L	-		-		-			
620	C	-		-		-			
621	H	-		-		-			
622	P	-		-		-			
623	N	-		-		-			
624	C	-		-		-			
625	T	p>=0.05		-		p>=0.05		0.07876835	
626	Y	-		-		-			
627	G	-		-		-			
628	C	-		-		-			
629	T	p>=0.05		-		p>=0.05		0.36767782	
630	G	-		-		-			
631	P	-		-		-			
632	G	-		-		-			
633	L	-		-		-			
634	E	p>=0.05		-		p>=0.05		0.1208456971428571	
635	G	-		-		-			
636	C	-		-		-			
637	P	p<0.05	13.0	p>=0.05		p<0.05	23.0	1.4100199233333337	0.4040145677777778
638	T	p>=0.05		-		p>=0.05		1.014564705	
639	N	-		-		-			
640	G	-		-		-			
641	P	-		-		-			
642	K	-		-		-			
643	I	p>=0.05		p>=0.05		p>=0.05		0.46436172	0.0009153622222222
644	P	p>=0.05		p>=0.05		p>=0.05		0.1748655666666666	0.2666458330555555
645	S	p>=0.05		p>=0.05		p>=0.05		0.1607102125	0.0185022152777777
646	I	-		-		-			
647	A	p>=0.05		-		p>=0.05		0.040770925	
648	T	-		-		-			
649	G	-		p>=0.05		p>=0.05			0.0167652697460317
650	M	p>=0.05		p>=0.05		p>=0.05		0.649337674	0.3822775643888889
651	V	p>=0.05		p<0.05	23.0	p<0.05	20.0	0.6389935125	1.1001287955
652	G	p<0.05	8.0	p<0.05	23.0	p<0.05	20.0	2.0120552	0.9550868154230768
653	A	p<0.05	8.0	p<0.05	23.0	p<0.05	20.0	1.0908050046153843	1.034110141153846
654	L	p>=0.05		p<0.05	23.0	p<0.05	20.0	0.6403177600000001	1.0341101411538465
655	L	p>=0.05		p>=0.05		p>=0.05		0.3932626	0.1913561144055943
656	L	-		-		-			
657	L	-		-		-			
658	L	-		-		-			
659	V	-		-		-			
660	V	p>=0.05		-		p>=0.05		0.1315528444444444	
661	A	p>=0.05		-		p>=0.05		0.800992925	
662	L	p>=0.05		-		p>=0.05		0.03579405	
663	G	-		-		-			
664	I	p>=0.05		-		p>=0.05		0.19564804	
665	G	-		-		-			
666	L	-		-		-			
667	F	-		-		-			
668	M	-		-		-			
669	R	-		-		-			
670	R	p>=0.05		-		p>=0.05		0.131749	
671	R	p>=0.05		-		p>=0.05		0.1412994	
672	H	p>=0.05		p>=0.05		p>=0.05		0.39901101	0.0342139096734693
673	I	p>=0.05		p>=0.05		p>=0.05		0.527263292	0.064669307292328
674	V	p>=0.05		p>=0.05		p>=0.05		0.4183365999999999	0.177539820703869
675	R	-		p>=0.05		p>=0.05			0.2976477236615646
676	K	p>=0.05		p>=0.05		p>=0.05		0.3241098666666667	0.119488115090136
677	R	p>=0.05		p>=0.05		p>=0.05		0.0184165312499999	0.1842873621324404
678	T	p>=0.05		p>=0.05		p>=0.05		0.9362639	0.0367974635799319
679	L	-		-		-			
680	R	p>=0.05		-		p>=0.05		0.6378820914285714	
681	R	-		-		-			
682	L	-		-		-			
683	L	-		-		-			
684	Q	-		-		-			
685	E	-		-		-			
686	R	p>=0.05		-		p>=0.05		0.56420338	
687	E	-		-		-			
688	L	-		-		-			
689	V	-		-		-			
690	E	-		-		-			
691	P	-		-		-			
692	L	-		-		-			
693	T	p>=0.05		-		p>=0.05		0.29433894	
694	P	-		-		-			
695	S	-		-		-			
696	G	-		-		-			
697	E	-		-		-			
698	A	-		-		-			
699	P	-		-		-			
700	N	-		-		-			
701	Q	-		-		-			
702	A	p>=0.05		-		p>=0.05		0.2157119666666666	
703	L	-		-		-			
704	L	-		-		-			
705	R	p>=0.05		p>=0.05		p>=0.05		0.5692576033333333	0.1692046570833334
706	I	p<0.05	12.0	-		p<0.05	38.0	2.419721025	
707	L	p>=0.05		p>=0.05		p>=0.05		0.5170060000000001	0.2745442071031745
708	K	p<0.05	1.0	p>=0.05		p<0.05	8.0	1.414568	0.2157654398809524
709	E	-		p>=0.05		p>=0.05			0.343867905
710	T	p<0.05	1.0	p>=0.05		p<0.05	8.0	1.1457534333333332	0.343867905
711	E	p>=0.05		-		p>=0.05		0.275686625	
712	F	-		-		-			
713	K	p>=0.05		-		p>=0.05		0.2882337666666666	
714	K	p>=0.05		-		p>=0.05		0.2760753333333333	
715	I	p>=0.05		-		p>=0.05		0.10959415	
716	K	p>=0.05		-		p>=0.05		0.234906175	
717	V	-		-		-			
718	L	-		-		-			
719	G	-		-		-			
720	S	p<0.05	9.0	-		p<0.05	25.0	1.5016666	
721	G	-		-		-			
722	A	-		-		-			
723	F	-		-		-			
724	G	p>=0.05		-		p>=0.05		0.1021664466666666	
725	T	-		-		-			
726	V	-		-		-			
727	Y	-		-		-			
728	K	-		-		-			
729	G	-		-		-			
730	L	-		-		-			
731	W	-		-		-			
732	I	-		-		-			
733	P	-		-		-			
734	E	-		p>=0.05		p>=0.05			0.32277404
735	G	p>=0.05		p<0.05	0.0	p<0.05	0.0	0.8642148000000001	0.97740946
736	E	p<0.05	22.0	p<0.05	0.0	p<0.05	0.0	1.09060412	0.4959110440000001
737	K	p<0.05	22.0	p<0.05	0.0	p<0.05	0.0	1.137925	0.8672790733333334
738	V	p>=0.05		p<0.05	0.0	p<0.05	0.0	0.3733081	0.7156725973333333
739	K	p>=0.05		-		p>=0.05		0.2543381	
740	I	p>=0.05		-		p>=0.05		0.2788134	
741	P	-		-		-			
742	V	-		-		-			
743	A	-		-		-			
744	I	p>=0.05		-		p>=0.05		0.00750292	
745	K	p>=0.05		-		p>=0.05		0.2213707	
746	E	-		-		-			
747	L	-		-		-			
748	R	-		-		-			
749	E	-		-		-			
750	A	-		-		-			
751	T	-		-		-			
752	S	-		-		-			
753	P	-		-		-			
754	K	-		-		-			
755	A	p>=0.05		-		p>=0.05		0.0731201	
756	N	-		-		-			
757	K	-		-		-			
758	E	-		-		-			
759	I	p>=0.05		-		p>=0.05		0.0353013749999999	
760	L	-		-		-			
761	D	-		-		-			
762	E	-		-		-			
763	A	-		-		-			
764	Y	-		-		-			
765	V	-		-		-			
766	M	-		-		-			
767	A	-		-		-			
768	S	p>=0.05		-		p>=0.05		0.9167645	
769	V	p>=0.05		p<0.05	10.0	p<0.05	15.0	0.9752335625	0.7522823274999999
770	D	p<0.05	18.0	p<0.05	10.0	p<0.05	15.0	1.808911225	1.097233004166667
771	N	p>=0.05		p>=0.05		p>=0.05		0.507554225	0.33174887622
772	P	p>=0.05		-		p>=0.05		0.068940915	
773	H	p>=0.05		-		p>=0.05		0.1666288161	
774	V	-		-		-			
775	C	-		-		-			
776	R	p>=0.05		-		p>=0.05		0.4156291	
777	L	-		-		-			
778	L	-		-		-			
779	G	-		-		-			
780	I	-		-		-			
781	C	-		p>=0.05		p>=0.05			0.0108295262471655
782	L	-		-		-			
783	T	-		-		-			
784	S	-		-		-			
785	T	-		-		-			
786	V	-		-		-			
787	Q	p>=0.05		-		p>=0.05		0.6783956333333333	
788	L	-		-		-			
789	I	-		-		-			
790	T	p>=0.05		-		p>=0.05		0.9769101	
791	Q	p>=0.05		p<0.05	0.0	p<0.05	0.0	0.9416168666666668	1.4310458066666667
792	L	-		-		-			
793	M	-		-		-			
794	P	p>=0.05		-		p>=0.05		0.0014686999999999	
795	F	-		-		-			
796	G	-		-		-			
797	C	-		-		-			
798	L	-		-		-			
799	L	-		-		-			
800	D	-		-		-			
801	Y	-		-		-			
802	V	p>=0.05		-		p>=0.05		0.4961419777777778	
803	R	-		-		-			
804	E	-		-		-			
805	H	-		p>=0.05		p>=0.05			0.1292387189267677
806	K	p>=0.05		p<0.05	11.0	p<0.05	3.0	0.9691475	0.6277752411111112
807	D	p<0.05	0.0	p<0.05	11.0	p<0.05	3.0	1.4952069666666667	0.8472663020000001
808	N	p>=0.05		p<0.05	11.0	p<0.05	3.0	0.8272713333333334	0.9233191030952382
809	I	p<0.05	0.0	p<0.05	11.0	p<0.05	3.0	1.29100255	1.2777896447619048
810	G	p<0.05	0.0	p<0.05	11.0	p<0.05	3.0	1.78052641	1.1221567348435375
811	S	p<0.05	0.0	p<0.05	11.0	p<0.05	3.0	2.8974226666666665	0.5868860555555556
812	Q	p>=0.05		p>=0.05		p>=0.05		0.7734760966666667	0.3205568979047618
813	Y	-		p<0.05	11.0	p<0.05	3.0		0.4683279142222221
814	L	-		-		-			
815	L	-		-		-			
816	N	-		-		-			
817	W	-		-		-			
818	C	-		-		-			
819	V	-		-		-			
820	Q	-		-		-			
821	I	-		-		-			
822	A	-		-		-			
823	K	-		-		-			
824	G	-		-		-			
825	M	-		-		-			
826	N	-		-		-			
827	Y	-		-		-			
828	L	-		-		-			
829	E	-		-		-			
830	D	p>=0.05		-		p>=0.05		0.1530827599999999	
831	R	-		-		-			
832	R	-		-		-			
833	L	-		-		-			
834	V	-		-		-			
835	H	p>=0.05		-		p>=0.05		0.6478888833333333	
836	R	-		-		-			
837	D	-		-		-			
838	L	-		-		-			
839	A	-		-		-			
840	A	-		-		-			
841	R	-		-		-			
842	N	-		-		-			
843	V	-		-		-			
844	L	p>=0.05		-		p>=0.05		0.0799388999999999	
845	V	p>=0.05		-		p>=0.05		0.1175736499999999	
846	K	-		-		-			
847	T	-		-		-			
848	P	-		-		-			
849	Q	-		-		-			
850	H	-		-		-			
851	V	-		-		-			
852	K	-		-		-			
853	I	-		-		-			
854	T	-		-		-			
855	D	-		-		-			
856	F	p>=0.05		-		p>=0.05		0.5640785	
857	G	p>=0.05		-		p>=0.05		0.6706327	
858	L	-		p>=0.05		p>=0.05			0.028972905
859	A	-		-		-			
860	K	-		-		-			
861	L	-		-		-			
862	L	p>=0.05		-		p>=0.05		0.8196683	
863	G	p<0.05	6.0	p>=0.05		p<0.05	37.0	1.052621	0.0790185033333332
864	A	p>=0.05		-		p>=0.05		0.3056781	
865	E	-		-		-			
866	E	-		-		-			
867	K	-		-		-			
868	E	-		-		-			
869	Y	-		-		-			
870	H	-		-		-			
871	A	p<0.05	5.0	-		p<0.05	13.0	1.06781375	
872	E	-		-		-			
873	G	-		-		-			
874	G	-		-		-			
875	K	-		-		-			
876	V	-		-		-			
877	P	p>=0.05		-		p>=0.05		0.2245082556666666	
878	I	-		-		-			
879	K	-		-		-			
880	W	-		-		-			
881	M	-		-		-			
882	A	-		-		-			
883	L	p>=0.05		-		p>=0.05		0.5292409	
884	E	-		-		-			
885	S	p>=0.05		-		p>=0.05		0.434291	
886	I	-		-		-			
887	L	-		-		-			
888	H	p>=0.05		-		p>=0.05		0.6745767	
889	R	-		p>=0.05		p>=0.05			0.0299045180555555
890	I	-		-		-			
891	Y	-		-		-			
892	T	-		-		-			
893	H	-		-		-			
894	Q	-		-		-			
895	S	-		-		-			
896	D	-		-		-			
897	V	-		-		-			
898	W	-		-		-			
899	S	-		-		-			
900	Y	-		-		-			
901	G	-		-		-			
902	V	-		-		-			
903	T	-		-		-			
904	V	-		-		-			
905	W	-		-		-			
906	E	p>=0.05		-		p>=0.05		0.1156482999999999	
907	L	-		-		-			
908	M	-		-		-			
909	T	p>=0.05		-		p>=0.05		0.4774179	
910	F	-		-		-			
911	G	-		-		-			
912	S	p>=0.05		p>=0.05		p>=0.05		0.76018405	0.1555944125
913	K	-		p>=0.05		p>=0.05			0.1120609499999999
914	P	-		p>=0.05		p>=0.05			0.11260019375
915	Y	p>=0.05		p>=0.05		p>=0.05		0.762341025	0.3468404037499999
916	D	p>=0.05		p>=0.05		p>=0.05		0.56429595	0.0710041316666666
917	G	-		p>=0.05		p>=0.05			0.1799733216666666
918	I	p>=0.05		p>=0.05		p>=0.05		0.20608824	0.3255652475
919	P	-		-		-			
920	A	-		-		-			
921	S	p>=0.05		-		p>=0.05		0.3397194	
922	E	-		-		-			
923	I	-		-		-			
924	S	-		-		-			
925	S	p>=0.05		-		p>=0.05		0.37248681	
926	I	p>=0.05		p>=0.05		p>=0.05		0.0150059766666666	0.3131008592261905
927	L	-		p<0.05	9.0	p<0.05	10.0		0.7127617070833334
928	E	p>=0.05		p<0.05	9.0	p<0.05	10.0	0.9038749333333334	0.4596634633333334
929	K	p>=0.05		p<0.05	9.0	p<0.05	10.0	0.5383928	0.8963868883333334
930	G	p<0.05	3.0	p<0.05	9.0	p<0.05	10.0	2.75040026	1.0726630706666669
931	E	p<0.05	3.0	p<0.05	9.0	p<0.05	10.0	2.99282736	1.3474625661111113
932	R	p<0.05	3.0	p<0.05	9.0	p<0.05	10.0	3.610329	2.19074472
933	L	-		p<0.05	9.0	p<0.05	10.0		1.7897034
934	P	-		-		-			
935	Q	-		-		-			
936	P	p>=0.05		-		p>=0.05		0.1075572	
937	P	p>=0.05		-		p>=0.05		0.2252946	
938	I	-		-		-			
939	C	-		-		-			
940	T	-		-		-			
941	I	-		-		-			
942	D	-		-		-			
943	V	-		-		-			
944	Y	-		-		-			
945	M	-		-		-			
946	I	-		-		-			
947	M	-		-		-			
948	V	-		-		-			
949	K	-		-		-			
950	C	-		-		-			
951	W	-		-		-			
952	M	p>=0.05		-		p>=0.05		0.19422404	
953	I	p>=0.05		p>=0.05		p>=0.05		0.4421255454545454	0.1857187827705627
954	D	-		-		-			
955	A	-		-		-			
956	D	-		-		-			
957	S	-		-		-			
958	R	-		-		-			
959	P	-		p>=0.05		p>=0.05			0.0450933986111111
960	K	p>=0.05		-		p>=0.05		0.2965644	
961	F	-		-		-			
962	R	-		-		-			
963	E	p>=0.05		-		p>=0.05		0.0905745666666666	
964	L	-		-		-			
965	I	-		-		-			
966	I	p>=0.05		-		p>=0.05		0.3688838866666666	
967	E	p>=0.05		-		p>=0.05		0.21113102	
968	F	p>=0.05		p>=0.05		p>=0.05		0.191698825	0.0102762185416666
969	S	-		p>=0.05		p>=0.05			0.0281392247619047
970	K	-		p>=0.05		p>=0.05			0.1465702423333333
971	M	-		-		-			
972	A	p>=0.05		-		p>=0.05		0.7046557	
973	R	-		p>=0.05		p>=0.05			0.0218295941666666
974	D	-		p>=0.05		p>=0.05			0.1457506494444444
975	P	-		p<0.05	11.0	p<0.05	3.0		0.5498408577460316
976	Q	p>=0.05		p>=0.05		p>=0.05		0.7145259	0.0225325404427001
977	R	p>=0.05		-		p>=0.05		0.29251002	
978	Y	p>=0.05		-		p>=0.05		0.4031650597142857	
979	L	-		-		-			
980	V	p>=0.05		-		p>=0.05		0.2343349453846153	
981	I	p>=0.05		-		p>=0.05		0.839904344	
982	Q	-		p>=0.05		p>=0.05			0.2147461646666666
983	G	-		p<0.05	11.0	p<0.05	3.0		0.7581715484166667
984	D	p>=0.05		p<0.05	11.0	p<0.05	3.0	0.49509	0.9938142937482995
985	E	p>=0.05		p<0.05	11.0	p<0.05	3.0	0.884603972	1.256756288059524
986	R	p<0.05	0.0	p<0.05	11.0	p<0.05	3.0	2.343748071666667	1.109296080447619
987	M	p<0.05	0.0	p<0.05	11.0	p<0.05	3.0	1.303583108571429	1.1806600869464288
988	H	p>=0.05		p<0.05	11.0	p<0.05	3.0	0.51945525	1.3889288100793653
989	L	-		p<0.05	11.0	p<0.05	3.0		0.6733632916666668
990	P	-		-		-			
991	S	-		p<0.05	27.0	p<0.05	19.0		0.4660059083333333
992	P	-		p<0.05	27.0	p<0.05	19.0		0.4660059083333333
993	T	p>=0.05		p<0.05	27.0	p<0.05	19.0	0.5712404666666667	0.4660059083333333
994	D	p>=0.05		p<0.05	27.0	p<0.05	19.0	0.36077135	0.4427388138888888
995	S	p>=0.05		p>=0.05		p>=0.05		0.396204625	0.3255277338888889
996	N	p>=0.05		p>=0.05		p>=0.05		0.3335634333333333	0.3301023238888889
997	F	p>=0.05		p>=0.05		p>=0.05		0.01847655	0.4172705643518519
998	Y	p>=0.05		p<0.05	0.0	p<0.05	0.0	0.5186227111111111	0.487411748015873
999	R	p>=0.05		p<0.05	0.0	p<0.05	0.0	0.3836443	0.6180434277777778
1000	A	p>=0.05		p<0.05	0.0	p<0.05	0.0	0.8531117666666667	0.797287010770975
1001	L	p>=0.05		p<0.05	0.0	p<0.05	0.0	0.90825885	0.9270887542328042
1002	M	p<0.05	4.0	p<0.05	0.0	p<0.05	0.0	1.3106263833333334	1.1332383982142855
1003	D	p<0.05	4.0	p<0.05	0.0	p<0.05	0.0	1.5882685142857145	1.2831572178571429
1004	E	p<0.05	4.0	p<0.05	0.0	p<0.05	0.0	1.755520575	2.239475294523809
1005	E	p<0.05	4.0	p<0.05	0.0	p<0.05	0.0	3.05774	2.766160525
1006	D	p<0.05	4.0	p<0.05	0.0	p<0.05	0.0	3.485221	2.35746257375
1007	M	p<0.05	4.0	p<0.05	0.0	p<0.05	0.0	1.13136872	1.4258747966666667
1008	D	p>=0.05		p<0.05	0.0	p<0.05	0.0	0.3647218	0.7394260622222223
1009	D	p>=0.05		p<0.05	0.0	p<0.05	0.0	0.7221876666666667	0.6478965716666667
1010	V	-		p<0.05	0.0	p<0.05	0.0		1.5428027266666666
1011	V	p<0.05	10.0	p<0.05	0.0	p<0.05	0.0	6.085366366666666	5.018050255555555
1012	D	p<0.05	10.0	p<0.05	0.0	p<0.05	0.0	8.689971	6.734350448333333
1013	A	p<0.05	10.0	p<0.05	0.0	p<0.05	0.0	9.030996666666669	4.076053935952381
1014	D	p<0.05	10.0	p<0.05	0.0	p<0.05	0.0	4.709063325000001	3.941252290714286
1015	E	p<0.05	10.0	p<0.05	0.0	p<0.05	0.0	5.156354883333334	3.941252290714286
1016	Y	p>=0.05		p<0.05	0.0	p<0.05	0.0	0.21495675	3.1497991725000003
1017	L	-		p<0.05	0.0	p<0.05	0.0		3.1497991725
1018	I	-		p<0.05	0.0	p<0.05	0.0		1.760864661388889
1019	P	-		p<0.05	0.0	p<0.05	0.0		1.9505832777777776
1020	Q	p>=0.05		p<0.05	0.0	p<0.05	0.0	0.6973895999999999	0.4431595716666666
1021	Q	p>=0.05		p<0.05	0.0	p<0.05	0.0	0.7728159	0.538949698452381
1022	G	p>=0.05		p<0.05	0.0	p<0.05	0.0	0.3044274366666667	0.5048351467619048
1023	F	p>=0.05		p<0.05	0.0	p<0.05	0.0	0.3811658571428571	0.4212848564285715
1024	F	p>=0.05		p>=0.05		p>=0.05		0.36837694	0.3334020955357143
1025	S	p>=0.05		p>=0.05		p>=0.05		0.2796381483333333	0.3727629447023809
1026	S	p>=0.05		p>=0.05		p>=0.05		0.4618708333333333	0.4129698716666667
1027	P	-		p<0.05	4.0	p<0.05	6.0		0.4796357333333333
1028	S	p>=0.05		p<0.05	4.0	p<0.05	6.0	0.4974006333333333	0.7436011555555556
1029	T	p<0.05	2.0	p<0.05	4.0	p<0.05	6.0	1.271532	0.7336169711111111
1030	S	p>=0.05		p<0.05	4.0	p<0.05	6.0	0.43191828	0.5956030405555556
1031	R	p>=0.05		-		p>=0.05		0.0833588416666666	
1032	T	-		-		-			
1033	P	-		-		-			
1034	L	-		p>=0.05		p>=0.05			0.0652693233333333
1035	L	p>=0.05		p>=0.05		p>=0.05		0.3362727	0.2592383455555556
1036	S	p>=0.05		-		p>=0.05		0.5126865666666667	
1037	S	-		-		-			
1038	L	-		-		-			
1039	S	-		-		-			
1040	A	-		p<0.05	21.0	p<0.05	11.0		0.8671835666666666
1041	T	p>=0.05		p<0.05	21.0	p<0.05	11.0	0.8671835666666666	0.5156150761904762
1042	S	p>=0.05		p>=0.05		p>=0.05		0.1640465857142857	0.1696380063492063
1043	N	-		-		-			
1044	N	p>=0.05		-		p>=0.05		0.1120192	
1045	S	p>=0.05		p>=0.05		p>=0.05		0.3132178333333333	0.1605493052777777
1046	T	p>=0.05		p>=0.05		p>=0.05		0.0564108825	0.2591229969444444
1047	V	p>=0.05		p>=0.05		p>=0.05		0.407740275	0.177428119537037
1048	A	p>=0.05		p>=0.05		p>=0.05		0.0681332011111111	0.3021618837037036
1049	C	p>=0.05		p>=0.05		p>=0.05		0.430612175	0.2483108777513227
1050	I	p>=0.05		p>=0.05		p>=0.05		0.2461872571428571	0.0775421425661376
1051	D	-		-		-			
1052	R	p>=0.05		-		p>=0.05		0.0005064899999999	
1053	N	-		-		-			
1054	G	-		-		-			
1055	L	-		-		-			
1056	Q	-		-		-			
1057	S	-		-		-			
1058	C	p>=0.05		-		p>=0.05		0.60297075	
1059	P	-		p<0.05	28.0	p<0.05	32.0		0.4477642233333332
1060	I	p>=0.05		p>=0.05		p>=0.05		0.8134462	0.3924861288888888
1061	K	p>=0.05		p<0.05	6.0	p<0.05	4.0	0.4371364666666666	0.5610084888888889
1062	E	p>=0.05		p<0.05	6.0	p<0.05	4.0	0.4324428	0.4647656138888889
1063	D	p>=0.05		p<0.05	6.0	p<0.05	4.0	0.5247175749999999	0.4235276976666666
1064	S	p>=0.05		p>=0.05		p>=0.05		0.313422718	0.0797927443333333
1065	F	-		-		-			
1066	L	-		-		-			
1067	Q	p>=0.05		-		p>=0.05		0.1522033	
1068	R	-		-		-			
1069	Y	-		-		-			
1070	S	-		-		-			
1071	S	p>=0.05		-		p>=0.05		0.7134302	
1072	D	-		-		-			
1073	P	p>=0.05		p>=0.05		p>=0.05		0.7380601999999999	0.1965204135416666
1074	T	p>=0.05		p>=0.05		p>=0.05		0.3990537374999999	0.2035229541666666
1075	G	-		p>=0.05		p>=0.05			0.2781088010416666
1076	A	p>=0.05		p>=0.05		p>=0.05		0.2315331166666666	0.2424772260416666
1077	L	p>=0.05		p>=0.05		p>=0.05		0.5955339	0.2977958055555555
1078	T	p>=0.05		p>=0.05		p>=0.05		0.0663204	0.1605704275
1079	E	-		-		-			
1080	D	p>=0.05		p>=0.05		p>=0.05		0.113724112	0.1606654248333333
1081	S	p>=0.05		-		p>=0.05		0.54841518	
1082	I	-		-		-			
1083	D	-		-		-			
1084	D	-		-		-			
1085	T	p>=0.05		-		p>=0.05		0.38991764	
1086	F	-		-		-			
1087	L	-		-		-			
1088	P	-		-		-			
1089	V	-		-		-			
1090	P	p>=0.05		p>=0.05		p>=0.05		0.3732449666666667	0.1749427888888889
1091	E	p>=0.05		p>=0.05		p>=0.05		0.6033107	0.0092864555555555
1092	Y	-		-		-			
1093	I	-		-		-			
1094	N	-		-		-			
1095	Q	-		p>=0.05		p>=0.05			0.1662516
1096	S	p>=0.05		p>=0.05		p>=0.05		0.1662516	0.337373
1097	V	p>=0.05		p>=0.05		p>=0.05		0.5084944	0.337373
1098	P	-		p<0.05	16.0	p<0.05	39.0		0.5084944
1099	K	-		-		-			
1100	R	-		-		-			
1101	P	-		-		-			
1102	A	-		p<0.05	12.0	p<0.05	7.0		0.7423389
1103	G	p>=0.05		p<0.05	12.0	p<0.05	7.0	0.7423389	0.5649689
1104	S	p>=0.05		p<0.05	12.0	p<0.05	7.0	0.3875989	0.5930795999999999
1105	V	p>=0.05		p<0.05	12.0	p<0.05	7.0	0.649301	0.51844995
1106	Q	-		p<0.05	12.0	p<0.05	7.0		0.649301
1107	N	-		-		-			
1108	P	-		-		-			
1109	V	-		-		-			
1110	Y	-		-		-			
1111	H	-		-		-			
1112	N	-		-		-			
1113	Q	-		-		-			
1114	P	-		p<0.05	13.0	p<0.05	9.0		0.50885885
1115	L	p>=0.05		p<0.05	13.0	p<0.05	9.0	0.50885885	0.50885885
1116	N	-		p<0.05	13.0	p<0.05	9.0		0.50885885
1117	P	-		p>=0.05		p>=0.05			0.05307425
1118	A	p>=0.05		p>=0.05		p>=0.05		0.05307425	0.05307425
1119	P	-		p>=0.05		p>=0.05			0.3035763916666666
1120	S	p>=0.05		p>=0.05		p>=0.05		0.5540785333333333	0.20080025
1121	R	-		p>=0.05		p>=0.05			0.0171528333333333
1122	D	-		-		-			
1123	P	-		-		-			
1124	H	-		-		-			
1125	Y	-		-		-			
1126	Q	-		p>=0.05		p>=0.05			0.08576833875
1127	D	p>=0.05		p<0.05	7.0	p<0.05	35.0	0.50997645	0.50997645
1128	P	-		p<0.05	7.0	p<0.05	35.0		0.50997645
1129	H	-		p>=0.05		p>=0.05			0.3534278775
1130	S	p>=0.05		p>=0.05		p>=0.05		0.3534278775	0.3534278775
1131	T	-		p>=0.05		p>=0.05			0.39190376375
1132	A	p>=0.05		p>=0.05		p>=0.05		0.43037965	0.35986508
1133	V	p>=0.05		p>=0.05		p>=0.05		0.28935051	0.3095609513333333
1134	G	p>=0.05		p>=0.05		p>=0.05		0.208952694	0.249151602
1135	N	-		p>=0.05		p>=0.05			0.208952694
1136	P	-		p>=0.05		p>=0.05			0.1902907666666666
1137	E	p>=0.05		-		p>=0.05		0.1902907666666666	
1138	Y	-		-		-			
1139	L	-		-		-			
1140	N	-		-		-			
1141	T	-		-		-			
1142	V	-		-		-			
1143	Q	-		-		-			
1144	P	-		-		-			
1145	T	-		p>=0.05		p>=0.05			0.17484176
1146	C	p>=0.05		p>=0.05		p>=0.05		0.17484176	0.2583699871428572
1147	V	p>=0.05		p>=0.05		p>=0.05		0.3418982142857143	0.2583699871428572
1148	N	-		p>=0.05		p>=0.05			0.4020161196428571
1149	S	p>=0.05		p<0.05	19.0	p<0.05	24.0	0.462134025	0.462134025
1150	T	-		p>=0.05		p>=0.05			0.2878841458333333
1151	F	p>=0.05		p>=0.05		p>=0.05		0.1136342666666666	0.0213768583333333
1152	D	-		p>=0.05		p>=0.05			0.1000267611111111
1153	S	p>=0.05		p>=0.05		p>=0.05		0.2573265666666666	0.0932230083333333
1154	P	-		p>=0.05		p>=0.05			0.0273666458333333
1155	A	-		-		-			
1156	H	-		p>=0.05		p>=0.05			0.1204949125
1157	W	p>=0.05		p>=0.05		p>=0.05		0.4435831	0.1234299
1158	A	-		p>=0.05		p>=0.05			0.1234299
1159	Q	-		-		-			
1160	K	-		p<0.05	24.0	p<0.05	14.0		0.6098971666666667
1161	G	p>=0.05		p<0.05	24.0	p<0.05	14.0	0.6098971666666667	0.6959484833333334
1162	S	p>=0.05		p<0.05	24.0	p<0.05	14.0	0.7819998	0.6959484833333334
1163	H	-		p<0.05	24.0	p<0.05	14.0		0.7819998
1164	Q	-		p<0.05	24.0	p<0.05	14.0		0.9000211
1165	I	p>=0.05		p<0.05	24.0	p<0.05	14.0	0.9000211	0.5606901
1166	S	p>=0.05		p<0.05	24.0	p<0.05	14.0	0.2213591	0.4344685
1167	L	p>=0.05		p>=0.05		p>=0.05		0.1820253	0.0724404583333333
1168	D	-		-		-			
1169	N	-		-		-			
1170	P	-		p<0.05	22.0	p<0.05	34.0		0.5436369
1171	D	p>=0.05		-		p>=0.05		0.5436369	
1172	Y	-		-		-			
1173	Q	-		-		-			
1174	Q	p>=0.05		-		p>=0.05		0.8262495	
1175	D	p>=0.05		p>=0.05		p>=0.05		0.6855504666666667	0.3695682505555555
1176	F	-		-		-			
1177	F	-		-		-			
1178	P	-		-		-			
1179	K	-		p<0.05	8.0	p<0.05	26.0		0.5542803999999999
1180	E	p>=0.05		p>=0.05		p>=0.05		0.5542803999999999	0.3034127499999999
1181	A	p>=0.05		p>=0.05		p>=0.05		0.0525450999999999	0.3034127499999999
1182	K	-		p>=0.05		p>=0.05			0.0525450999999999
1183	P	-		-		-			
1184	N	-		p>=0.05		p>=0.05			0.06467406
1185	G	p>=0.05		p>=0.05		p>=0.05		0.06467406	0.3096010299999999
1186	I	p>=0.05		p>=0.05		p>=0.05		0.5545279999999999	0.4161835088888888
1187	F	p>=0.05		p<0.05	3.0	p<0.05	17.0	0.6293484666666667	0.5919382333333333
1188	K	-		p<0.05	3.0	p<0.05	17.0		0.5899988733333332
1189	G	p>=0.05		p<0.05	3.0	p<0.05	17.0	0.5506492799999999	0.7601129899999999
1190	S	p>=0.05		p<0.05	3.0	p<0.05	17.0	0.9695767	0.7601129899999999
1191	T	-		p<0.05	3.0	p<0.05	17.0		0.8256204
1192	A	p>=0.05		p<0.05	3.0	p<0.05	17.0	0.6816641000000001	0.46759865
1193	E	p>=0.05		p<0.05	3.0	p<0.05	17.0	0.2535332	0.46759865
1194	N	-		p>=0.05		p>=0.05			0.2535332
1195	A	-		p>=0.05		p>=0.05			0.2535332
1196	E	-		-		-			
1197	Y	-		-		-			
1198	L	-		-		-			
1199	R	-		-		-			
1200	V	-		-		-			
1201	A	-		-		-			
1202	P	-		-		-			
1203	Q	-		p>=0.05		p>=0.05			0.08730014
1204	S	p>=0.05		-		p>=0.05		0.08730014	
1205	S	-		-		-			
1206	E	-		-		-			
1207	F	p>=0.05		-		p>=0.05		0.2765737	
1208	I	p>=0.05		p>=0.05		p>=0.05		0.4804813	0.0770540777777777
1209	G	-		-		-			
1210	A	-		-		-			
