unipos	unires	AKT1_Pict LFC hit	AKT1_Pict LFC hit cluster	AKT1_Pict LFC3D hit	AKT1_Pict LFC3D hit cluster	AKT1_Pict union hit	AKT1_Pict union hit cluster	AKT1_Pict_LFC	AKT1_Pict_LFC3D
1	M	-		-		-			
2	S	-		-		-			
3	D	-		-		-			
4	V	-		-		-			
5	A	p>=0.05		-		p>=0.05		0.1570527600035206	
6	I	-		p>=0.05		p>=0.05			0.1920542990022231
7	V	p>=0.05		p>=0.05		p>=0.05		0.52111110551532	0.0149769870015189
8	K	p>=0.05		p<0.05	2.0	p<0.05	2.0	0.468656885389666	0.3174027530537058
9	E	p>=0.05		p<0.05	2.0	p<0.05	2.0	0.783795030260934	0.6424843899110627
10	G	p<0.05	3.0	p<0.05	2.0	p<0.05	2.0	1.27497252000347	0.6756562491151583
11	W	p>=0.05		p<0.05	2.0	p<0.05	2.0	0.7083905	0.6030848985520697
12	L	-		-		-			
13	H	-		-		-			
14	K	-		-		-			
15	R	-		p>=0.05		p>=0.05			0.1568468592047772
16	G	-		p<0.05	1.0	p<0.05	1.0		0.3429351123571428
17	E	-		-		-			
18	Y	-		-		-			
19	I	-		p<0.05	1.0	p<0.05	1.0		0.3429351123571428
20	K	p>=0.05		p<0.05	1.0	p<0.05	1.0	1.169335	0.7197988041666666
21	T	p>=0.05		p<0.05	1.0	p<0.05	1.0	1.169335	0.7197988041666666
22	W	-		-		-			
23	R	-		-		-			
24	P	-		-		-			
25	R	p>=0.05		p<0.05	2.0	p<0.05	2.0	0.1808240142048086	0.2997135236945101
26	Y	p>=0.05		p<0.05	2.0	p<0.05	2.0	0.24815256	0.5637575046076644
27	F	p>=0.05		p<0.05	2.0	p<0.05	2.0	0.3629706353113874	0.4597142206942746
28	L	p>=0.05		p<0.05	2.0	p<0.05	2.0	0.322026878589856	0.3800722091552422
29	L	p>=0.05		p<0.05	2.0	p<0.05	2.0	0.4393148774359424	0.2885339578217974
30	K	-		p>=0.05		p>=0.05			0.0596791826360388
31	N	-		-		-			
32	D	-		-		-			
33	G	p>=0.05		-		p>=0.05		0.1914623847790715	
34	T	p>=0.05		p>=0.05		p>=0.05		0.5538726	0.0892605868185067
35	F	p>=0.05		-		p>=0.05		0.6059581333333334	
36	I	-		p>=0.05		p>=0.05			0.2525100467822637
37	G	-		p>=0.05		p>=0.05			0.2216046134012103
38	Y	p>=0.05		p<0.05	2.0	p<0.05	2.0	0.45591155	0.2754669427684523
39	K	p>=0.05		p<0.05	2.0	p<0.05	2.0	0.2381476284575487	0.3232480170880863
40	E	p>=0.05		p<0.05	2.0	p<0.05	2.0	0.418108875689988	0.4442099991598395
41	R	p>=0.05		p<0.05	2.0	p<0.05	2.0	0.8607293816516607	0.5089969391138829
42	P	-		p>=0.05		p>=0.05			0.0326272708369088
43	Q	-		-		-			
44	D	-		-		-			
45	V	-		p>=0.05		p>=0.05			0.0242825519937056
46	D	p>=0.05		p>=0.05		p>=0.05		0.362566815035575	0.1315353204596375
47	Q	-		p>=0.05		p>=0.05			0.1315353204596375
48	R	p>=0.05		p<0.05	2.0	p<0.05	2.0	0.453293625857433	0.5039564337719177
49	E	p>=0.05		p<0.05	2.0	p<0.05	2.0	0.696008860422745	0.574651243140089
50	A	-		p<0.05	2.0	p<0.05	2.0		0.4320322154160131
51	P	p>=0.05		p<0.05	2.0	p<0.05	2.0	0.1680555704092813	0.3036304994233717
52	L	p>=0.05		p<0.05	2.0	p<0.05	2.0	0.219068400617539	0.319327746205364
53	N	p>=0.05		p>=0.05		p>=0.05		0.3714864766666667	0.1222457208971651
54	N	p>=0.05		-		p>=0.05		0.0862504567923387	
55	F	-		-		-			
56	S	-		-		-			
57	V	-		p>=0.05		p>=0.05			0.0495612246679275
58	A	p>=0.05		p>=0.05		p>=0.05		0.5317567579442315	0.1138157497153664
59	Q	p>=0.05		p<0.05	15.0	p<0.05	15.0	0.4993429	0.3810951694273441
60	C	p>=0.05		p>=0.05		p>=0.05		0.3773097393692819	0.1673918807759468
61	Q	-		p>=0.05		p>=0.05			0.1291807090808457
62	L	p>=0.05		p>=0.05		p>=0.05		0.2095999875	0.0704465277889021
63	M	-		p<0.05	4.0	p<0.05	4.0		0.3283536171857276
64	K	p>=0.05		p<0.05	4.0	p<0.05	4.0	0.6944137666666667	0.3947331974383143
65	T	p>=0.05		p>=0.05		p>=0.05		0.5715595367791648	0.234039634179082
66	E	-		p>=0.05		p>=0.05			0.1312797924061029
67	R	-		-		-			
68	P	-		-		-			
69	R	-		-		-			
70	P	-		p>=0.05		p>=0.05			0.2544788597773625
71	N	p>=0.05		-		p>=0.05		0.4019683125115776	
72	T	p>=0.05		p>=0.05		p>=0.05		0.495527	0.1831450425976026
73	F	p>=0.05		p<0.05	4.0	p<0.05	4.0	0.4553933888888889	0.3430878955058766
74	I	p>=0.05		p>=0.05		p>=0.05		0.4247948454545455	0.018725299730521
75	I	p>=0.05		-		p>=0.05		0.1294067285714285	
76	R	p>=0.05		-		p>=0.05		0.1987221099635181	
77	C	-		-		-			
78	L	-		-		-			
79	Q	-		-		-			
80	W	p>=0.05		p>=0.05		p>=0.05		0.53317675	0.05816404625
81	T	p>=0.05		p>=0.05		p>=0.05		0.6518541	0.05816404625
82	T	p>=0.05		-		p>=0.05		0.365265335	
83	V	p>=0.05		-		p>=0.05		0.2596003935591627	
84	I	-		-		-			
85	E	-		-		-			
86	R	-		-		-			
87	T	-		-		-			
88	F	-		-		-			
89	H	-		-		-			
90	V	-		-		-			
91	E	-		-		-			
92	T	-		-		-			
93	P	-		-		-			
94	E	-		-		-			
95	E	-		-		-			
96	R	p>=0.05		-		p>=0.05		0.3245644874290845	
97	E	-		-		-			
98	E	p>=0.05		-		p>=0.05		0.1990114	
99	W	p>=0.05		p>=0.05		p>=0.05		0.019498375	0.1052200144677463
100	T	-		p>=0.05		p>=0.05			0.1979007266866397
101	T	p>=0.05		p>=0.05		p>=0.05		0.1289493009512821	0.2023032883155391
102	A	p>=0.05		p<0.05	10.0	p<0.05	10.0	0.1753731367132356	0.2796227729937635
103	I	p>=0.05		p>=0.05		p>=0.05		0.753985	0.2024660223466692
104	Q	p>=0.05		p>=0.05		p>=0.05		0.3553824188313806	0.238020026550911
105	T	p>=0.05		p>=0.05		p>=0.05		0.7402477927475702	0.2536015587794294
106	V	-		p>=0.05		p>=0.05			0.0725495586726828
107	A	p>=0.05		p>=0.05		p>=0.05		0.1159712803958632	0.2105622025332627
108	D	p>=0.05		p>=0.05		p>=0.05		0.1548501622976159	0.0068137820202022
109	G	-		-		-			
110	L	p>=0.05		-		p>=0.05		0.5651020617801547	
111	K	-		-		-			
112	K	-		-		-			
113	Q	-		-		-			
114	E	p>=0.05		-		p>=0.05		0.0050891850362229	
115	E	p>=0.05		-		p>=0.05		0.4791011814119544	
116	E	p>=0.05		-		p>=0.05		0.6980465016965866	
117	E	p>=0.05		p<0.05	11.0	p<0.05	11.0	0.460790693629404	0.2805076423534733
118	M	p>=0.05		p>=0.05		p>=0.05		0.155921865391112	0.1297408225746791
119	D	-		-		-			
120	F	-		-		-			
121	R	-		-		-			
122	S	-		-		-			
123	G	-		-		-			
124	S	-		-		-			
125	P	-		-		-			
126	S	-		-		-			
127	D	-		-		-			
128	N	-		-		-			
129	S	-		-		-			
130	G	p>=0.05		-		p>=0.05		0.1153944852488227	
131	A	-		p>=0.05		p>=0.05			0.0049744645640659
132	E	p>=0.05		-		p>=0.05		0.486573251410242	
133	E	-		p>=0.05		p>=0.05			0.0196199669910916
134	M	-		p>=0.05		p>=0.05			0.0457721060642949
135	E	p>=0.05		p>=0.05		p>=0.05		0.271967658538646	0.0937322345693875
136	V	p>=0.05		p<0.05	12.0	p<0.05	12.0	0.386073	0.3480378861795487
137	S	p>=0.05		p<0.05	12.0	p<0.05	12.0	0.386073	0.6077800043869581
138	L	p<0.05	4.0	p<0.05	12.0	p<0.05	12.0	1.37312175442614	0.7936197877987149
139	A	p>=0.05		p<0.05	12.0	p<0.05	12.0	0.6216646089700045	0.6079250908490361
140	K	p>=0.05		p<0.05	12.0	p<0.05	12.0	0.050841	0.4961317898652993
141	P	p>=0.05		p<0.05	12.0	p<0.05	12.0	0.8158897606258935	0.5779655033453029
142	K	p>=0.05		p<0.05	12.0	p<0.05	12.0	0.63151405	0.7380327955072389
143	H	p>=0.05		p<0.05	12.0	p<0.05	12.0	0.813617202755318	0.7380327955072388
144	R	p>=0.05		p<0.05	12.0	p<0.05	12.0	0.691110168647744	0.6356968178507656
145	V	p>=0.05		p<0.05	12.0	p<0.05	12.0	0.40654585	0.548828009323872
146	T	-		-		-			
147	M	-		-		-			
148	N	p>=0.05		-		p>=0.05		0.041159	
149	E	-		-		-			
150	F	p>=0.05		-		p>=0.05		0.48781705	
151	E	p>=0.05		p>=0.05		p>=0.05		0.3012512	0.1320187097011068
152	Y	p>=0.05		p>=0.05		p>=0.05		0.1776297914285714	0.079093329478029
153	L	p>=0.05		p>=0.05		p>=0.05		0.202147	0.231911605493268
154	K	p>=0.05		p<0.05	3.0	p<0.05	3.0	0.512386075	0.4272060623885559
155	L	-		p<0.05	3.0	p<0.05	3.0		0.4365889325263896
156	L	-		p<0.05	3.0	p<0.05	3.0		0.4422152128806303
157	G	p>=0.05		p<0.05	3.0	p<0.05	3.0	0.7149698151055586	0.3306497701241953
158	K	p>=0.05		p<0.05	3.0	p<0.05	3.0	0.5922470140984554	0.4187355251879883
159	G	p>=0.05		p<0.05	3.0	p<0.05	3.0	0.7133429465479394	0.7212384109080117
160	T	p>=0.05		p<0.05	3.0	p<0.05	3.0	0.5452279521975056	0.7534862601104008
161	F	p>=0.05		p<0.05	3.0	p<0.05	3.0	0.81405145	0.6207096380883206
162	G	p>=0.05		p<0.05	3.0	p<0.05	3.0	0.941322691696158	0.4262323382681721
163	K	-		p<0.05	3.0	p<0.05	3.0		0.3984161135361052
164	V	p>=0.05		p>=0.05		p>=0.05		0.5348911964169627	0.191611994660171
165	I	p>=0.05		p>=0.05		p>=0.05		0.36224134	0.2655583478462077
166	L	p>=0.05		p>=0.05		p>=0.05		0.6320498345542237	0.2034352604060134
167	V	-		p<0.05	9.0	p<0.05	9.0		0.2808641200218366
168	K	p>=0.05		p>=0.05		p>=0.05		0.0580501805934179	0.1606301838908233
169	E	-		-		-			
170	K	p>=0.05		-		p>=0.05		0.3566426	
171	A	-		-		-			
172	T	-		-		-			
173	G	p>=0.05		-		p>=0.05		0.327195342204141	
174	R	p>=0.05		p>=0.05		p>=0.05		0.134995320361938	0.0438275432260173
175	Y	p>=0.05		p>=0.05		p>=0.05		0.7476077	0.1723755049151344
176	Y	p>=0.05		-		p>=0.05		0.2858789971367712	
177	A	-		-		-			
178	M	-		p>=0.05		p>=0.05			0.1044380663440596
179	K	p>=0.05		p>=0.05		p>=0.05		0.1254038999999999	0.0306108978982267
180	I	p>=0.05		p>=0.05		p>=0.05		0.2256958524356021	0.1207092753421477
181	L	p>=0.05		p<0.05	3.0	p<0.05	3.0	0.08960315	0.364221034999894
182	K	p>=0.05		p>=0.05		p>=0.05		0.51230618	0.2482888288052268
183	K	p>=0.05		p>=0.05		p>=0.05		0.304918444481128	0.2244248960624242
184	E	p>=0.05		p<0.05	7.0	p<0.05	7.0	0.0683401074685467	0.3172835757353356
185	V	p>=0.05		p<0.05	7.0	p<0.05	7.0	0.4418272282809435	0.3878204146630272
186	I	p>=0.05		p<0.05	7.0	p<0.05	7.0	0.2541948756278058	0.2857883062037666
187	V	p>=0.05		p<0.05	7.0	p<0.05	7.0	0.3221146185535898	0.2773802510801735
188	A	p>=0.05		p<0.05	7.0	p<0.05	7.0	0.8110414482291761	0.3122202750154447
189	K	p>=0.05		p<0.05	7.0	p<0.05	7.0	0.0796907	0.2926511823762726
190	D	-		p>=0.05		p>=0.05			0.2445444798961047
191	E	p>=0.05		p>=0.05		p>=0.05		0.324412672445911	0.0302903251850846
192	V	-		-		-			
193	A	p>=0.05		-		p>=0.05		0.0796065744355533	
194	H	-		-		-			
195	T	-		p>=0.05		p>=0.05			0.0238655492701604
196	L	-		p>=0.05		p>=0.05			0.1154933120206178
197	T	p>=0.05		p>=0.05		p>=0.05		0.5020523	0.0177326166308523
198	E	p>=0.05		-		p>=0.05		0.5719834333333333	
199	N	p>=0.05		-		p>=0.05		0.606949	
200	R	-		-		-			
201	V	-		p>=0.05		p>=0.05			0.0027577278241944
202	L	-		-		-			
203	Q	-		-		-			
204	N	-		-		-			
205	S	p>=0.05		-		p>=0.05		0.93693780350512	
206	R	-		-		-			
207	H	-		-		-			
208	P	-		-		-			
209	F	-		-		-			
210	L	-		-		-			
211	T	p>=0.05		-		p>=0.05		0.2176555872112415	
212	A	-		-		-			
213	L	-		-		-			
214	K	p>=0.05		-		p>=0.05		0.1710438	
215	Y	-		-		-			
216	S	-		-		-			
217	F	p>=0.05		-		p>=0.05		0.20568962	
218	Q	p>=0.05		p>=0.05		p>=0.05		0.5647094	0.2111293597357728
219	T	p>=0.05		p<0.05	8.0	p<0.05	8.0	0.6150822675506205	0.4164682808258331
220	H	p>=0.05		p<0.05	8.0	p<0.05	8.0	0.9131623	0.4816313805094743
221	D	-		p<0.05	8.0	p<0.05	8.0		0.3645100897220587
222	R	p>=0.05		p>=0.05		p>=0.05		0.0727378626007425	0.2462296171096312
223	L	-		p>=0.05		p>=0.05			0.1268838788832697
224	C	-		p>=0.05		p>=0.05			0.0730510033228087
225	F	p>=0.05		-		p>=0.05		0.0013926699999999	
226	V	p>=0.05		-		p>=0.05		0.1553557168853953	
227	M	-		-		-			
228	E	-		-		-			
229	Y	-		-		-			
230	A	-		-		-			
231	N	-		-		-			
232	G	-		-		-			
233	G	-		-		-			
234	E	p>=0.05		-		p>=0.05		0.59690425	
235	L	-		-		-			
236	F	-		-		-			
237	F	-		-		-			
238	H	-		-		-			
239	L	-		-		-			
240	S	-		-		-			
241	R	-		-		-			
242	E	-		-		-			
243	R	-		-		-			
244	V	-		-		-			
245	F	-		-		-			
246	S	p>=0.05		p>=0.05		p>=0.05		0.2692846333333333	0.0239947256879
247	E	p>=0.05		p>=0.05		p>=0.05		0.3837273914728319	0.2544683507274608
248	D	-		p>=0.05		p>=0.05			0.2544683507274608
249	R	-		p<0.05	0.0	p<0.05	0.0		0.3639255178045554
250	A	p>=0.05		p<0.05	0.0	p<0.05	0.0	0.6262715162749632	0.3426526364190716
251	R	p>=0.05		p<0.05	0.0	p<0.05	0.0	0.7713607671503013	0.3253599843619099
252	F	p>=0.05		p<0.05	0.0	p<0.05	0.0	0.45042165	0.4233418350665346
253	Y	p>=0.05		p<0.05	0.0	p<0.05	0.0	0.4278571625	0.4110987930736176
254	G	p>=0.05		p<0.05	0.0	p<0.05	0.0	0.6054168078211415	0.4106810033144153
255	A	p>=0.05		p<0.05	0.0	p<0.05	0.0	0.1870187679046166	0.2957543333087981
256	E	-		p>=0.05		p>=0.05			0.2344010481600243
257	I	p>=0.05		p>=0.05		p>=0.05		0.407756475	0.2704043295863203
258	V	-		p>=0.05		p>=0.05			0.1290648230353876
259	S	p>=0.05		p>=0.05		p>=0.05		0.4965550878000868	0.1207856880540691
260	A	p>=0.05		p>=0.05		p>=0.05		0.679880132484072	0.0020740795216585
261	L	-		p>=0.05		p>=0.05			0.0841149489153397
262	D	p>=0.05		p>=0.05		p>=0.05		0.0053210849999999	0.0924609206640274
263	Y	-		-		-			
264	L	p>=0.05		-		p>=0.05		0.253192140535917	
265	H	-		-		-			
266	S	-		-		-			
267	E	-		-		-			
268	K	-		-		-			
269	N	-		-		-			
270	V	-		-		-			
271	V	-		-		-			
272	Y	-		-		-			
273	R	-		-		-			
274	D	-		-		-			
275	L	-		-		-			
276	K	p>=0.05		-		p>=0.05		0.0531817571428571	
277	L	-		-		-			
278	E	p>=0.05		-		p>=0.05		0.2973837733333333	
279	N	-		-		-			
280	L	-		-		-			
281	M	-		-		-			
282	L	-		-		-			
283	D	-		-		-			
284	K	-		-		-			
285	D	p>=0.05		-		p>=0.05		0.0772663253620015	
286	G	p>=0.05		p>=0.05		p>=0.05		0.4781170555164902	0.0183841818728282
287	H	-		-		-			
288	I	p>=0.05		-		p>=0.05		0.0581684799999999	
289	K	-		-		-			
290	I	p>=0.05		-		p>=0.05		0.2692819302868582	
291	T	p>=0.05		-		p>=0.05		0.0786889031471808	
292	D	-		-		-			
293	F	p>=0.05		-		p>=0.05		0.058439	
294	G	-		-		-			
295	L	-		-		-			
296	C	p>=0.05		-		p>=0.05		0.0875858188957868	
297	K	-		-		-			
298	E	p>=0.05		-		p>=0.05		0.308281369396252	
299	G	p>=0.05		p>=0.05		p>=0.05		1.08790752349063	0.2175044890550538
300	I	p>=0.05		p>=0.05		p>=0.05		0.2940995	0.2275926078119847
301	K	-		-		-			
302	D	-		-		-			
303	G	-		-		-			
304	A	p<0.05	1.0	-		p<0.05	2.0	1.29292335731836	
305	T	p>=0.05		p<0.05	2.0	p<0.05	2.0	0.6032083286591801	0.4692616477914739
306	M	p>=0.05		p<0.05	2.0	p<0.05	2.0	0.3827690550101043	0.3666325943407638
307	K	-		p<0.05	2.0	p<0.05	2.0		0.4657255576852709
308	T	-		-		-			
309	F	-		-		-			
310	C	-		-		-			
311	G	-		-		-			
312	T	-		-		-			
313	P	p>=0.05		-		p>=0.05		0.8046088078886676	
314	E	-		-		-			
315	Y	-		-		-			
316	L	p>=0.05		-		p>=0.05		0.4015237684246693	
317	A	p>=0.05		p<0.05	2.0	p<0.05	2.0	0.138153694987757	0.3261903209976105
318	P	-		p>=0.05		p>=0.05			0.1711488521599128
319	E	p>=0.05		p<0.05	2.0	p<0.05	2.0	0.0293011224114449	0.7610764091086873
320	V	p>=0.05		p<0.05	2.0	p<0.05	2.0	0.4148191	1.14716731564296
321	L	p<0.05	0.0	p<0.05	2.0	p<0.05	2.0	1.471789055560275	1.3489700397740003
322	E	p<0.05	0.0	p<0.05	2.0	p<0.05	2.0	2.1302787483593133	1.1878278220338894
323	D	p<0.05	0.0	p<0.05	2.0	p<0.05	2.0	2.69866217253897	1.4195331619583782
324	N	p>=0.05		p<0.05	2.0	p<0.05	2.0	0.3821167333333333	0.8485685958506245
325	D	p>=0.05		p<0.05	2.0	p<0.05	2.0	0.5486820603604374	0.3697294221392777
326	Y	-		p<0.05	2.0	p<0.05	2.0		0.3174605437939695
327	G	p>=0.05		p>=0.05		p>=0.05		0.0561161520674286	0.1720987838874571
328	R	p>=0.05		p>=0.05		p>=0.05		0.2186006665549693	0.1327550322684148
329	A	p>=0.05		p<0.05	2.0	p<0.05	2.0	0.0506978388223742	0.4011328398164177
330	V	p>=0.05		p<0.05	2.0	p<0.05	2.0	0.6213706068284582	0.304195256335249
331	D	p>=0.05		p>=0.05		p>=0.05		0.323778978819851	0.0118366884145872
332	W	p>=0.05		p<0.05	2.0	p<0.05	2.0	0.424791375	0.2814315213006694
333	W	p>=0.05		p<0.05	2.0	p<0.05	2.0	0.3519736333333333	0.346716307085768
334	G	-		p>=0.05		p>=0.05			0.2644901067791805
335	L	-		p<0.05	2.0	p<0.05	2.0		0.4039595832995026
336	G	p>=0.05		p<0.05	2.0	p<0.05	2.0	0.749325409383411	0.2994151318288391
337	V	p>=0.05		p>=0.05		p>=0.05		0.7252863046917055	0.2604889032927364
338	V	p>=0.05		p>=0.05		p>=0.05		0.749325409383411	0.2006960607166506
339	M	-		p>=0.05		p>=0.05			0.1269726506597706
340	Y	-		-		-			
341	E	-		-		-			
342	M	-		-		-			
343	M	-		-		-			
344	C	-		-		-			
345	G	p>=0.05		-		p>=0.05		0.081382933764634	
346	R	p>=0.05		-		p>=0.05		0.4305031358665206	
347	L	p>=0.05		p>=0.05		p>=0.05		0.37920702994877	0.1571165487200564
348	P	p>=0.05		p>=0.05		p>=0.05		0.37920702994877	0.1511159199658466
349	F	-		-		-			
350	Y	-		-		-			
351	N	-		-		-			
352	Q	-		-		-			
353	D	p>=0.05		-		p>=0.05		0.9038043472095304	
354	H	-		p<0.05	6.0	p<0.05	6.0		0.5762415585978754
355	E	p>=0.05		p<0.05	6.0	p<0.05	6.0	0.176838462181971	0.5762415585978754
356	K	-		p<0.05	6.0	p<0.05	6.0		0.4579686328783003
357	L	p>=0.05		p>=0.05		p>=0.05		0.60123875	0.0813809582818418
358	F	p>=0.05		p<0.05	6.0	p<0.05	6.0	0.623084675	0.3571258748003656
359	E	-		p<0.05	6.0	p<0.05	6.0		0.3900859123743175
360	L	p>=0.05		p<0.05	6.0	p<0.05	6.0	0.4030297907909222	0.3508405899941945
361	I	p>=0.05		p<0.05	6.0	p<0.05	6.0	0.3536866408293005	0.3548937727700371
362	L	p>=0.05		p<0.05	6.0	p<0.05	6.0	0.2575181	0.3012555923240446
363	M	p>=0.05		p>=0.05		p>=0.05		0.5071665	0.263733549158926
364	E	p>=0.05		p<0.05	6.0	p<0.05	6.0	0.0761233333333333	0.3520597685310639
365	E	p>=0.05		p<0.05	6.0	p<0.05	6.0	0.42191945	0.3090510836742793
366	I	p>=0.05		p<0.05	6.0	p<0.05	6.0	0.4291104676895046	0.4411227332843488
367	R	p>=0.05		p<0.05	6.0	p<0.05	6.0	0.472338282163542	0.2928041075345896
368	F	-		p<0.05	6.0	p<0.05	6.0		0.2864878314348543
369	P	p>=0.05		p<0.05	6.0	p<0.05	6.0	0.4101616393902987	0.3216586600251411
370	R	p>=0.05		p<0.05	6.0	p<0.05	6.0	0.0487154522293888	0.4078324318437458
371	T	p>=0.05		p<0.05	6.0	p<0.05	6.0	0.2536974893351739	0.4078324318437459
372	L	p>=0.05		p>=0.05		p>=0.05		0.918755146420122	0.2516061162122652
373	G	-		p>=0.05		p>=0.05			0.1409860218394302
374	P	-		p>=0.05		p>=0.05			0.0849862414843997
375	E	-		p<0.05	2.0	p<0.05	2.0		0.3580930525993265
376	A	p>=0.05		p<0.05	2.0	p<0.05	2.0	0.2146754299632845	0.4407526479422799
377	K	p>=0.05		p<0.05	2.0	p<0.05	2.0	0.694756025	0.6500274203000266
378	S	p<0.05	2.0	p<0.05	2.0	p<0.05	2.0	1.56062024965836	0.6500274203000266
379	L	p>=0.05		p<0.05	2.0	p<0.05	2.0	0.93671022	0.791063214135369
380	L	p>=0.05		p<0.05	2.0	p<0.05	2.0	0.8759812783292036	0.6806707528207092
381	S	p>=0.05		p<0.05	2.0	p<0.05	2.0	0.4636360818613654	0.6708629447403233
382	G	-		p>=0.05		p>=0.05			0.1338070874568726
383	L	-		p>=0.05		p>=0.05			0.1695588677683169
384	L	p>=0.05		p>=0.05		p>=0.05		0.2483600633333333	0.1746741965037658
385	K	-		-		-			
386	K	-		-		-			
387	D	-		-		-			
388	P	p>=0.05		p<0.05	2.0	p<0.05	2.0	0.869350609649562	0.2874106816539125
389	K	p>=0.05		p<0.05	2.0	p<0.05	2.0	0.32215087	0.3347532502202202
390	Q	p>=0.05		p>=0.05		p>=0.05		0.1942411	0.2573524400781006
391	R	-		p>=0.05		p>=0.05			0.0631515770160666
392	L	-		p<0.05	2.0	p<0.05	2.0		0.279808986074828
393	G	p>=0.05		p<0.05	2.0	p<0.05	2.0	0.6803836991221219	0.3518700160219694
394	G	p>=0.05		p<0.05	2.0	p<0.05	2.0	0.6443564907886983	0.3255312735523002
395	G	-		p<0.05	2.0	p<0.05	2.0		0.4843537566301137
396	S	p>=0.05		p<0.05	2.0	p<0.05	2.0	0.8784925074363423	0.3953455874674656
397	E	p>=0.05		p<0.05	2.0	p<0.05	2.0	0.5440982217863666	0.4177241833116437
398	D	p>=0.05		p<0.05	2.0	p<0.05	2.0	0.2987199431809459	0.5407583797512465
399	A	p>=0.05		p<0.05	2.0	p<0.05	2.0	0.8297126482292895	0.432509405076051
400	K	p>=0.05		p<0.05	2.0	p<0.05	2.0	0.59023185	0.429314419544876
401	E	p>=0.05		p<0.05	2.0	p<0.05	2.0	0.3347309	0.5074202532610802
402	I	p>=0.05		p<0.05	2.0	p<0.05	2.0	0.28846571	0.5236475755377844
403	M	p>=0.05		p<0.05	2.0	p<0.05	2.0	0.1192416636175302	0.4465140428251439
404	Q	p>=0.05		p<0.05	2.0	p<0.05	2.0	0.6724973333333333	0.4177704813901727
405	H	p>=0.05		p<0.05	2.0	p<0.05	2.0	0.6739168	0.4004229213901727
406	R	-		p>=0.05		p>=0.05			0.2563851617805281
407	F	p>=0.05		p>=0.05		p>=0.05		0.2479931	0.1575287145185681
408	F	-		p>=0.05		p>=0.05			0.1677492848353961
409	A	-		-		-			
410	G	-		-		-			
411	I	-		-		-			
412	V	-		-		-			
413	W	-		-		-			
414	Q	p>=0.05		-		p>=0.05		0.2177638	
415	H	-		-		-			
416	V	-		-		-			
417	Y	-		-		-			
418	E	-		-		-			
419	K	p>=0.05		-		p>=0.05		0.1417401	
420	K	-		-		-			
421	L	p>=0.05		-		p>=0.05		0.3105201666666667	
422	S	p>=0.05		p<0.05	0.0	p<0.05	0.0	0.3167745782646556	0.4354433340029824
423	P	p>=0.05		p<0.05	0.0	p<0.05	0.0	0.679035257077625	0.5640679090963058
424	P	p>=0.05		p<0.05	0.0	p<0.05	0.0	0.934172388071679	0.4801235213787757
425	F	p>=0.05		p<0.05	0.0	p<0.05	0.0	0.4122402665510792	0.6659473934433747
426	K	p>=0.05		p<0.05	0.0	p<0.05	0.0	0.826172	0.4246649793936122
427	P	p>=0.05		p>=0.05		p>=0.05		0.32952924953849	0.2154530703887444
428	Q	p>=0.05		p>=0.05		p>=0.05		0.7446147999999999	0.2472392027782137
429	V	-		-		-			
430	T	-		-		-			
431	S	-		-		-			
432	E	-		-		-			
433	T	-		-		-			
434	D	-		-		-			
435	T	-		-		-			
436	R	-		-		-			
437	Y	-		-		-			
438	F	-		-		-			
439	D	-		p>=0.05		p>=0.05			0.1089924696967966
440	E	-		p>=0.05		p>=0.05			0.1089924696967966
441	E	p>=0.05		p>=0.05		p>=0.05		0.3065163640496329	0.1089924696967966
442	F	p>=0.05		p>=0.05		p>=0.05		0.1567585	0.230187938778549
443	T	-		p>=0.05		p>=0.05			0.2428273329988441
444	A	-		p>=0.05		p>=0.05			0.1529744189984589
445	Q	-		p>=0.05		p>=0.05			0.1567585
446	M	-		-		-			
447	I	-		-		-			
448	T	-		-		-			
449	I	p>=0.05		-		p>=0.05		0.0320745367325975	
450	T	p>=0.05		-		p>=0.05		0.1053863562312926	
451	P	p>=0.05		p<0.05	13.0	p<0.05	13.0	0.6526545738580742	0.4822554501499462
452	P	p>=0.05		p>=0.05		p>=0.05		0.6887254203604718	0.269743522518548
453	D	-		p>=0.05		p>=0.05			0.0353683017731162
454	Q	-		-		-			
455	D	-		-		-			
456	D	-		-		-			
457	S	-		-		-			
458	M	p>=0.05		p>=0.05		p>=0.05		0.2191400226890744	0.1186751423363188
459	E	p>=0.05		p>=0.05		p>=0.05		0.0486905240246362	0.2076249370771956
460	C	p>=0.05		p<0.05	5.0	p<0.05	5.0	0.736975204358113	0.286829477416288
461	V	p>=0.05		p<0.05	5.0	p<0.05	5.0	0.1425121585933282	0.3390662511289227
462	D	p>=0.05		p<0.05	5.0	p<0.05	5.0	0.1377113904353267	0.3500401117989266
463	S	p>=0.05		p<0.05	5.0	p<0.05	5.0	0.143691027367994	0.4019221001003261
464	E	p>=0.05		p<0.05	5.0	p<0.05	5.0	0.143691027367994	0.4019221001003261
465	R	p>=0.05		p>=0.05		p>=0.05		1.18259495522999	0.197692200080261
466	R	-		p<0.05	14.0	p<0.05	14.0		0.58198750348666
467	P	p>=0.05		p<0.05	14.0	p<0.05	14.0	1.18259495522999	0.3486028184099967
468	H	-		p<0.05	14.0	p<0.05	14.0		0.832517927614995
469	F	p>=0.05		-		p>=0.05		0.4824409	
470	P	-		-		-			
471	Q	p>=0.05		-		p>=0.05		0.3604883333333333	
472	F	-		-		-			
473	S	-		-		-			
474	Y	-		-		-			
475	S	-		-		-			
476	A	p>=0.05		-		p>=0.05		0.0205384061388848	
477	S	p>=0.05		p>=0.05		p>=0.05		0.2600914286795056	0.0554476853838596
478	G	-		p>=0.05		p>=0.05			0.0587790833648725
479	T	p>=0.05		p>=0.05		p>=0.05		0.1006374797290993	0.0044218606686574
480	A	p>=0.05		p>=0.05		p>=0.05		0.0269148809436843	0.0044218606686574
