unipos	unires	DNMT3A_Lue2023_citrineated LFC hit	DNMT3A_Lue2023_citrineated LFC hit cluster	DNMT3A_Lue2023_citrineated LFC3D hit	DNMT3A_Lue2023_citrineated LFC3D hit cluster	DNMT3A_Lue2023_citrineated union hit	DNMT3A_Lue2023_citrineated union hit cluster	DNMT3A_Lue2023_citrineated_LFC	DNMT3A_Lue2023_citrineated_LFC3D
1	M	-		-		-			
2	P	-		-		-			
3	A	-		-		-			
4	M	-		-		-			
5	P	-		-		-			
6	S	-		-		-			
7	S	-		-		-			
8	G	-		-		-			
9	P	-		-		-			
10	G	-		-		-			
11	D	-		-		-			
12	T	-		-		-			
13	S	-		-		-			
14	S	-		-		-			
15	S	-		-		-			
16	A	-		-		-			
17	A	-		-		-			
18	E	-		-		-			
19	R	-		-		-			
20	E	-		-		-			
21	E	-		-		-			
22	D	-		-		-			
23	R	-		-		-			
24	K	-		-		-			
25	D	-		-		-			
26	G	-		-		-			
27	E	-		-		-			
28	E	-		-		-			
29	Q	-		-		-			
30	E	-		-		-			
31	E	-		-		-			
32	P	-		-		-			
33	R	-		-		-			
34	G	-		-		-			
35	K	-		-		-			
36	E	-		-		-			
37	E	-		-		-			
38	R	-		-		-			
39	Q	-		-		-			
40	E	-		-		-			
41	P	-		-		-			
42	S	-		-		-			
43	T	-		-		-			
44	T	-		-		-			
45	A	-		-		-			
46	R	-		-		-			
47	K	-		-		-			
48	V	-		-		-			
49	G	-		-		-			
50	R	-		-		-			
51	P	-		-		-			
52	G	-		-		-			
53	R	-		-		-			
54	K	-		-		-			
55	R	-		-		-			
56	K	-		-		-			
57	H	-		-		-			
58	P	-		-		-			
59	P	-		-		-			
60	V	-		-		-			
61	E	-		-		-			
62	S	-		-		-			
63	G	-		-		-			
64	D	-		-		-			
65	T	-		-		-			
66	P	-		-		-			
67	K	-		-		-			
68	D	-		-		-			
69	P	-		-		-			
70	A	-		-		-			
71	V	-		-		-			
72	I	-		-		-			
73	S	-		-		-			
74	K	-		-		-			
75	S	-		-		-			
76	P	-		-		-			
77	S	-		-		-			
78	M	-		-		-			
79	A	-		-		-			
80	Q	-		-		-			
81	D	-		-		-			
82	S	-		-		-			
83	G	-		-		-			
84	A	-		-		-			
85	S	-		-		-			
86	E	-		-		-			
87	L	-		-		-			
88	L	-		-		-			
89	P	-		-		-			
90	N	-		-		-			
91	G	-		-		-			
92	D	-		-		-			
93	L	-		-		-			
94	E	-		-		-			
95	K	-		-		-			
96	R	-		-		-			
97	S	-		-		-			
98	E	-		-		-			
99	P	-		-		-			
100	Q	-		-		-			
101	P	-		-		-			
102	E	-		-		-			
103	E	-		-		-			
104	G	-		-		-			
105	S	-		-		-			
106	P	-		-		-			
107	A	-		-		-			
108	G	-		-		-			
109	G	-		-		-			
110	Q	-		-		-			
111	K	-		-		-			
112	G	-		-		-			
113	G	-		-		-			
114	A	-		-		-			
115	P	-		-		-			
116	A	-		-		-			
117	E	-		-		-			
118	G	-		-		-			
119	E	-		-		-			
120	G	-		-		-			
121	A	-		-		-			
122	A	-		-		-			
123	E	-		-		-			
124	T	-		-		-			
125	L	-		-		-			
126	P	-		-		-			
127	E	-		-		-			
128	A	-		-		-			
129	S	-		-		-			
130	R	-		-		-			
131	A	-		-		-			
132	V	-		-		-			
133	E	-		-		-			
134	N	-		-		-			
135	G	-		-		-			
136	C	-		-		-			
137	C	-		-		-			
138	T	-		-		-			
139	P	-		-		-			
140	K	-		-		-			
141	E	-		-		-			
142	G	-		-		-			
143	R	-		-		-			
144	G	-		-		-			
145	A	-		-		-			
146	P	-		-		-			
147	A	-		-		-			
148	E	-		-		-			
149	A	-		-		-			
150	G	-		-		-			
151	K	-		-		-			
152	E	-		-		-			
153	Q	-		-		-			
154	K	-		-		-			
155	E	-		-		-			
156	T	-		-		-			
157	N	-		-		-			
158	I	-		-		-			
159	E	-		-		-			
160	S	-		-		-			
161	M	-		-		-			
162	K	-		-		-			
163	M	-		-		-			
164	E	-		-		-			
165	G	-		-		-			
166	S	-		-		-			
167	R	-		-		-			
168	G	-		-		-			
169	R	-		-		-			
170	L	-		-		-			
171	R	-		-		-			
172	G	-		-		-			
173	G	-		-		-			
174	L	-		-		-			
175	G	-		-		-			
176	W	-		-		-			
177	E	-		-		-			
178	S	-		-		-			
179	S	-		-		-			
180	L	-		-		-			
181	R	-		-		-			
182	Q	-		-		-			
183	R	-		-		-			
184	P	-		-		-			
185	M	-		-		-			
186	P	-		-		-			
187	R	-		-		-			
188	L	-		-		-			
189	T	-		-		-			
190	F	-		-		-			
191	Q	-		-		-			
192	A	-		-		-			
193	G	-		-		-			
194	D	-		-		-			
195	P	-		-		-			
196	Y	-		-		-			
197	Y	-		-		-			
198	I	-		-		-			
199	S	-		-		-			
200	K	-		-		-			
201	R	-		-		-			
202	K	-		-		-			
203	R	-		-		-			
204	D	-		-		-			
205	E	-		-		-			
206	W	-		-		-			
207	L	-		-		-			
208	A	-		-		-			
209	R	-		-		-			
210	W	-		-		-			
211	K	-		-		-			
212	R	-		-		-			
213	E	-		-		-			
214	A	-		-		-			
215	E	-		-		-			
216	K	-		-		-			
217	K	-		-		-			
218	A	p>=0.05		p>=0.05		p>=0.05		-0.08038075	-0.08038075
219	K	-		-		-			
220	V	-		-		-			
221	I	-		-		-			
222	A	p>=0.05		p>=0.05		p>=0.05		-0.117174	-0.117174
223	G	p>=0.05		p>=0.05		p>=0.05		-0.329716	-0.329716
224	M	p>=0.05		p>=0.05		p>=0.05		-0.329716	-0.329716
225	N	-		-		-			
226	A	p>=0.05		p>=0.05		p>=0.05		-0.0724733333333333	-0.0724733333333333
227	V	-		-		-			
228	E	-		-		-			
229	E	-		-		-			
230	N	-		-		-			
231	Q	-		-		-			
232	G	-		-		-			
233	P	p>=0.05		p>=0.05		p>=0.05		-0.081816	-0.081816
234	G	-		-		-			
235	E	-		-		-			
236	S	-		-		-			
237	Q	-		-		-			
238	K	-		-		-			
239	V	p>=0.05		p>=0.05		p>=0.05		-0.179451	-0.179451
240	E	-		-		-			
241	E	-		-		-			
242	A	-		-		-			
243	S	-		-		-			
244	P	-		-		-			
245	P	-		-		-			
246	A	-		-		-			
247	V	-		-		-			
248	Q	-		-		-			
249	Q	-		-		-			
250	P	-		-		-			
251	T	-		-		-			
252	D	-		-		-			
253	P	-		-		-			
254	A	-		-		-			
255	S	-		-		-			
256	P	-		-		-			
257	T	-		-		-			
258	V	-		-		-			
259	A	-		-		-			
260	T	p>=0.05		p>=0.05		p>=0.05		-0.0986096666666666	-0.0986096666666666
261	T	p>=0.05		p>=0.05		p>=0.05		-0.0361579999999999	-0.0361579999999999
262	P	-		-		-			
263	E	-		-		-			
264	P	-		-		-			
265	V	-		-		-			
266	G	-		-		-			
267	S	-		-		-			
268	D	-		-		-			
269	A	-		-		-			
270	G	-		-		-			
271	D	-		-		-			
272	K	-		-		-			
273	N	-		-		-			
274	A	-		-		-			
275	T	-		-		-			
276	K	-		-		-			
277	A	-		-		-			
278	G	-		-		-			
279	D	-		-		-			
280	D	-		-		-			
281	E	p>=0.05		p>=0.05		p>=0.05		-0.052642	-0.052642
282	P	p>=0.05		p>=0.05		p>=0.05		-0.035576	-0.035576
283	E	-		-		-			
284	Y	-		-		-			
285	E	-		-		-			
286	D	-		-		-			
287	G	p<0.05		p<0.05		p<0.05		-0.657808	-0.657808
288	R	p>=0.05		p>=0.05		p>=0.05		-0.2178546666666666	-0.2178546666666666
289	G	-		-		-			
290	F	-		-		-			
291	G	p>=0.05		p>=0.05		p>=0.05		-0.041246	-0.041246
292	I	-		-		-			
293	G	p<0.05		p<0.05		p<0.05		-1.211614	-1.211614
294	E	p<0.05		p<0.05		p<0.05		-1.211614	-1.211614
295	L	-		-		-			
296	V	-		-		-			
297	W	-		-		-			
298	G	-		-		-			
299	K	-		-		-			
300	L	-		-		-			
301	R	p>=0.05		p<0.05		p<0.05		-0.52085	-0.52085
302	G	-		-		-			
303	F	-		-		-			
304	S	-		-		-			
305	W	-		-		-			
306	W	-		-		-			
307	P	-		-		-			
308	G	-		-		-			
309	R	p>=0.05		p>=0.05		p>=0.05		-0.244976	-0.244976
310	I	-		-		-			
311	V	-		-		-			
312	S	p<0.05		p<0.05		p<0.05		-0.6764479999999999	-0.6764479999999999
313	W	-		-		-			
314	W	-		-		-			
315	M	-		-		-			
316	T	-		-		-			
317	G	-		-		-			
318	R	p>=0.05		p>=0.05		p>=0.05		-0.036359	-0.036359
319	S	-		-		-			
320	R	-		-		-			
321	A	-		-		-			
322	A	p>=0.05		p>=0.05		p>=0.05		-0.0855759999999999	-0.0855759999999999
323	E	p>=0.05		p>=0.05		p>=0.05		-0.193126	-0.193126
324	G	p>=0.05		p>=0.05		p>=0.05		-0.193126	-0.193126
325	T	p>=0.05		p>=0.05		p>=0.05		-0.153791	-0.153791
326	R	p>=0.05		p>=0.05		p>=0.05		-0.008723	-0.008723
327	W	-		-		-			
328	V	-		-		-			
329	M	-		-		-			
330	W	-		-		-			
331	F	-		-		-			
332	G	-		-		-			
333	D	-		-		-			
334	G	-		-		-			
335	K	-		-		-			
336	F	-		-		-			
337	S	p<0.05		p<0.05		p<0.05		-1.094554	-1.094554
338	V	-		-		-			
339	V	-		-		-			
340	C	-		-		-			
341	V	-		-		-			
342	E	p>=0.05		p>=0.05		p>=0.05		-0.231729	-0.231729
343	K	-		-		-			
344	L	-		-		-			
345	M	-		-		-			
346	P	-		-		-			
347	L	-		-		-			
348	S	-		-		-			
349	S	-		-		-			
350	F	-		-		-			
351	C	-		-		-			
352	S	-		-		-			
353	A	-		-		-			
354	F	-		-		-			
355	H	-		-		-			
356	Q	-		-		-			
357	A	-		-		-			
358	T	-		-		-			
359	Y	-		-		-			
360	N	-		-		-			
361	K	-		-		-			
362	Q	-		-		-			
363	P	-		-		-			
364	M	-		-		-			
365	Y	-		-		-			
366	R	p<0.05		p<0.05		p<0.05		-0.596686	-0.596686
367	K	-		-		-			
368	A	p>=0.05		p>=0.05		p>=0.05		-0.168603	-0.168603
369	I	-		-		-			
370	Y	-		-		-			
371	E	p>=0.05		p>=0.05		p>=0.05		-0.354226	-0.354226
372	V	p>=0.05		p>=0.05		p>=0.05		-0.354226	-0.354226
373	L	-		-		-			
374	Q	-		-		-			
375	V	-		-		-			
376	A	p>=0.05		p>=0.05		p>=0.05		-0.1819	-0.1819
377	S	p>=0.05		p>=0.05		p>=0.05		-0.050005	-0.050005
378	S	p>=0.05		p>=0.05		p>=0.05		-0.041787	-0.041787
379	R	p>=0.05		p>=0.05		p>=0.05		-0.02124	-0.02124
380	A	p>=0.05		p>=0.05		p>=0.05		-0.0183984999999999	-0.0183984999999999
381	G	-		-		-			
382	K	-		-		-			
383	L	-		-		-			
384	F	-		-		-			
385	P	-		-		-			
386	V	-		-		-			
387	C	-		-		-			
388	H	-		-		-			
389	D	-		-		-			
390	S	-		-		-			
391	D	-		-		-			
392	E	-		-		-			
393	S	-		-		-			
394	D	-		-		-			
395	T	p>=0.05		p<0.05		p<0.05		-0.439321	-0.439321
396	A	-		-		-			
397	K	-		-		-			
398	A	-		-		-			
399	V	-		-		-			
400	E	-		-		-			
401	V	-		-		-			
402	Q	-		-		-			
403	N	-		-		-			
404	K	-		-		-			
405	P	p>=0.05		p>=0.05		p>=0.05		-0.225341	-0.225341
406	M	-		-		-			
407	I	-		-		-			
408	E	-		-		-			
409	W	-		-		-			
410	A	-		-		-			
411	L	-		-		-			
412	G	-		-		-			
413	G	-		-		-			
414	F	-		-		-			
415	Q	-		-		-			
416	P	-		-		-			
417	S	p>=0.05		p>=0.05		p>=0.05		-0.220885	-0.220885
418	G	-		-		-			
419	P	-		-		-			
420	K	-		-		-			
421	G	-		-		-			
422	L	-		-		-			
423	E	-		-		-			
424	P	p>=0.05		p>=0.05		p>=0.05		-0.3144289999999999	-0.3144289999999999
425	P	p>=0.05		p>=0.05		p>=0.05		-0.3144289999999999	-0.3144289999999999
426	E	-		-		-			
427	E	-		-		-			
428	E	-		-		-			
429	K	-		-		-			
430	N	-		-		-			
431	P	-		-		-			
432	Y	-		-		-			
433	K	-		-		-			
434	E	-		-		-			
435	V	-		-		-			
436	Y	-		-		-			
437	T	-		-		-			
438	D	-		-		-			
439	M	-		-		-			
440	W	-		-		-			
441	V	-		-		-			
442	E	-		-		-			
443	P	-		-		-			
444	E	-		-		-			
445	A	-		-		-			
446	A	-		-		-			
447	A	-		-		-			
448	Y	-		-		-			
449	A	-		-		-			
450	P	-		-		-			
451	P	-		-		-			
452	P	p>=0.05		p>=0.05		p>=0.05		-0.378536	-0.378536
453	P	p>=0.05		p>=0.05		p>=0.05		-0.378536	-0.378536
454	A	-		-		-			
455	K	-		-		-			
456	K	-		-		-			
457	P	p>=0.05		p>=0.05		p>=0.05		-0.07539	-0.07539
458	R	p>=0.05		p>=0.05		p>=0.05		-0.07539	-0.07539
459	K	-		-		-			
460	S	-		-		-			
461	T	p>=0.05		p>=0.05		p>=0.05		-0.275038	-0.275038
462	A	-		-		-			
463	E	-		-		-			
464	K	-		-		-			
465	P	-		-		-			
466	K	-		-		-			
467	V	-		-		-			
468	K	-		-		-			
469	E	-		-		-			
470	I	-		-		-			
471	I	-		-		-			
472	D	-		-		-			
473	E	-		-		-			
474	R	-		-		-			
475	T	-		-		-			
476	R	-		p>=0.05		p>=0.05			-0.344651
477	E	-		p>=0.05		p>=0.05			-0.2313255
478	R	p>=0.05		p>=0.05		p>=0.05		-0.344651	-0.2313255
479	L	-		p>=0.05		p>=0.05			-0.2313255
480	V	p>=0.05		p>=0.05		p>=0.05		-0.118	-0.2313255
481	Y	-		p>=0.05		p>=0.05			-0.2313255
482	E	-		p>=0.05		p>=0.05			-0.118
483	V	-		p>=0.05		p>=0.05			-0.118
484	R	-		-		-			
485	Q	-		-		-			
486	K	-		-		-			
487	C	-		-		-			
488	R	-		-		-			
489	N	-		-		-			
490	I	-		-		-			
491	E	-		p<0.05	9.0	p<0.05	1.0		-0.5992956666666667
492	D	-		p<0.05	9.0	p<0.05	1.0		-0.5992956666666667
493	I	-		p>=0.05		p>=0.05			-0.2505123333333333
494	C	-		p>=0.05		p>=0.05			-0.1848412916666666
495	I	-		p>=0.05		p>=0.05			-0.276821
496	S	-		-		-			
497	C	p>=0.05		p>=0.05		p>=0.05		-0.276821	-0.276821
498	G	-		p>=0.05		p>=0.05			-0.276821
499	S	-		p>=0.05		p>=0.05			-0.089275
500	L	-		-		-			
501	N	-		-		-			
502	V	-		p>=0.05		p>=0.05			-0.0910682916666666
503	T	-		-		-			
504	L	-		p>=0.05		p>=0.05			-0.1607587222222222
505	E	-		p>=0.05		p>=0.05			-0.1939876666666666
506	H	p>=0.05		p>=0.05		p>=0.05		-0.2936745	-0.2799229333333333
507	P	p<0.05	10.0	p<0.05	0.0	p<0.05	0.0	-0.623664	-0.45866925
508	L	-		p<0.05	0.0	p<0.05	0.0		-0.45866925
509	F	-		p>=0.05		p>=0.05			-0.2472577
510	V	p>=0.05		p>=0.05		p>=0.05		-0.066227	-0.1024674999999999
511	G	-		p>=0.05		p>=0.05			-0.1427902916666666
512	G	p<0.05	9.0	p>=0.05		p<0.05	1.0	-0.5992956666666667	-0.0736365333333333
513	M	p>=0.05		p>=0.05		p>=0.05		-0.2710165	-0.0736365333333333
514	C	-		-		-			
515	Q	-		-		-			
516	N	-		-		-			
517	C	-		p<0.05	6.0	p<0.05	6.0		-0.7058195
518	K	-		p<0.05	6.0	p<0.05	6.0		-0.7058195
519	N	-		p<0.05	6.0	p<0.05	6.0		-0.7058195
520	C	p<0.05	11.0	p<0.05	6.0	p<0.05	6.0	-0.7058195	-0.7058195
521	F	-		p>=0.05		p>=0.05			-0.11817425
522	L	-		p<0.05	6.0	p<0.05	6.0		-0.7058195
523	E	-		p>=0.05		p>=0.05			-0.39241525
524	C	-		p>=0.05		p>=0.05			-0.11817425
525	A	-		-		-			
526	Y	-		-		-			
527	Q	-		-		-			
528	Y	-		-		-			
529	D	-		-		-			
530	D	-		-		-			
531	D	-		-		-			
532	G	-		-		-			
533	Y	-		-		-			
534	Q	-		-		-			
535	S	-		-		-			
536	Y	-		-		-			
537	C	-		-		-			
538	T	p>=0.05		-		p>=0.05		-0.444427	
539	I	-		-		-			
540	C	-		-		-			
541	C	-		-		-			
542	G	-		-		-			
543	G	p>=0.05		p>=0.05		p>=0.05		-0.008112	-0.1365756666666666
544	R	-		-		-			
545	E	-		p>=0.05		p>=0.05			-0.1365756666666666
546	V	-		p<0.05	5.0	p<0.05	5.0		-0.452213
547	L	-		p>=0.05		p>=0.05			-0.331581
548	M	p>=0.05		p>=0.05		p>=0.05		-0.210949	-0.210949
549	C	p>=0.05		p>=0.05		p>=0.05		-0.210949	-0.2109489999999999
550	G	p>=0.05		p>=0.05		p>=0.05		-0.210949	-0.210949
551	N	-		p>=0.05		p>=0.05			-0.210949
552	N	-		-		-			
553	N	-		p>=0.05		p>=0.05			-0.387425
554	C	-		-		-			
555	C	-		-		-			
556	R	-		p>=0.05		p>=0.05			-0.210949
557	C	-		p>=0.05		p>=0.05			-0.327688
558	F	-		p<0.05	5.0	p<0.05	5.0		-0.44832
559	C	p>=0.05		p>=0.05		p>=0.05		-0.452213	-0.17370275
560	V	p>=0.05		p>=0.05		p>=0.05		-0.452213	-0.2288996666666666
561	E	-		p>=0.05		p>=0.05			-0.2288996666666666
562	C	-		p>=0.05		p>=0.05			-0.19731225
563	V	-		p>=0.05		p>=0.05			-0.1123453333333333
564	D	-		-		-			
565	L	p>=0.05		p>=0.05		p>=0.05		-0.10255	-0.10255
566	L	-		p>=0.05		p>=0.05			-0.10255
567	V	-		p>=0.05		p>=0.05			-0.10255
568	G	-		p>=0.05		p>=0.05			-0.056069
569	P	p>=0.05		p>=0.05		p>=0.05		-0.084192	-0.0157073333333333
570	G	-		p>=0.05		p>=0.05			-0.0157073333333333
571	A	-		p>=0.05		p>=0.05			-0.023187
572	A	-		p>=0.05		p>=0.05			-0.1094325999999999
573	Q	-		p>=0.05		p>=0.05			-0.0237375
574	A	p>=0.05		p>=0.05		p>=0.05		-0.045626	-0.0378283333333333
575	A	p>=0.05		p>=0.05		p>=0.05		-0.086394	-0.1479785
576	I	-		p>=0.05		p>=0.05			-0.1479785
577	K	-		p>=0.05		p>=0.05			-0.175669625
578	E	p>=0.05		p>=0.05		p>=0.05		-0.3119155	-0.2190175
579	D	p>=0.05		p>=0.05		p>=0.05		-0.258743	-0.28532925
580	P	-		p>=0.05		p>=0.05			-0.28532925
581	W	-		p>=0.05		p>=0.05			-0.2605358333333333
582	N	-		p>=0.05		p>=0.05			-0.210949
583	C	-		-		-			
584	Y	-		-		-			
585	M	-		-		-			
586	C	-		-		-			
587	G	-		p>=0.05		p>=0.05			-0.05963525
588	H	p>=0.05		p>=0.05		p>=0.05		-0.2815205	-0.2815205
589	K	-		p>=0.05		p>=0.05			-0.1167955
590	G	-		p>=0.05		p>=0.05			-0.0682645
591	T	-		p>=0.05		p>=0.05			-0.04538925
592	Y	-		p>=0.05		p>=0.05			-0.04538925
593	G	-		-		-			
594	L	-		-		-			
595	L	-		p>=0.05		p>=0.05			-0.138708
596	R	p>=0.05		p>=0.05		p>=0.05		-0.138708	-0.067755125
597	R	p>=0.05		p>=0.05		p>=0.05		-0.114015	-0.1263615
598	R	-		p>=0.05		p>=0.05			-0.114015
599	E	-		-		-			
600	D	-		-		-			
601	W	-		p<0.05	0.0	p<0.05	0.0		-0.623664
602	P	-		-		-			
603	S	-		-		-			
604	R	-		p>=0.05		p>=0.05			-0.3109135
605	L	-		p>=0.05		p>=0.05			-0.3109135
606	Q	-		-		-			
607	M	-		p>=0.05		p>=0.05			-0.02888925
608	F	-		p>=0.05		p>=0.05			-0.02888925
609	F	-		p>=0.05		p>=0.05			-0.02888925
610	A	p>=0.05		p>=0.05		p>=0.05		-0.0596155	-0.02888925
611	N	-		-		-			
612	N	-		-		-			
613	H	-		-		-			
614	D	-		-		-			
615	Q	-		-		-			
616	E	-		-		-			
617	F	-		-		-			
618	D	-		-		-			
619	P	-		-		-			
620	P	-		-		-			
621	K	-		-		-			
622	V	-		-		-			
623	Y	-		-		-			
624	P	-		p>=0.05		p>=0.05			-0.07467
625	P	p>=0.05		-		p>=0.05		-0.07467	
626	V	-		-		-			
627	P	-		-		-			
628	A	-		p>=0.05		p>=0.05			-0.1701595
629	E	p>=0.05		p>=0.05		p>=0.05		-0.063584	-0.1701595
630	K	-		p>=0.05		p>=0.05			-0.1701595
631	R	p>=0.05		p>=0.05		p>=0.05		-0.276735	-0.2425813333333333
632	K	-		p>=0.05		p>=0.05			-0.33208
633	P	-		p>=0.05		p>=0.05			-0.387425
634	I	-		-		-			
635	R	-		p>=0.05		p>=0.05			-0.0097202499999999
636	V	-		-		-			
637	L	-		p<0.05	2.0	p<0.05	2.0		-0.588495
638	S	-		p<0.05	2.0	p<0.05	2.0		-0.7439515
639	L	-		p<0.05	2.0	p<0.05	2.0		-0.7439515
640	F	-		p<0.05	2.0	p<0.05	2.0		-1.1262938333333332
641	D	p<0.05	0.0	p<0.05	2.0	p<0.05	2.0	-1.455682	-1.15782175
642	G	-		p<0.05	2.0	p<0.05	2.0		-1.2067876666666668
643	I	-		p<0.05	2.0	p<0.05	2.0		-1.0054230000000002
644	A	p<0.05	0.0	p<0.05	2.0	p<0.05	2.0	-0.851588	-0.86666475
645	T	p<0.05	0.0	p<0.05	2.0	p<0.05	2.0	-0.851588	-0.6703256666666667
646	G	-		p<0.05	2.0	p<0.05	2.0		-0.6703256666666667
647	L	p>=0.05		p<0.05	2.0	p<0.05	2.0	-0.307801	-0.6703256666666667
648	L	-		p<0.05	2.0	p<0.05	2.0		-0.5796945
649	V	-		p>=0.05		p>=0.05			-0.307801
650	L	-		p>=0.05		p>=0.05			-0.307801
651	K	-		p>=0.05		p>=0.05			-0.176934
652	D	-		p>=0.05		p>=0.05			-0.176934
653	L	-		p>=0.05		p>=0.05			-0.176934
654	G	p>=0.05		-		p>=0.05		-0.176934	
655	I	-		p>=0.05		p>=0.05			-0.2821795
656	Q	-		p>=0.05		p>=0.05			-0.387425
657	V	-		p>=0.05		p>=0.05			-0.1155254999999999
658	D	-		p>=0.05		p>=0.05			-0.1155254999999999
659	R	p>=0.05		p>=0.05		p>=0.05		-0.1155254999999999	-0.1155254999999999
660	Y	-		p>=0.05		p>=0.05			-0.1155254999999999
661	I	-		p>=0.05		p>=0.05			-0.315294
662	A	p<0.05	0.0	p<0.05	2.0	p<0.05	2.0	-0.588495	-1.0220885
663	S	-		p<0.05	2.0	p<0.05	2.0		-0.7887033333333333
664	E	p<0.05	0.0	p<0.05	2.0	p<0.05	2.0	-1.735522	-1.6422420000000002
665	V	p<0.05	0.0	p<0.05	2.0	p<0.05	2.0	-1.735522	-1.735522
666	C	-		p<0.05	2.0	p<0.05	2.0		-1.3655863333333336
667	E	-		p<0.05	2.0	p<0.05	2.0		-1.1806185
668	D	p<0.05	2.0	p<0.05	2.0	p<0.05	2.0	-1.048144	-1.0251453333333334
669	S	p<0.05	2.0	p<0.05	2.0	p<0.05	2.0	-1.313093	-1.0251453333333334
670	I	-		p<0.05	2.0	p<0.05	2.0		-1.0251453333333334
671	T	p<0.05	2.0	p<0.05	2.0	p<0.05	2.0	-0.714199	-0.89819775
672	V	-		p<0.05	2.0	p<0.05	2.0		-0.7655005000000001
673	G	-		p<0.05	2.0	p<0.05	2.0		-0.65012425
674	M	p>=0.05		p<0.05	2.0	p<0.05	2.0	-0.517355	-0.5829696666666667
675	V	p>=0.05		p<0.05	2.0	p<0.05	2.0	-0.517355	-0.517355
676	R	-		p<0.05	2.0	p<0.05	2.0		-0.517355
677	H	-		p<0.05	2.0	p<0.05	2.0		-0.517355
678	Q	-		p<0.05	2.0	p<0.05	2.0		-0.517355
679	G	-		p<0.05	2.0	p<0.05	2.0		-0.517355
680	K	-		-		-			
681	I	-		p>=0.05		p>=0.05			-0.042093
682	M	p>=0.05		p>=0.05		p>=0.05		-0.042093	-0.042093
683	Y	-		p>=0.05		p>=0.05			-0.224227
684	V	p>=0.05		p>=0.05		p>=0.05		-0.042093	-0.042093
685	G	-		p<0.05	2.0	p<0.05	2.0		-1.1710456666666669
686	D	-		p<0.05	2.0	p<0.05	2.0		-1.735522
687	V	-		-		-			
688	R	-		-		-			
689	S	-		-		-			
690	V	-		-		-			
691	T	-		p>=0.05		p>=0.05			-0.088148
692	Q	-		p>=0.05		p>=0.05			-0.088148
693	K	-		p>=0.05		p>=0.05			-0.088148
694	H	p>=0.05		p>=0.05		p>=0.05		-0.088148	-0.088148
695	I	-		p>=0.05		p>=0.05			-0.088148
696	Q	-		p>=0.05		p>=0.05			-0.088148
697	E	-		p>=0.05		p>=0.05			-0.088148
698	W	-		p>=0.05		p>=0.05			-0.088148
699	G	-		p<0.05	7.0	p<0.05	7.0		-0.492397
700	P	p>=0.05		p<0.05	7.0	p<0.05	7.0	-0.492397	-0.492397
701	F	-		p>=0.05		p>=0.05			-0.198156
702	D	-		-		-			
703	L	-		-		-			
704	V	-		-		-			
705	I	-		p>=0.05		p>=0.05			-0.3005145
706	G	p>=0.05		p>=0.05		p>=0.05		-0.1876775	-0.1876775
707	G	-		p<0.05	14.0	p<0.05	14.0		-0.8008674166666666
708	S	-		-		-			
709	P	-		-		-			
710	C	-		-		-			
711	N	-		-		-			
712	D	-		p<0.05	1.0	p<0.05	4.0		-0.64801075
713	L	-		p<0.05	1.0	p<0.05	4.0		-1.133756
714	S	-		-		-			
715	I	-		-		-			
716	V	-		-		-			
717	N	-		p>=0.05		p>=0.05			-0.08496825
718	P	-		p>=0.05		p>=0.05			-0.08496825
719	A	p>=0.05		p>=0.05		p>=0.05		-0.0076709999999999	-0.08496825
720	R	p>=0.05		p>=0.05		p>=0.05		-0.1622655	-0.08496825
721	K	-		p>=0.05		p>=0.05			-0.20612575
722	G	-		p<0.05	1.0	p<0.05	4.0		-0.64801075
723	L	-		p<0.05	1.0	p<0.05	4.0		-1.133756
724	Y	-		p<0.05	1.0	p<0.05	4.0		-1.133756
725	E	-		p<0.05	1.0	p<0.05	4.0		-0.691871
726	G	p>=0.05		p<0.05	1.0	p<0.05	4.0	-0.249986	-0.691871
727	T	-		p<0.05	1.0	p<0.05	4.0		-0.691871
728	G	p<0.05	4.0	p<0.05	1.0	p<0.05	4.0	-1.133756	-0.691871
729	R	-		p<0.05	1.0	p<0.05	4.0		-1.133756
730	L	-		p<0.05	1.0	p<0.05	4.0		-1.133756
731	F	-		-		-			
732	F	-		-		-			
733	E	-		-		-			
734	F	-		p<0.05	4.0	p<0.05	10.0		-1.598453
735	Y	-		p<0.05	4.0	p<0.05	10.0		-1.598453
736	R	-		p<0.05	4.0	p<0.05	10.0		-0.9394365
737	L	p<0.05	7.0	p<0.05	4.0	p<0.05	10.0	-1.598453	-0.7325956666666666
738	L	-		p<0.05	4.0	p<0.05	10.0		-0.66123225
739	H	p>=0.05		p<0.05	4.0	p<0.05	10.0	-0.28042	-0.66123225
740	D	-		p<0.05	4.0	p<0.05	10.0		-0.66123225
741	A	p>=0.05		p<0.05	4.0	p<0.05	10.0	-0.318914	-0.66123225
742	R	p>=0.05		p>=0.05		p>=0.05		-0.447142	-0.3488253333333334
743	P	-		p<0.05	8.0	p<0.05	8.0		-0.447142
744	K	-		-		-			
745	E	-		-		-			
746	G	-		p>=0.05		p>=0.05			-0.409087
747	D	-		p>=0.05		p>=0.05			-0.26669575
748	D	p>=0.05		p>=0.05		p>=0.05		-0.409087	-0.26669575
749	R	p>=0.05		p>=0.05		p>=0.05		-0.1243044999999999	-0.26669575
750	P	-		p>=0.05		p>=0.05			-0.1243044999999999
751	F	-		-		-			
752	F	-		p<0.05	14.0	p<0.05	14.0		-0.863492
753	W	-		p<0.05	14.0	p<0.05	14.0		-0.47112375
754	L	p>=0.05		p<0.05	14.0	p<0.05	14.0	-0.4133515	-0.47112375
755	F	-		p<0.05	14.0	p<0.05	14.0		-0.6716954444444445
756	E	p<0.05	8.0	p<0.05	14.0	p<0.05	14.0	-1.4140573333333333	-1.4140573333333333
757	N	-		p<0.05	14.0	p<0.05	14.0		-1.4140573333333333
758	V	-		-		-			
759	V	-		-		-			
760	A	-		-		-			
761	M	-		-		-			
762	G	-		-		-			
763	V	-		-		-			
764	S	-		-		-			
765	D	-		-		-			
766	K	-		-		-			
767	R	-		-		-			
768	D	-		-		-			
769	I	-		-		-			
770	S	-		-		-			
771	R	-		-		-			
772	F	-		-		-			
773	L	-		-		-			
774	E	-		-		-			
775	S	-		-		-			
776	N	-		-		-			
777	P	-		-		-			
778	V	-		-		-			
779	M	-		-		-			
780	I	-		p>=0.05		p>=0.05			-0.0328789999999999
781	D	-		p>=0.05		p>=0.05			-0.0305343333333333
782	A	p>=0.05		-		p>=0.05		-0.025845	
783	K	-		-		-			
784	E	-		p>=0.05		p>=0.05			-0.025845
785	V	-		p>=0.05		p>=0.05			-0.025845
786	S	-		-		-			
787	A	-		-		-			
788	A	-		-		-			
789	H	-		-		-			
790	R	-		p>=0.05		p>=0.05			-0.0010782499999999
791	A	p>=0.05		p>=0.05		p>=0.05		-0.363928	-0.0328789999999999
792	R	-		p>=0.05		p>=0.05			-0.363928
793	Y	-		p<0.05	14.0	p<0.05	14.0		-1.4140573333333333
794	F	-		p<0.05	14.0	p<0.05	14.0		-1.4140573333333333
795	W	-		p<0.05	14.0	p<0.05	14.0		-0.47112375
796	G	p>=0.05		p<0.05	14.0	p<0.05	14.0	-0.528896	-0.6019131666666667
797	N	-		p<0.05	14.0	p<0.05	14.0		-0.696194
798	L	p<0.05	5.0	p<0.05	14.0	p<0.05	14.0	-0.863492	-0.7299843333333333
799	P	p<0.05	5.0	p<0.05	14.0	p<0.05	14.0	-0.797565	-0.8305285
800	G	-		p<0.05	14.0	p<0.05	14.0		-0.797565
801	M	-		p<0.05	14.0	p<0.05	14.0		-0.6920350000000001
802	N	-		-		-			
803	R	-		-		-			
804	P	-		-		-			
805	L	-		p>=0.05		p>=0.05			-0.079011
806	A	p>=0.05		p>=0.05		p>=0.05		-0.079011	-0.079011
807	S	-		p>=0.05		p>=0.05			-0.385086
808	T	p<0.05	6.0	p<0.05	13.0	p<0.05	13.0	-0.691161	-0.599845
809	V	p>=0.05		p<0.05	13.0	p<0.05	13.0	-0.508529	-0.599845
810	N	-		p<0.05	13.0	p<0.05	13.0		-0.599845
811	D	-		p<0.05	13.0	p<0.05	13.0		-0.599845
812	K	-		-		-			
813	L	-		-		-			
814	E	-		-		-			
815	L	-		-		-			
816	Q	-		-		-			
817	E	-		-		-			
818	C	-		-		-			
819	L	-		-		-			
820	E	-		p>=0.05		p>=0.05			-0.282079
821	H	p>=0.05		p>=0.05		p>=0.05		-0.282079	-0.282079
822	G	-		p>=0.05		p>=0.05			-0.282079
823	R	-		p>=0.05		p>=0.05			-0.282079
824	I	-		-		-			
825	A	-		-		-			
826	K	-		-		-			
827	F	-		-		-			
828	S	-		-		-			
829	K	-		-		-			
830	V	-		-		-			
831	R	-		-		-			
832	T	-		-		-			
833	I	-		-		-			
834	T	-		-		-			
835	T	-		-		-			
836	R	-		-		-			
837	S	p>=0.05		p<0.05		p<0.05		-0.440554	-0.440554
838	N	-		-		-			
839	S	-		-		-			
840	I	-		-		-			
841	K	-		-		-			
842	Q	-		-		-			
843	G	-		-		-			
844	K	-		-		-			
845	D	-		-		-			
846	Q	-		-		-			
847	H	-		-		-			
848	F	-		-		-			
849	P	-		-		-			
850	V	-		-		-			
851	F	-		-		-			
852	M	-		p<0.05	3.0	p<0.05	3.0		-0.705059
853	N	-		p<0.05	3.0	p<0.05	3.0		-0.705059
854	E	p<0.05	3.0	p<0.05	3.0	p<0.05	3.0	-0.705059	-0.705059
855	K	-		p<0.05	3.0	p<0.05	3.0		-0.705059
856	E	-		-		-			
857	D	-		-		-			
858	I	-		-		-			
859	L	-		-		-			
860	W	-		-		-			
861	C	-		-		-			
862	T	-		-		-			
863	E	-		-		-			
864	M	-		-		-			
865	E	-		-		-			
866	R	-		p<0.05	11.0	p<0.05	11.0		-0.4251645
867	V	-		p<0.05	11.0	p<0.05	11.0		-0.4251645
868	F	-		p<0.05	11.0	p<0.05	11.0		-0.4251645
869	G	p<0.05	1.0	p<0.05	11.0	p<0.05	11.0	-0.909495	-0.4251645
870	F	-		p<0.05	11.0	p<0.05	11.0		-0.909495
871	P	-		-		-			
872	V	-		-		-			
873	H	-		p<0.05	10.0	p<0.05	9.0		-1.0889765
874	Y	-		p<0.05	10.0	p<0.05	9.0		-1.0889765
875	T	-		p<0.05	10.0	p<0.05	9.0		-1.0889765
876	D	p<0.05	12.0	p<0.05	10.0	p<0.05	9.0	-1.0889765	-1.0889765
877	V	p<0.05	12.0	p<0.05	10.0	p<0.05	9.0	-1.0889765	-0.8739716666666667
878	S	p>=0.05		p<0.05	10.0	p<0.05	9.0	-0.443962	-0.76646925
879	N	-		p<0.05	10.0	p<0.05	9.0		-0.443962
880	M	-		p>=0.05		p>=0.05			-0.306932
881	S	-		p>=0.05		p>=0.05			-0.169902
882	R	-		p>=0.05		p>=0.05			-0.169902
883	L	-		p>=0.05		p>=0.05			-0.169902
884	A	p>=0.05		p>=0.05		p>=0.05		-0.169902	-0.161901
885	R	-		p>=0.05		p>=0.05			-0.161901
886	Q	-		p>=0.05		p>=0.05			-0.161901
887	R	p>=0.05		p>=0.05		p>=0.05		-0.1539	-0.161901
888	L	-		p>=0.05		p>=0.05			-0.1539
889	L	-		p>=0.05		p>=0.05			-0.1539
890	G	-		p>=0.05		p>=0.05			-0.1539
891	R	-		-		-			
892	S	-		-		-			
893	W	-		-		-			
894	S	-		p>=0.05		p>=0.05			-0.095266
895	V	-		p<0.05	11.0	p<0.05	11.0		-0.5023805
896	P	-		p<0.05	11.0	p<0.05	11.0		-0.5023805
897	V	p>=0.05		p>=0.05		p>=0.05		-0.095266	-0.095266
898	I	-		p>=0.05		p>=0.05			-0.2551569999999999
899	R	-		p>=0.05		p>=0.05			-0.2551569999999999
900	H	-		p>=0.05		p>=0.05			-0.2551569999999999
901	L	p>=0.05		p>=0.05		p>=0.05		-0.415048	-0.415048
902	F	-		p>=0.05		p>=0.05			-0.415048
903	A	-		p>=0.05		p>=0.05			-0.415048
904	P	-		p<0.05	12.0	p<0.05	12.0		-0.507914
905	L	-		p<0.05	12.0	p<0.05	12.0		-0.507914
906	K	-		p<0.05	12.0	p<0.05	12.0		-0.507914
907	E	p>=0.05		p<0.05	12.0	p<0.05	12.0	-0.507914	-0.507914
908	Y	-		p>=0.05		p>=0.05			-0.1083793333333333
909	F	-		p>=0.05		p>=0.05			-0.3906913333333333
910	A	p>=0.05		p>=0.05		p>=0.05		-0.387425	-0.33208
911	C	-		p>=0.05		p>=0.05			-0.2821795
912	V	-		p>=0.05		p>=0.05			-0.176934
