residue	aa	LFC3D_neg	LFC3D_neg_abs	z	p_best	surface	flag	n_runs_p001_of12	direction	rationale
686	D	-1.736	1.736	-25.67	p<0.001	catalytic_pocket	TP_catalytic		LOF (neg channel; loss of DNMT3A activity)	SAH/SAM cofactor pocket or catalytic motif (4U7T <6A of SAH); expected LOF for activity screen
665	V	-1.736	1.736	-25.67	p<0.001	catalytic_pocket	TP_catalytic		LOF (neg channel; loss of DNMT3A activity)	SAH/SAM cofactor pocket or catalytic motif (4U7T <6A of SAH); expected LOF for activity screen
664	E	-1.642	1.642	-23.96	p<0.001	catalytic_pocket	TP_catalytic		LOF (neg channel; loss of DNMT3A activity)	SAH/SAM cofactor pocket or catalytic motif (4U7T <6A of SAH); expected LOF for activity screen
735	Y	-1.598	1.598	-23.16	p<0.001	FF_DNMT3A_DNMT3L	TP_FF	12.0	LOF (neg channel; loss of DNMT3A activity)	DNMT3A-DNMT3L (FF) interface; DNMT3L-stimulation handle
734	F	-1.598	1.598	-23.16	p<0.001		TP_catalytic_core		LOF (neg channel; loss of DNMT3A activity)	MTase catalytic-core buried residue (motif-adjacent); strong LOF consistent with fold/active-site
757	N	-1.414	1.414	-19.79	p<0.001		TP_catalytic_core		LOF (neg channel; loss of DNMT3A activity)	MTase catalytic-core buried residue (motif-adjacent); strong LOF consistent with fold/active-site
793	Y	-1.414	1.414	-19.79	p<0.001		TP_catalytic_core		LOF (neg channel; loss of DNMT3A activity)	MTase catalytic-core buried residue (motif-adjacent); strong LOF consistent with fold/active-site
756	E	-1.414	1.414	-19.79	p<0.001	catalytic_pocket	TP_catalytic		LOF (neg channel; loss of DNMT3A activity)	SAH/SAM cofactor pocket or catalytic motif (4U7T <6A of SAH); expected LOF for activity screen
794	F	-1.414	1.414	-19.79	p<0.001		TP_catalytic_core		LOF (neg channel; loss of DNMT3A activity)	MTase catalytic-core buried residue (motif-adjacent); strong LOF consistent with fold/active-site
666	C	-1.366	1.366	-18.91	p<0.001	catalytic_pocket	TP_catalytic		LOF (neg channel; loss of DNMT3A activity)	SAH/SAM cofactor pocket or catalytic motif (4U7T <6A of SAH); expected LOF for activity screen
293	G	-1.212	1.212		p<0.001		TP_outofscope_PWWP		LOF (neg channel; loss of DNMT3A activity)	Real screen LOF hit in PWWP/N-term (out of 4U7T 474-912 scope; PWWP reads H3K36me3, mutated in AML/TBRS)
294	E	-1.212	1.212		p<0.001		TP_outofscope_PWWP		LOF (neg channel; loss of DNMT3A activity)	Real screen LOF hit in PWWP/N-term (out of 4U7T 474-912 scope; PWWP reads H3K36me3, mutated in AML/TBRS)
642	G	-1.207	1.207	-16.01	p<0.001	catalytic_pocket	TP_catalytic		LOF (neg channel; loss of DNMT3A activity)	SAH/SAM cofactor pocket or catalytic motif (4U7T <6A of SAH); expected LOF for activity screen
667	E	-1.181	1.181	-15.53	p<0.001		TP_catalytic_core		LOF (neg channel; loss of DNMT3A activity)	MTase catalytic-core buried residue (motif-adjacent); strong LOF consistent with fold/active-site
685	G	-1.171	1.171	-15.35	p<0.001	catalytic_pocket	TP_catalytic		LOF (neg channel; loss of DNMT3A activity)	SAH/SAM cofactor pocket or catalytic motif (4U7T <6A of SAH); expected LOF for activity screen
641	D	-1.158	1.158	-15.11	p<0.001	catalytic_pocket	TP_catalytic		LOF (neg channel; loss of DNMT3A activity)	SAH/SAM cofactor pocket or catalytic motif (4U7T <6A of SAH); expected LOF for activity screen
713	L	-1.134	1.134	-14.67	p<0.001		TP_catalytic_core		LOF (neg channel; loss of DNMT3A activity)	MTase catalytic-core buried residue (motif-adjacent); strong LOF consistent with fold/active-site
723	L	-1.134	1.134	-14.67	p<0.001		TP_catalytic_core		LOF (neg channel; loss of DNMT3A activity)	MTase catalytic-core buried residue (motif-adjacent); strong LOF consistent with fold/active-site
730	L	-1.134	1.134	-14.67	p<0.001	catalytic_pocket	TP_catalytic		LOF (neg channel; loss of DNMT3A activity)	SAH/SAM cofactor pocket or catalytic motif (4U7T <6A of SAH); expected LOF for activity screen
724	Y	-1.134	1.134	-14.67	p<0.001	FF_DNMT3A_DNMT3L	TP_FF	11.0	LOF (neg channel; loss of DNMT3A activity)	DNMT3A-DNMT3L (FF) interface; DNMT3L-stimulation handle
729	R	-1.134	1.134	-14.67	p<0.001	FF_DNMT3A_DNMT3L	TP_FF_clinical	12.0	LOF (neg channel; loss of DNMT3A activity)	DNMT3A-DNMT3L (FF) interface; 729 is a documented cancer/functional residue (R736H ~2% AML; R729W abolishes processivity)
640	F	-1.126	1.126	-14.54	p<0.001	catalytic_pocket	TP_catalytic		LOF (neg channel; loss of DNMT3A activity)	SAH/SAM cofactor pocket or catalytic motif (4U7T <6A of SAH); expected LOF for activity screen
337	S	-1.095	1.095		p<0.001		TP_outofscope_PWWP		LOF (neg channel; loss of DNMT3A activity)	Real screen LOF hit in PWWP/N-term (out of 4U7T 474-912 scope; PWWP reads H3K36me3, mutated in AML/TBRS)
875	T	-1.089	1.089	-13.85	p<0.001		LOWER_CONFIDENCE		LOF (neg channel; loss of DNMT3A activity)	significant p<.05 but weaker signal / no annotated element; treat as lower-confidence (possible bystander/neighbor-driven)
876	D	-1.089	1.089	-13.85	p<0.001	RD_homodimer	NOVEL_CANDIDATE	12.0	LOF (neg channel; loss of DNMT3A activity)	RD homotetramer interface; clinically UNANNOTATED base-editable patch adjacent to R882 = candidate R882-proxy / tetramerization epitope
873	H	-1.089	1.089	-13.85	p<0.001	RD_homodimer	NOVEL_CANDIDATE	11.0	LOF (neg channel; loss of DNMT3A activity)	RD homotetramer interface; clinically UNANNOTATED base-editable patch adjacent to R882 = candidate R882-proxy / tetramerization epitope
874	Y	-1.089	1.089	-13.85	p<0.001		LOWER_CONFIDENCE		LOF (neg channel; loss of DNMT3A activity)	significant p<.05 but weaker signal / no annotated element; treat as lower-confidence (possible bystander/neighbor-driven)
669	S	-1.025	1.025	-12.69	p<0.001	catalytic_pocket	TP_catalytic		LOF (neg channel; loss of DNMT3A activity)	SAH/SAM cofactor pocket or catalytic motif (4U7T <6A of SAH); expected LOF for activity screen
668	D	-1.025	1.025	-12.69	p<0.001		TP_catalytic_core		LOF (neg channel; loss of DNMT3A activity)	MTase catalytic-core buried residue (motif-adjacent); strong LOF consistent with fold/active-site
670	I	-1.025	1.025	-12.69	p<0.001		TP_catalytic_core		LOF (neg channel; loss of DNMT3A activity)	MTase catalytic-core buried residue (motif-adjacent); strong LOF consistent with fold/active-site
662	A	-1.022	1.022	-12.63	p<0.001		TP_catalytic_core		LOF (neg channel; loss of DNMT3A activity)	MTase catalytic-core buried residue (motif-adjacent); strong LOF consistent with fold/active-site
643	I	-1.005	1.005	-12.33	p<0.001	catalytic_pocket	TP_catalytic		LOF (neg channel; loss of DNMT3A activity)	SAH/SAM cofactor pocket or catalytic motif (4U7T <6A of SAH); expected LOF for activity screen
736	R	-0.939	0.939	-11.12	p<0.001	FF_DNMT3A_DNMT3L	TP_FF_clinical	12.0	LOF (neg channel; loss of DNMT3A activity)	DNMT3A-DNMT3L (FF) interface; 736 is a documented cancer/functional residue (R736H ~2% AML; R729W abolishes processivity)
870	F	-0.909	0.909	-10.57	p<0.001	catalytic_pocket	TP_catalytic		LOF (neg channel; loss of DNMT3A activity)	SAH/SAM cofactor pocket or catalytic motif (4U7T <6A of SAH); expected LOF for activity screen
671	T	-0.898	0.898	-10.37	p<0.001	RD_homodimer	NOVEL_CANDIDATE	12.0	LOF (neg channel; loss of DNMT3A activity)	RD homotetramer interface; clinically UNANNOTATED base-editable patch adjacent to R882 = candidate R882-proxy / tetramerization epitope
877	V	-0.874	0.874	-9.92	p<0.001	RD_homodimer	NOVEL_CANDIDATE	12.0	LOF (neg channel; loss of DNMT3A activity)	RD homotetramer interface; clinically UNANNOTATED base-editable patch adjacent to R882 = candidate R882-proxy / tetramerization epitope
644	A	-0.867	0.867	-9.79	p<0.001	catalytic_pocket	TP_catalytic		LOF (neg channel; loss of DNMT3A activity)	SAH/SAM cofactor pocket or catalytic motif (4U7T <6A of SAH); expected LOF for activity screen
752	F	-0.863	0.863	-9.73	p<0.001		TP_catalytic_core		LOF (neg channel; loss of DNMT3A activity)	MTase catalytic-core buried residue (motif-adjacent); strong LOF consistent with fold/active-site
799	P	-0.831	0.831	-9.13	p<0.001		TP_catalytic_core		LOF (neg channel; loss of DNMT3A activity)	MTase catalytic-core buried residue (motif-adjacent); strong LOF consistent with fold/active-site
707	G	-0.801	0.801	-8.59	p<0.001	catalytic_pocket	TP_catalytic		LOF (neg channel; loss of DNMT3A activity)	SAH/SAM cofactor pocket or catalytic motif (4U7T <6A of SAH); expected LOF for activity screen
800	G	-0.798	0.798	-8.53	p<0.001	ADD_MTase	LOWER_CONFIDENCE		LOF (neg channel; loss of DNMT3A activity)	significant p<.05 but weaker signal / no annotated element; treat as lower-confidence (possible bystander/neighbor-driven)
663	S	-0.789	0.789	-8.37	p<0.001	catalytic_pocket	TP_catalytic		LOF (neg channel; loss of DNMT3A activity)	SAH/SAM cofactor pocket or catalytic motif (4U7T <6A of SAH); expected LOF for activity screen
878	S	-0.766	0.766	-7.96	p<0.001	RD_homodimer	NOVEL_CANDIDATE	12.0	LOF (neg channel; loss of DNMT3A activity)	RD homotetramer interface; clinically UNANNOTATED base-editable patch adjacent to R882 = candidate R882-proxy / tetramerization epitope
672	V	-0.766	0.766	-7.94	p<0.001		LOWER_CONFIDENCE		LOF (neg channel; loss of DNMT3A activity)	significant p<.05 but weaker signal / no annotated element; treat as lower-confidence (possible bystander/neighbor-driven)
639	L	-0.744	0.744	-7.55	p<0.001	catalytic_pocket	TP_catalytic		LOF (neg channel; loss of DNMT3A activity)	SAH/SAM cofactor pocket or catalytic motif (4U7T <6A of SAH); expected LOF for activity screen
638	S	-0.744	0.744	-7.55	p<0.001		LOWER_CONFIDENCE		LOF (neg channel; loss of DNMT3A activity)	significant p<.05 but weaker signal / no annotated element; treat as lower-confidence (possible bystander/neighbor-driven)
737	L	-0.733	0.733	-7.34	p<0.001		LOWER_CONFIDENCE		LOF (neg channel; loss of DNMT3A activity)	significant p<.05 but weaker signal / no annotated element; treat as lower-confidence (possible bystander/neighbor-driven)
798	L	-0.73	0.73	-7.29	p<0.001		LOWER_CONFIDENCE		LOF (neg channel; loss of DNMT3A activity)	significant p<.05 but weaker signal / no annotated element; treat as lower-confidence (possible bystander/neighbor-driven)
520	C	-0.706	0.706	-6.85	p<0.001	H3_ADD_read	LOWER_CONFIDENCE		LOF (neg channel; loss of DNMT3A activity)	significant p<.05 but weaker signal / no annotated element; treat as lower-confidence (possible bystander/neighbor-driven)
517	C	-0.706	0.706	-6.85	p<0.001	ADD_Zn	LOWER_CONFIDENCE		LOF (neg channel; loss of DNMT3A activity)	significant p<.05 but weaker signal / no annotated element; treat as lower-confidence (possible bystander/neighbor-driven)
519	N	-0.706	0.706	-6.85	p<0.001		LOWER_CONFIDENCE		LOF (neg channel; loss of DNMT3A activity)	significant p<.05 but weaker signal / no annotated element; treat as lower-confidence (possible bystander/neighbor-driven)
522	L	-0.706	0.706	-6.85	p<0.001	ADD_MTase	LOWER_CONFIDENCE		LOF (neg channel; loss of DNMT3A activity)	significant p<.05 but weaker signal / no annotated element; treat as lower-confidence (possible bystander/neighbor-driven)
518	K	-0.706	0.706	-6.85	p<0.001		LOWER_CONFIDENCE		LOF (neg channel; loss of DNMT3A activity)	significant p<.05 but weaker signal / no annotated element; treat as lower-confidence (possible bystander/neighbor-driven)
855	K	-0.705	0.705	-6.84	p<0.001		LOWER_CONFIDENCE		LOF (neg channel; loss of DNMT3A activity)	significant p<.05 but weaker signal / no annotated element; treat as lower-confidence (possible bystander/neighbor-driven)
854	E	-0.705	0.705	-6.84	p<0.001		LOWER_CONFIDENCE		LOF (neg channel; loss of DNMT3A activity)	significant p<.05 but weaker signal / no annotated element; treat as lower-confidence (possible bystander/neighbor-driven)
852	M	-0.705	0.705	-6.84	p<0.001		LOWER_CONFIDENCE		LOF (neg channel; loss of DNMT3A activity)	significant p<.05 but weaker signal / no annotated element; treat as lower-confidence (possible bystander/neighbor-driven)
853	N	-0.705	0.705	-6.84	p<0.001		LOWER_CONFIDENCE		LOF (neg channel; loss of DNMT3A activity)	significant p<.05 but weaker signal / no annotated element; treat as lower-confidence (possible bystander/neighbor-driven)
797	N	-0.696	0.696	-6.68	p<0.001		LOWER_CONFIDENCE		LOF (neg channel; loss of DNMT3A activity)	significant p<.05 but weaker signal / no annotated element; treat as lower-confidence (possible bystander/neighbor-driven)
801	M	-0.692	0.692	-6.6	p<0.001		LOWER_CONFIDENCE		LOF (neg channel; loss of DNMT3A activity)	significant p<.05 but weaker signal / no annotated element; treat as lower-confidence (possible bystander/neighbor-driven)
728	G	-0.692	0.692	-6.6	p<0.001		LOWER_CONFIDENCE		LOF (neg channel; loss of DNMT3A activity)	significant p<.05 but weaker signal / no annotated element; treat as lower-confidence (possible bystander/neighbor-driven)
726	G	-0.692	0.692	-6.6	p<0.001		LOWER_CONFIDENCE		LOF (neg channel; loss of DNMT3A activity)	significant p<.05 but weaker signal / no annotated element; treat as lower-confidence (possible bystander/neighbor-driven)
725	E	-0.692	0.692	-6.6	p<0.001	FF_DNMT3A_DNMT3L	TP_FF	11.0	LOF (neg channel; loss of DNMT3A activity)	DNMT3A-DNMT3L (FF) interface; DNMT3L-stimulation handle
727	T	-0.692	0.692	-6.6	p<0.001		LOWER_CONFIDENCE		LOF (neg channel; loss of DNMT3A activity)	significant p<.05 but weaker signal / no annotated element; treat as lower-confidence (possible bystander/neighbor-driven)
312	S	-0.676	0.676		p<0.001		TP_outofscope_PWWP		LOF (neg channel; loss of DNMT3A activity)	Real screen LOF hit in PWWP/N-term (out of 4U7T 474-912 scope; PWWP reads H3K36me3, mutated in AML/TBRS)
755	F	-0.672	0.672	-6.23	p<0.001		LOWER_CONFIDENCE		LOF (neg channel; loss of DNMT3A activity)	significant p<.05 but weaker signal / no annotated element; treat as lower-confidence (possible bystander/neighbor-driven)
646	G	-0.67	0.67	-6.2	p<0.001	catalytic_pocket	TP_catalytic		LOF (neg channel; loss of DNMT3A activity)	SAH/SAM cofactor pocket or catalytic motif (4U7T <6A of SAH); expected LOF for activity screen
647	L	-0.67	0.67	-6.2	p<0.001		LOWER_CONFIDENCE		LOF (neg channel; loss of DNMT3A activity)	significant p<.05 but weaker signal / no annotated element; treat as lower-confidence (possible bystander/neighbor-driven)
645	T	-0.67	0.67	-6.2	p<0.001	catalytic_pocket	TP_catalytic		LOF (neg channel; loss of DNMT3A activity)	SAH/SAM cofactor pocket or catalytic motif (4U7T <6A of SAH); expected LOF for activity screen
740	D	-0.661	0.661	-6.04	p<0.001		LOWER_CONFIDENCE		LOF (neg channel; loss of DNMT3A activity)	significant p<.05 but weaker signal / no annotated element; treat as lower-confidence (possible bystander/neighbor-driven)
741	A	-0.661	0.661	-6.04	p<0.001		LOWER_CONFIDENCE		LOF (neg channel; loss of DNMT3A activity)	significant p<.05 but weaker signal / no annotated element; treat as lower-confidence (possible bystander/neighbor-driven)
739	H	-0.661	0.661	-6.04	p<0.001	FF_DNMT3A_DNMT3L	TP_FF	11.0	LOF (neg channel; loss of DNMT3A activity)	DNMT3A-DNMT3L (FF) interface; DNMT3L-stimulation handle
738	L	-0.661	0.661	-6.04	p<0.001		LOWER_CONFIDENCE		LOF (neg channel; loss of DNMT3A activity)	significant p<.05 but weaker signal / no annotated element; treat as lower-confidence (possible bystander/neighbor-driven)
287	G	-0.658	0.658		p<0.001		TP_outofscope_PWWP		LOF (neg channel; loss of DNMT3A activity)	Real screen LOF hit in PWWP/N-term (out of 4U7T 474-912 scope; PWWP reads H3K36me3, mutated in AML/TBRS)
673	G	-0.65	0.65	-5.83	p<0.001		LOWER_CONFIDENCE		LOF (neg channel; loss of DNMT3A activity)	significant p<.05 but weaker signal / no annotated element; treat as lower-confidence (possible bystander/neighbor-driven)
722	G	-0.648	0.648	-5.8	p<0.001		LOWER_CONFIDENCE		LOF (neg channel; loss of DNMT3A activity)	significant p<.05 but weaker signal / no annotated element; treat as lower-confidence (possible bystander/neighbor-driven)
712	D	-0.648	0.648	-5.8	p<0.001		LOWER_CONFIDENCE		LOF (neg channel; loss of DNMT3A activity)	significant p<.05 but weaker signal / no annotated element; treat as lower-confidence (possible bystander/neighbor-driven)
601	W	-0.624	0.624	-5.35	p<0.001	ADD_MTase	LOWER_CONFIDENCE		LOF (neg channel; loss of DNMT3A activity)	significant p<.05 but weaker signal / no annotated element; treat as lower-confidence (possible bystander/neighbor-driven)
796	G	-0.602	0.602	-4.95	p<0.001		LOWER_CONFIDENCE		LOF (neg channel; loss of DNMT3A activity)	significant p<.05 but weaker signal / no annotated element; treat as lower-confidence (possible bystander/neighbor-driven)
811	D	-0.6	0.6	-4.92	p<0.001		LOWER_CONFIDENCE		LOF (neg channel; loss of DNMT3A activity)	significant p<.05 but weaker signal / no annotated element; treat as lower-confidence (possible bystander/neighbor-driven)
809	V	-0.6	0.6	-4.92	p<0.001	H3_ADD_read	LOWER_CONFIDENCE		LOF (neg channel; loss of DNMT3A activity)	significant p<.05 but weaker signal / no annotated element; treat as lower-confidence (possible bystander/neighbor-driven)
808	T	-0.6	0.6	-4.92	p<0.001		LOWER_CONFIDENCE		LOF (neg channel; loss of DNMT3A activity)	significant p<.05 but weaker signal / no annotated element; treat as lower-confidence (possible bystander/neighbor-driven)
810	N	-0.6	0.6	-4.92	p<0.001	ADD_MTase	LOWER_CONFIDENCE		LOF (neg channel; loss of DNMT3A activity)	significant p<.05 but weaker signal / no annotated element; treat as lower-confidence (possible bystander/neighbor-driven)
492	D	-0.599	0.599	-4.91	p<0.001		LOWER_CONFIDENCE		LOF (neg channel; loss of DNMT3A activity)	significant p<.05 but weaker signal / no annotated element; treat as lower-confidence (possible bystander/neighbor-driven)
491	E	-0.599	0.599	-4.91	p<0.001		LOWER_CONFIDENCE		LOF (neg channel; loss of DNMT3A activity)	significant p<.05 but weaker signal / no annotated element; treat as lower-confidence (possible bystander/neighbor-driven)
366	R	-0.597	0.597		p<0.001		TP_outofscope_PWWP		LOF (neg channel; loss of DNMT3A activity)	Real screen LOF hit in PWWP/N-term (out of 4U7T 474-912 scope; PWWP reads H3K36me3, mutated in AML/TBRS)
637	L	-0.588	0.588	-4.71	p<0.001		LOWER_CONFIDENCE		LOF (neg channel; loss of DNMT3A activity)	significant p<.05 but weaker signal / no annotated element; treat as lower-confidence (possible bystander/neighbor-driven)
674	M	-0.583	0.583	-4.61	p<0.001	RD_homodimer	NOVEL_CANDIDATE	11.0	LOF (neg channel; loss of DNMT3A activity)	RD homotetramer interface; clinically UNANNOTATED base-editable patch adjacent to R882 = candidate R882-proxy / tetramerization epitope
648	L	-0.58	0.58	-4.55	p<0.001		LOWER_CONFIDENCE		LOF (neg channel; loss of DNMT3A activity)	significant p<.05 but weaker signal / no annotated element; treat as lower-confidence (possible bystander/neighbor-driven)
301	R	-0.521	0.521		p<0.001		TP_outofscope_PWWP		LOF (neg channel; loss of DNMT3A activity)	Real screen LOF hit in PWWP/N-term (out of 4U7T 474-912 scope; PWWP reads H3K36me3, mutated in AML/TBRS)
676	R	-0.517	0.517	-3.41	p<0.001	RD_homodimer	NOVEL_CANDIDATE	10.0	LOF (neg channel; loss of DNMT3A activity)	RD homotetramer interface; clinically UNANNOTATED base-editable patch adjacent to R882 = candidate R882-proxy / tetramerization epitope
679	G	-0.517	0.517	-3.41	p<0.001		LOWER_CONFIDENCE		LOF (neg channel; loss of DNMT3A activity)	significant p<.05 but weaker signal / no annotated element; treat as lower-confidence (possible bystander/neighbor-driven)
677	H	-0.517	0.517	-3.41	p<0.001		LOWER_CONFIDENCE		LOF (neg channel; loss of DNMT3A activity)	significant p<.05 but weaker signal / no annotated element; treat as lower-confidence (possible bystander/neighbor-driven)
678	Q	-0.517	0.517	-3.41	p<0.001	RD_homodimer	TP_RD	8.0	LOF (neg channel; loss of DNMT3A activity)	RD homotetramer (tetramerization) interface
675	V	-0.517	0.517	-3.41	p<0.001	RD_homodimer	NOVEL_CANDIDATE	11.0	LOF (neg channel; loss of DNMT3A activity)	RD homotetramer interface; clinically UNANNOTATED base-editable patch adjacent to R882 = candidate R882-proxy / tetramerization epitope
907	E	-0.508	0.508	-3.24	p<0.001	ADD_MTase	LOWER_CONFIDENCE		LOF (neg channel; loss of DNMT3A activity)	significant p<.05 but weaker signal / no annotated element; treat as lower-confidence (possible bystander/neighbor-driven)
906	K	-0.508	0.508	-3.24	p<0.001	ADD_MTase	LOWER_CONFIDENCE		LOF (neg channel; loss of DNMT3A activity)	significant p<.05 but weaker signal / no annotated element; treat as lower-confidence (possible bystander/neighbor-driven)
904	P	-0.508	0.508	-3.24	p<0.001	ADD_MTase	LOWER_CONFIDENCE		LOF (neg channel; loss of DNMT3A activity)	significant p<.05 but weaker signal / no annotated element; treat as lower-confidence (possible bystander/neighbor-driven)
905	L	-0.508	0.508	-3.24	p<0.001		LOWER_CONFIDENCE		LOF (neg channel; loss of DNMT3A activity)	significant p<.05 but weaker signal / no annotated element; treat as lower-confidence (possible bystander/neighbor-driven)
895	V	-0.502	0.502	-3.13	p<0.001		LOWER_CONFIDENCE		LOF (neg channel; loss of DNMT3A activity)	significant p<.05 but weaker signal / no annotated element; treat as lower-confidence (possible bystander/neighbor-driven)
896	P	-0.502	0.502	-3.13	p<0.001		LOWER_CONFIDENCE		LOF (neg channel; loss of DNMT3A activity)	significant p<.05 but weaker signal / no annotated element; treat as lower-confidence (possible bystander/neighbor-driven)
700	P	-0.492	0.492	-2.95	p<0.01		LOWER_CONFIDENCE		LOF (neg channel; loss of DNMT3A activity)	significant p<.05 but weaker signal / no annotated element; treat as lower-confidence (possible bystander/neighbor-driven)
699	G	-0.492	0.492	-2.95	p<0.01		LOWER_CONFIDENCE		LOF (neg channel; loss of DNMT3A activity)	significant p<.05 but weaker signal / no annotated element; treat as lower-confidence (possible bystander/neighbor-driven)
795	W	-0.471	0.471	-2.56	p<0.01		LOWER_CONFIDENCE		LOF (neg channel; loss of DNMT3A activity)	significant p<.05 but weaker signal / no annotated element; treat as lower-confidence (possible bystander/neighbor-driven)
753	W	-0.471	0.471	-2.56	p<0.01		LOWER_CONFIDENCE		LOF (neg channel; loss of DNMT3A activity)	significant p<.05 but weaker signal / no annotated element; treat as lower-confidence (possible bystander/neighbor-driven)
754	L	-0.471	0.471	-2.56	p<0.01		LOWER_CONFIDENCE		LOF (neg channel; loss of DNMT3A activity)	significant p<.05 but weaker signal / no annotated element; treat as lower-confidence (possible bystander/neighbor-driven)
508	L	-0.459	0.459	-2.34	p<0.01		LOWER_CONFIDENCE		LOF (neg channel; loss of DNMT3A activity)	significant p<.05 but weaker signal / no annotated element; treat as lower-confidence (possible bystander/neighbor-driven)
507	P	-0.459	0.459	-2.34	p<0.01		LOWER_CONFIDENCE		LOF (neg channel; loss of DNMT3A activity)	significant p<.05 but weaker signal / no annotated element; treat as lower-confidence (possible bystander/neighbor-driven)
546	V	-0.452	0.452	-2.22	p<0.05	H3_ADD_read	LOWER_CONFIDENCE		LOF (neg channel; loss of DNMT3A activity)	significant p<.05 but weaker signal / no annotated element; treat as lower-confidence (possible bystander/neighbor-driven)
558	F	-0.448	0.448	-2.15	p<0.05		LOWER_CONFIDENCE		LOF (neg channel; loss of DNMT3A activity)	significant p<.05 but weaker signal / no annotated element; treat as lower-confidence (possible bystander/neighbor-driven)
743	P	-0.447	0.447	-2.12	p<0.05		LOWER_CONFIDENCE		LOF (neg channel; loss of DNMT3A activity)	significant p<.05 but weaker signal / no annotated element; treat as lower-confidence (possible bystander/neighbor-driven)
879	N	-0.444	0.444	-2.07	p<0.05	RD_homodimer	TP_RD	6.0	LOF (neg channel; loss of DNMT3A activity)	RD homotetramer (tetramerization) interface
837	S	-0.441	0.441	-2.0	p<0.05	DNA_face	LOWER_CONFIDENCE		LOF (neg channel; loss of DNMT3A activity)	significant p<.05 but weaker signal / no annotated element; treat as lower-confidence (possible bystander/neighbor-driven)
395	T	-0.439	0.439		p<0.05		TP_outofscope_PWWP		LOF (neg channel; loss of DNMT3A activity)	Real screen LOF hit in PWWP/N-term (out of 4U7T 474-912 scope; PWWP reads H3K36me3, mutated in AML/TBRS)
869	G	-0.425	0.425	-1.72	p<0.05		LOWER_CONFIDENCE		LOF (neg channel; loss of DNMT3A activity)	significant p<.05 but weaker signal / no annotated element; treat as lower-confidence (possible bystander/neighbor-driven)
868	F	-0.425	0.425	-1.72	p<0.05		LOWER_CONFIDENCE		LOF (neg channel; loss of DNMT3A activity)	significant p<.05 but weaker signal / no annotated element; treat as lower-confidence (possible bystander/neighbor-driven)
866	R	-0.425	0.425	-1.72	p<0.05		LOWER_CONFIDENCE		LOF (neg channel; loss of DNMT3A activity)	significant p<.05 but weaker signal / no annotated element; treat as lower-confidence (possible bystander/neighbor-driven)
867	V	-0.425	0.425	-1.72	p<0.05		LOWER_CONFIDENCE		LOF (neg channel; loss of DNMT3A activity)	significant p<.05 but weaker signal / no annotated element; treat as lower-confidence (possible bystander/neighbor-driven)
882	R	-0.17	0.17	2.94	NS (p>=0.05)	RD_homodimer	FALSE_NEGATIVE	1.0	LOF (not detected)	R882H dominant AML hotspot; G>A change NOT accessible to CBE; no guide in screen; BE-invisible (sig in only 1/12 runs, via distant neighbors)
