unipos	unires	LFC3D_pos	direction	sig_r6	persist_n_of_4	d_allo_A	d_atp_A	pLDDT	AM_mean	AM_class	struct_class	flag
1	M	1.297	resistance(+)	p<0.001	4	23.76	32.67	40	0.381	Amb	distal	likely-FP(low-pLDDT)
133	F	1.148	resistance(+)	p<0.001	4	4.61	9.8	95	0.978	LPath	allosteric-pocket	TP-pocket-resistance
21	G	1.031	resistance(+)	p<0.001	4	27.54	33.83	29	0.205	LBen	distal	likely-FP(low-pLDDT)
123	H	0.995	resistance(+)	p<0.001	4	7.91	15.25	90	0.934	LPath	distal	novel-pocket-shoulder
132	G	0.981	resistance(+)	p<0.001	4	4.97	7.71	95	0.987	LPath	allosteric-pocket	TP-activating(3dhotspots)
134	Y	0.954	resistance(+)	p<0.001	4	7.15	9.04	95	0.93	LPath	distal	TP-activating(3dhotspots)
135	G	0.95	resistance(+)	p<0.001	4	7.81	11.51	94	0.991	LPath	distal	TP-activating(3dhotspots)
22	P	0.918	resistance(+)	p<0.001	4	28.55	34.24	28	0.12	LBen	distal	likely-FP(low-pLDDT)
121	V	0.913	resistance(+)	p<0.001	4	8.49	16.75	89	0.938	LPath	distal	novel-pocket-shoulder
125	C	0.908	resistance(+)	p<0.001	4	6.52	13.67	90	0.991	LPath	distal	TP-pocket-resistance
19	A	0.827	resistance(+)	p<0.001	4	24.36	32.69	32	0.189	LBen	distal	likely-FP(low-pLDDT)
122	L	0.806	resistance(+)	p<0.001	4	3.69	12.19	91	0.981	LPath	allosteric-pocket	TP-pocket-resistance
124	E	0.784	resistance(+)	p<0.001	4	9.53	17.03	89	0.668	LPath	distal	novel-pocket-shoulder
223	M	0.769	resistance(+)	p<0.001	4	2.97	7.45	76	0.94	LPath	allosteric-pocket	TP-pocket-resistance
224	A	0.769	resistance(+)	p<0.001	4	5.41	11.16	66	0.993	LPath	allosteric-pocket	TP-pocket(structural)
225	N	0.751	resistance(+)	p<0.001	4	8.19	11.29	55	0.899	LPath	distal	likely-FP(low-pLDDT)
222	S	0.74	resistance(+)	p<0.001	4	7.33	12.28	79	0.986	LPath	distal	novel-pocket-shoulder
58	L	0.737	resistance(+)	p<0.001	4	12.25	15.78	90	0.854	LPath	distal	TP-activating(3dhotspots)
112	R	0.722	resistance(+)	p<0.001	4	11.06	19.33	91	0.945	LPath	distal	novel-pocket-shoulder
226	S	0.722	resistance(+)	p<0.001	4	6.1	7.44	55	0.962	LPath	distal	likely-FP(low-pLDDT)
113	N	0.685	resistance(+)	p<0.001	4	12.2	21.41	91	0.578	LPath	distal	novel-distal(>12A)
6	K	0.682	resistance(+)	p<0.001	4	8.77	17.87	36	0.57	LPath	distal	likely-FP(low-pLDDT)
18	I	0.673	resistance(+)	p<0.001	4	19.79	29.06	30	0.152	LBen	distal	likely-FP(low-pLDDT)
57	F	0.668	resistance(+)	p<0.001	4	8.42	10.43	91	0.985	LPath	distal	TP-activating(3dhotspots)
55	E	0.665	resistance(+)	p<0.001	4	15.95	18.15	89	0.561	LPath	distal	TP-activating(3dhotspots)
110	A	0.656	resistance(+)	p<0.001	4	14.43	22.96	91	0.749	LPath	distal	novel-distal(>12A)
109	P	0.654	resistance(+)	p<0.001	4	15.93	23.32	90	0.861	LPath	distal	novel-distal(>12A)
111	I	0.649	resistance(+)	p<0.001	4	11.3	18.93	91	0.884	LPath	distal	novel-pocket-shoulder
56	A	0.623	resistance(+)	p<0.001	4	15.54	16.17	90	0.425	Amb	distal	TP-activating(3dhotspots)
2	L	0.618	resistance(+)	p<0.001	4	21.29	30.76	34	0.136	LBen	distal	likely-FP(low-pLDDT)
54	L	0.615	resistance(+)	p<0.001	4	11.63	15.21	89	0.91	LPath	distal	TP-activating(3dhotspots)
114	Q	0.605	resistance(+)	p<0.001	4	9.46	19.86	92	0.959	LPath	distal	novel-pocket-shoulder
293	S	0.592	resistance(+)	p<0.001	4	32.25	31.77	34	0.125	LBen	distal	likely-FP(low-pLDDT)
120	Q	0.577	resistance(+)	p<0.001	4	7.98	17.57	88	0.625	LPath	distal	novel-pocket-shoulder
52	K	0.576	resistance(+)	p<0.001	4	18.06	18.68	90	0.46	LBen	distal	TP-activating(3dhotspots)
31	E	0.573	resistance(+)	p<0.001	4	24.42	28.69	41	0.372	LBen	distal	likely-FP(low-pLDDT)
30	S	0.566	resistance(+)	p<0.001	4	22.82	26.55	41	0.186	LBen	distal	likely-FP(low-pLDDT)
53	R	0.566	resistance(+)	p<0.001	4	14.59	15.3	89	0.966	LPath	distal	TP-activating(3dhotspots)
317	A	0.563	resistance(+)	p<0.001	4	19.14	17.39	88	0.927	LPath	distal	novel-distal(>12A)
374	V	0.552	resistance(+)	p<0.001	4	27.2	27.59	94	0.199	LBen	distal	novel-distal(>12A)
108	K	0.55	resistance(+)	p<0.001	4	15.67	21.42	90	0.955	LPath	distal	novel-distal(>12A)
46	L	0.547	resistance(+)	p<0.001	4	16.26	19.84	81	0.842	LPath	distal	novel-distal(>12A)
51	K	0.544	resistance(+)	p<0.001	4	17.55	19.56	88	0.674	LPath	distal	TP-activating(3dhotspots)
318	I	0.536	resistance(+)	p<0.001	4	14.04	12.58	86	0.956	LPath	distal	novel-distal(>12A)
59	T	0.532	resistance(+)	p<0.001	4	15.93	18.01	90	0.284	LBen	distal	TP-activating(3dhotspots)
61	K	0.519	resistance(+)	p<0.001	4	9.07	14.43	91	0.965	LPath	distal	TP-activating(3dhotspots)
115	I	0.516	resistance(+)	p<0.001	4	6.72	15.14	92	0.99	LPath	distal	TP-pocket-resistance
29	A	0.51	resistance(+)	p<0.001	4	22.59	26.96	33	0.165	LBen	distal	likely-FP(low-pLDDT)
32	A	0.5	resistance(+)	p<0.001	4	22.6	27.75	48	0.303	LBen	distal	likely-FP(low-pLDDT)
178	L	0.5	resistance(+)	p<0.001	4	15.5	18.08	98	0.822	LPath	distal	novel-distal(>12A)
60	Q	0.496	resistance(+)	p<0.001	4	14.63	13.37	91	0.636	LPath	distal	TP-activating(3dhotspots)
221	D	0.482	resistance(+)	p<0.001	4	5.1	13.28	81	0.989	LPath	allosteric-pocket	TP-pocket(structural)
294	I	0.458	resistance(+)	p<0.001	4	28.69	26.74	40	0.107	LBen	distal	likely-FP(low-pLDDT)
119	L	0.457	resistance(+)	p<0.001	4	2.72	13.13	92	0.987	LPath	allosteric-pocket	TP-pocket-resistance
206	G	0.45	resistance(+)	p<0.001	4	16.65	13.48	93	0.992	LPath	distal	novel-distal(>12A)
47	D	0.445	resistance(+)	p<0.001	4	20.26	21.3	85	0.87	LPath	distal	novel-distal(>12A)
227	F	0.445	resistance(+)	p<0.001	4	3.65	5.95	49	0.998	LPath	allosteric-pocket	TP-pocket(structural)
181	L	0.437	resistance(+)	p<0.001	4	11.34	14.49	97	0.969	LPath	distal	novel-pocket-shoulder
269	P	0.434	resistance(+)	p<0.001	4	24.59	21.72	91	0.616	LPath	distal	novel-distal(>12A)
278	I	0.393	resistance(+)	p<0.01	4	28.04	21.97	92	0.539	LPath	distal	novel-distal(>12A)
20	E	0.943	resistance(+)	p<0.001	3	26.61	34.72	24	0.309	LBen	distal	likely-FP(low-pLDDT)
7	P	0.662	resistance(+)	p<0.001	3	10.32	21.6	31	0.365	LBen	distal	likely-FP(low-pLDDT)
179	R	0.646	resistance(+)	p<0.001	3	13.49	18.12	96	0.639	LPath	distal	novel-distal(>12A)
4	R	0.643	resistance(+)	p<0.001	3	15.57	25.58	36	0.577	LPath	distal	likely-FP(low-pLDDT)
8	V	0.637	resistance(+)	p<0.001	3	11.09	22.31	30	0.266	LBen	distal	likely-FP(low-pLDDT)
45	E	0.628	resistance(+)	p<0.001	3	19.49	23.2	74	0.453	LPath	distal	novel-distal(>12A)
3	A	0.616	resistance(+)	p<0.001	3	18.98	28.67	39	0.305	LBen	distal	likely-FP(low-pLDDT)
147	M	0.584	resistance(+)	p<0.001	3	2.83	3.99	96	0.986	LPath	allosteric-pocket	TP-pocket-resistance
17	T	0.568	resistance(+)	p<0.001	3	20.45	30.49	29	0.156	LBen	distal	likely-FP(low-pLDDT)
117	R	0.564	resistance(+)	p<0.001	3	9.63	20.07	91	0.932	LPath	distal	novel-pocket-shoulder
126	N	0.562	resistance(+)	p<0.001	3	8.93	15.41	90	0.772	LPath	distal	novel-pocket-shoulder
196	K	0.555	resistance(+)	p<0.001	3	6.19	2.54	95	0.997	LPath	atp-site	novel-pocket-shoulder
16	P	0.55	resistance(+)	p<0.001	3	17.96	28.59	31	0.323	LBen	distal	likely-FP(low-pLDDT)
82	N	0.55	resistance(+)	p<0.001	3	4.38	4.21	68	0.946	LPath	allosteric-pocket	TP-pocket(structural)
116	I	0.546	resistance(+)	p<0.001	3	8.75	16.93	92	0.864	LPath	distal	novel-pocket-shoulder
50	Q	0.531	resistance(+)	p<0.001	3	16.21	17.91	89	0.929	LPath	distal	TP-activating(3dhotspots)
268	P	0.531	resistance(+)	p<0.001	3	22.46	19.19	91	0.974	LPath	distal	novel-distal(>12A)
151	D	0.51	resistance(+)	p<0.001	3	13.78	5.54	95	0.956	LPath	atp-site	novel-distal(>12A)
302	G	0.504	resistance(+)	p<0.001	3	31.93	28.91	40	0.437	Amb	distal	likely-FP(low-pLDDT)
204	S	0.473	resistance(+)	p<0.001	3	17.15	10.4	94	0.666	LPath	distal	novel-distal(>12A)
205	R	0.467	resistance(+)	p<0.001	3	15.7	11.95	93	0.679	LPath	distal	novel-distal(>12A)
28	G	0.466	resistance(+)	p<0.001	3	26.24	30.68	27	0.162	LBen	distal	likely-FP(low-pLDDT)
83	G	0.46	resistance(+)	p<0.001	3	2.63	3.48	72	0.992	LPath	allosteric-pocket	TP-pocket(structural)
207	E	0.446	resistance(+)	p<0.001	3	12.93	10.59	96	0.976	LPath	distal	TP-activating(3dhotspots)
44	L	0.443	resistance(+)	p<0.001	3	14.7	19.92	68	0.655	LPath	distal	novel-distal(>12A)
220	I	0.434	resistance(+)	p<0.001	3	1.86	10.81	80	0.937	LPath	allosteric-pocket	TP-pocket-resistance
27	E	0.422	resistance(+)	p<0.001	3	27.36	30.82	31	0.212	LBen	distal	likely-FP(low-pLDDT)
375	E	0.418	resistance(+)	p<0.001	3	26.69	25.25	93	0.451	LBen	distal	novel-distal(>12A)
49	Q	0.415	resistance(+)	p<0.001	3	18.64	18.97	86	0.348	LBen	distal	TP-activating(3dhotspots)
180	G	0.404	resistance(+)	p<0.01	3	10.96	15.98	96	0.996	LPath	distal	novel-pocket-shoulder
177	V	0.402	resistance(+)	p<0.01	3	13.55	14.11	98	0.919	LPath	distal	novel-distal(>12A)
319	F	0.401	resistance(+)	p<0.01	3	14.92	17.3	89	0.995	LPath	distal	novel-distal(>12A)
118	E	0.397	resistance(+)	p<0.01	3	6.89	17.7	92	1.0	LPath	distal	novel-pocket-shoulder
148	E	0.387	resistance(+)	p<0.01	3	6.84	3.61	96	0.998	LPath	atp-site	novel-pocket-shoulder
203	N	0.382	resistance(+)	p<0.01	3	13.42	8.45	96	0.938	LPath	distal	novel-distal(>12A)
193	R	0.712	resistance(+)	p<0.001	2	4.26	8.79	91	0.999	LPath	allosteric-pocket	TP-pocket-resistance
194	D	0.698	resistance(+)	p<0.001	2	4.36	3.64	90	1.0	LPath	atp-site	TP-pocket-resistance
9	L	0.637	resistance(+)	p<0.001	2	10.08	20.55	33	0.24	LBen	distal	likely-FP(low-pLDDT)
300	P	0.547	resistance(+)	p<0.001	2	27.19	27.14	38	0.209	LBen	distal	likely-FP(low-pLDDT)
212	D	0.489	resistance(+)	p<0.001	2	2.65	3.43	88	1.0	LPath	allosteric-pocket	TP-pocket-resistance
15	N	0.467	resistance(+)	p<0.001	2	17.29	28.47	25	0.173	LBen	distal	likely-FP(low-pLDDT)
192	H	0.457	resistance(+)	p<0.001	2	4.4	8.49	93	0.998	LPath	allosteric-pocket	TP-pocket(structural)
301	P	0.447	resistance(+)	p<0.001	2	31.19	30.26	35	0.24	LBen	distal	likely-FP(low-pLDDT)
26	S	0.422	resistance(+)	p<0.001	2	25.63	28.83	40	0.135	LBen	distal	likely-FP(low-pLDDT)
239	L	0.419	resistance(+)	p<0.001	2	10.28	13.95	92	0.979	LPath	distal	novel-pocket-shoulder
256	S	0.401	resistance(+)	p<0.01	2	13.81	11.41	98	0.881	LPath	distal	novel-distal(>12A)
150	M	0.398	resistance(+)	p<0.01	2	9.24	3.54	97	0.964	LPath	atp-site	novel-pocket-shoulder
292	H	0.396	resistance(+)	p<0.01	2	30.54	29.79	41	0.096	LBen	distal	likely-FP(low-pLDDT)
191	M	0.392	resistance(+)	p<0.01	2	6.77	13.36	91	0.939	LPath	distal	novel-pocket-shoulder
5	R	0.388	resistance(+)	p<0.01	2	14.54	25.22	35	0.675	LPath	distal	likely-FP(low-pLDDT)
241	G	0.378	resistance(+)	p<0.01	2	10.71	19.27	88	0.997	LPath	distal	novel-pocket-shoulder
80	A	0.368	resistance(+)	p<0.01	2	8.15	3.35	84	0.656	LPath	atp-site	novel-pocket-shoulder
62	A	0.342	resistance(+)	p<0.05	2	15.13	17.63	90	0.406	LBen	distal	TP-activating(3dhotspots)
152	G	0.337	resistance(+)	p<0.05	2	15.42	6.06	96	0.919	LPath	distal	novel-distal(>12A)
213	F	0.398	resistance(+)	p<0.01	1	3.51	8.8	86	0.998	LPath	allosteric-pocket	TP-pocket-resistance
303	R	0.393	resistance(+)	p<0.01	1	24.55	20.85	44	0.481	LPath	distal	likely-FP(low-pLDDT)
266	P	0.365	resistance(+)	p<0.01	1	19.59	15.41	93	0.989	LPath	distal	novel-distal(>12A)
240	Q	0.357	resistance(+)	p<0.05	1	12.28	18.71	91	0.797	LPath	distal	novel-distal(>12A)
238	R	0.348	resistance(+)	p<0.05	1	3.63	11.05	92	0.996	LPath	allosteric-pocket	TP-pocket-resistance
257	L	0.347	resistance(+)	p<0.05	1	18.12	15.49	98	0.848	LPath	distal	novel-distal(>12A)
275	L	0.345	resistance(+)	p<0.05	1	30.35	25.16	92	0.465	LBen	distal	novel-distal(>12A)
279	F	0.328	resistance(+)	p<0.05	1	29.36	23.31	92	0.859	LPath	distal	novel-distal(>12A)
280	G	0.328	resistance(+)	p<0.05	1	35.06	27.6	88	0.352	LBen	distal	novel-distal(>12A)
373	E	0.328	resistance(+)	p<0.05	1	22.75	25.3	93	0.576	LPath	distal	novel-distal(>12A)
67	L	0.356	resistance(+)	p<0.05	0	11.41	13.25	94	0.927	LPath	distal	novel-pocket-shoulder
66	E	0.35	resistance(+)	p<0.05	0	16.51	18.62	92	0.731	LPath	distal	TP-activating(3dhotspots)
309	G	0.338	resistance(+)	p<0.05	0	32.97	26.39	33	0.302	LBen	distal	likely-FP(low-pLDDT)
376	E	0.336	resistance(+)	p<0.05	0	28.04	25.3	92	0.288	LBen	distal	novel-distal(>12A)
