unipos	unires	BCL2_HT29ctrl LFC hit	BCL2_HT29ctrl LFC hit cluster	BCL2_HT29ctrl LFC3D hit	BCL2_HT29ctrl LFC3D hit cluster	BCL2_HT29ctrl union hit	BCL2_HT29ctrl union hit cluster	BCL2_HT29ctrl_LFC	BCL2_HT29ctrl_LFC3D
1	M	-		-		-			
2	A	-		-		-			
3	H	p>=0.05		-		p>=0.05		-0.1591521687733171	
4	A	-		-		-			
5	G	-		p<0.05	0.0	p<0.05	0.0		-0.4964221549358967
6	R	p>=0.05		p<0.05	0.0	p<0.05	0.0	-1.5750273333333331	-0.5085702454463293
7	T	p>=0.05		p<0.05	0.0	p<0.05	0.0	-0.742360291488976	-0.7388443468692879
8	G	p>=0.05		p<0.05	0.0	p<0.05	0.0	-0.938540742776746	-0.3751066818837252
9	Y	p>=0.05		p<0.05	0.0	p<0.05	0.0	-1.6435992	-0.5229535505400763
10	D	p>=0.05		p<0.05	0.0	p<0.05	0.0	-1.1058650486090444	-0.6680182161217137
11	N	p>=0.05		p<0.05	0.0	p<0.05	0.0	-0.687543064	-0.7411704588742152
12	R	p>=0.05		p<0.05	0.0	p<0.05	0.0	-0.3813117707539696	-0.5666241894337001
13	E	p>=0.05		p<0.05	0.0	p<0.05	0.0	-0.4195595375815633	-0.5052120106135246
14	I	-		p<0.05	0.0	p<0.05	0.0		-0.3592898036693754
15	V	-		p<0.05	0.0	p<0.05	0.0		-0.322664549895276
16	M	p>=0.05		p<0.05	0.0	p<0.05	0.0	-1.034594353350095	-0.3248922561583665
17	K	p>=0.05		p>=0.05		p>=0.05		-0.0844096	-0.3067808778075482
18	Y	p>=0.05		p<0.05	0.0	p<0.05	0.0	-0.431166287581304	-0.4039243545422421
19	I	p>=0.05		p<0.05	0.0	p<0.05	0.0	-0.3404862	-0.3284940585246135
20	H	p>=0.05		p<0.05	0.0	p<0.05	0.0	-0.349199403721439	-0.3634664712634258
21	Y	p>=0.05		p<0.05	0.0	p<0.05	0.0	-0.6338094871428571	-0.3590313046847386
22	K	p>=0.05		p>=0.05		p>=0.05		-0.4591890025	-0.2925341661391349
23	L	p>=0.05		p<0.05	0.0	p<0.05	0.0	-0.2460053178983805	-0.4585845102981212
24	S	p>=0.05		p<0.05	0.0	p<0.05	0.0	-0.0533634339491902	-0.4517251494937577
25	Q	p>=0.05		p<0.05	0.0	p<0.05	0.0	-0.96312235	-0.4974854414678674
26	R	p>=0.05		p<0.05	0.0	p<0.05	0.0	-0.9689080271731028	-0.4201337843845341
27	G	p>=0.05		p<0.05	0.0	p<0.05	0.0	-0.294324517286531	-0.4549594776817647
28	Y	-		p<0.05	0.0	p<0.05	0.0		-0.315964646456008
29	E	p>=0.05		p>=0.05		p>=0.05		-0.3381075224288437	-0.0825480774762812
30	W	-		p>=0.05		p>=0.05			-0.1625125324762812
31	D	p>=0.05		p>=0.05		p>=0.05		-0.234972425	-0.1748819603790166
32	A	p>=0.05		p<0.05	5.0	p<0.05	5.0	-0.3752158061370497	-0.4471578146145131
33	G	p>=0.05		p<0.05	5.0	p<0.05	5.0	-0.7312852127064897	-0.6771386206574816
34	D	p>=0.05		p<0.05	5.0	p<0.05	5.0	-0.4793019551463776	-0.5996102502978357
35	V	p>=0.05		p<0.05	5.0	p<0.05	5.0	-1.12275150864001	-0.440429592860479
36	G	p>=0.05		p>=0.05		p>=0.05		-0.0651023246984655	-0.2047253941078204
37	A	-		p>=0.05		p>=0.05			-0.1360812538481812
38	A	-		-		-			
39	P	-		-		-			
40	P	p>=0.05		-		p>=0.05		-0.0068570019287929	
41	G	-		-		-			
42	A	p>=0.05		-		p>=0.05		-0.3267104970523317	
43	A	-		-		-			
44	P	-		-		-			
45	A	-		-		-			
46	P	-		-		-			
47	G	-		-		-			
48	I	-		-		-			
49	F	p>=0.05		-		p>=0.05		-0.0922423242914333	
50	S	p>=0.05		p>=0.05		p>=0.05		-0.3358513641142917	-0.2925383894685751
51	S	p>=0.05		-		p>=0.05		-0.44952148	
52	Q	-		-		-			
53	P	-		-		-			
54	G	-		-		-			
55	H	-		-		-			
56	T	-		-		-			
57	P	-		-		-			
58	H	-		-		-			
59	P	-		-		-			
60	A	-		-		-			
61	A	-		-		-			
62	S	p>=0.05		p>=0.05		p>=0.05		-0.5305897442953904	-0.0828378883820343
63	R	p>=0.05		p>=0.05		p>=0.05		-0.1129547891881253	-0.0702053678669886
64	D	-		-		-			
65	P	-		-		-			
66	V	p>=0.05		-		p>=0.05		-0.2150742672102951	
67	A	-		-		-			
68	R	-		-		-			
69	T	-		-		-			
70	S	-		-		-			
71	P	p>=0.05		p>=0.05		p>=0.05		-0.4356351270261632	-0.1817165174112107
72	L	p>=0.05		p>=0.05		p>=0.05		-0.2781217333333333	-0.3097341034531655
73	Q	p>=0.05		p>=0.05		p>=0.05		-0.21544545	-0.1253216389549114
74	T	-		-		-			
75	P	-		-		-			
76	A	-		-		-			
77	A	p>=0.05		-		p>=0.05		-0.2523807055134293	
78	P	p>=0.05		p>=0.05		p>=0.05		-0.2357996565881952	-0.1510626887502165
79	G	-		p>=0.05		p>=0.05			-0.1395201538694961
80	A	p>=0.05		p>=0.05		p>=0.05		-0.2177531008712677	-0.2848829483293165
81	A	p>=0.05		p>=0.05		p>=0.05		-0.3967725535859739	-0.0834651170731541
82	A	p>=0.05		p<0.05	0.0	p<0.05	0.0	-0.1952891211166234	-0.3659948680809128
83	G	p>=0.05		p<0.05	0.0	p<0.05	0.0	-0.2430042456307599	-0.5802319950013987
84	P	-		p<0.05	0.0	p<0.05	0.0		-0.4089304211076439
85	A	p>=0.05		-		p>=0.05		-0.139609293457365	
86	L	-		p<0.05	0.0	p<0.05	0.0		-0.4379534484142646
87	S	-		p>=0.05		p>=0.05			-0.2639307902941136
88	P	-		-		-			
89	V	-		p>=0.05		p>=0.05			-0.0340066712620775
90	P	-		-		-			
91	P	-		-		-			
92	V	-		-		-			
93	V	p>=0.05		-		p>=0.05		-0.2176135212413729	
94	H	-		-		-			
95	L	p>=0.05		-		p>=0.05		-0.2827827134558374	
96	T	-		-		-			
97	L	-		-		-			
98	R	-		-		-			
99	Q	-		-		-			
100	A	-		-		-			
101	G	-		-		-			
102	D	-		-		-			
103	D	p>=0.05		-		p>=0.05		-0.0062915523742968	
104	F	-		-		-			
105	S	-		p>=0.05		p>=0.05			-0.101068926537279
106	R	p>=0.05		p>=0.05		p>=0.05		-0.065847052492396	-0.1274936335375814
107	R	p>=0.05		p>=0.05		p>=0.05		-0.1921525509017583	-0.1476939803981288
108	Y	p>=0.05		p>=0.05		p>=0.05		-0.5228783863573238	-0.2454320951442173
109	R	p>=0.05		p>=0.05		p>=0.05		-0.6631339705552098	-0.2454320951442173
110	R	p>=0.05		p<0.05	3.0	p<0.05	3.0	-0.5564458555789766	-0.4035778951274733
111	D	p>=0.05		p<0.05	3.0	p<0.05	3.0	-0.1601255153493725	-0.3578651153257935
112	F	-		p>=0.05		p>=0.05			-0.2905509503816639
113	A	p>=0.05		p>=0.05		p>=0.05		-0.638188931589057	-0.1022864740915397
114	E	p>=0.05		-		p>=0.05		-0.0835884365157147	
115	M	-		-		-			
116	S	-		p>=0.05		p>=0.05			-0.0661965551034594
117	S	-		-		-			
118	Q	-		p>=0.05		p>=0.05			-0.2296870946032406
119	L	p>=0.05		p>=0.05		p>=0.05		-1.15150875	-0.1637759869744478
120	H	p>=0.05		p<0.05	4.0	p<0.05	4.0	-1.63652405	-0.5101911375000001
121	L	-		p<0.05	4.0	p<0.05	4.0		-0.5967384136233091
122	T	p>=0.05		-		p>=0.05		-0.0223332910894735	
123	P	p>=0.05		p>=0.05		p>=0.05		-0.1281054937080594	-0.0568826423877089
124	F	-		p>=0.05		p>=0.05			-0.0568826423877089
125	T	-		p<0.05	8.0	p<0.05	8.0		-0.3477399439683227
126	A	p>=0.05		p>=0.05		p>=0.05		-0.7494408270270723	-0.0378445108694566
127	R	p>=0.05		p>=0.05		p>=0.05		-0.9697518820394904	-0.2147138060173843
128	G	p>=0.05		p>=0.05		p>=0.05		-1.1800145138002234	-0.1495116161998335
129	R	-		p>=0.05		p>=0.05			-0.1344811427153152
130	F	-		p>=0.05		p>=0.05			-0.0850936785184222
131	A	-		-		-			
132	T	-		-		-			
133	V	-		-		-			
134	V	-		-		-			
135	E	p>=0.05		p>=0.05		p>=0.05		-0.0994664634636916	-0.1908770664820022
136	E	p>=0.05		p<0.05	2.0	p<0.05	2.0	-0.1018448206199856	-0.3137304533019867
137	L	p>=0.05		p<0.05	2.0	p<0.05	2.0	-0.5612171271619316	-0.4094552906622893
138	F	p>=0.05		p<0.05	2.0	p<0.05	2.0	-1.5732026666666667	-0.8383630800442423
139	R	p>=0.05		p<0.05	2.0	p<0.05	2.0	-0.364393605	-0.7824384752689159
140	D	p>=0.05		p<0.05	2.0	p<0.05	2.0	-0.8530744155555555	-1.1786352289092006
141	G	p>=0.05		p<0.05	2.0	p<0.05	2.0	-1.92387022841458	-1.1888752458216658
142	V	p>=0.05		p<0.05	2.0	p<0.05	2.0	-1.2298353134715267	-1.1742796021381934
143	N	-		p>=0.05		p>=0.05			-0.221136480904505
144	W	p>=0.05		p>=0.05		p>=0.05		-0.0515028413333333	-0.0054252392101996
145	G	-		-		-			
146	R	-		-		-			
147	I	p>=0.05		-		p>=0.05		-0.151279105	
148	V	-		-		-			
149	A	-		-		-			
150	F	p>=0.05		-		p>=0.05		-0.4985703	
151	F	-		-		-			
152	E	p>=0.05		-		p>=0.05		-0.06543055	
153	F	-		-		-			
154	G	-		-		-			
155	G	-		p>=0.05		p>=0.05			-0.0140031532926562
156	V	-		p>=0.05		p>=0.05			-0.2930676911114793
157	M	p>=0.05		p<0.05	1.0	p<0.05	1.0	-0.6581268499999999	-0.3140805743876573
158	C	p>=0.05		p<0.05	1.0	p<0.05	1.0	-1.004564994544876	-0.4195856165777643
159	V	p<0.05	2.0	p<0.05	1.0	p<0.05	1.0	-2.620188	-0.5213333983479086
160	E	p>=0.05		p<0.05	1.0	p<0.05	1.0	-0.1843663639391046	-0.3935973435544199
161	S	p>=0.05		p>=0.05		p>=0.05		-0.4611707573209035	-0.2843963602571907
162	V	-		p>=0.05		p>=0.05			-0.0975428464474478
163	N	-		-		-			
164	R	-		-		-			
165	E	-		-		-			
166	M	p>=0.05		-		p>=0.05		-0.0073235827164771	
167	S	-		-		-			
168	P	-		-		-			
169	L	p>=0.05		-		p>=0.05		-0.72626145	
170	V	-		p>=0.05		p>=0.05			-0.0854522627058538
171	D	-		p>=0.05		p>=0.05			-0.1061335211764514
172	N	-		-		-			
173	I	p>=0.05		-		p>=0.05		-0.23875559686915	
174	A	p>=0.05		-		p>=0.05		-0.6794488826626078	
175	L	-		p>=0.05		p>=0.05			-0.1590115423693305
176	W	p>=0.05		p>=0.05		p>=0.05		-0.2631294	-0.206164114642122
177	M	p>=0.05		p<0.05	0.0	p<0.05	0.0	-0.1085832519394766	-0.5149997293751005
178	T	p>=0.05		p<0.05	0.0	p<0.05	0.0	-0.9965094411749282	-0.7322631175241184
179	E	p>=0.05		p<0.05	0.0	p<0.05	0.0	-0.0230875298486915	-0.7682169559873784
180	Y	p<0.05	0.0	p<0.05	0.0	p<0.05	0.0	-2.4006049	-0.7217474872341749
181	L	p<0.05	0.0	p<0.05	0.0	p<0.05	0.0	-2.595964	-0.6176401564431347
182	N	-		p<0.05	0.0	p<0.05	0.0		-0.8524730803556385
183	R	-		p<0.05	0.0	p<0.05	0.0		-0.7781478674598321
184	H	-		p<0.05	0.0	p<0.05	0.0		-0.8713735119230769
185	L	-		p<0.05	0.0	p<0.05	0.0		-0.4230145980675867
186	H	p>=0.05		p<0.05	0.0	p<0.05	0.0	-0.3373249273492097	-0.4163857837855337
187	T	p>=0.05		p>=0.05		p>=0.05		-1.37345145	-0.0558382594164559
188	W	-		p>=0.05		p>=0.05			-0.1402703403724848
189	I	-		p>=0.05		p>=0.05			-0.1773797818960706
190	Q	-		p>=0.05		p>=0.05			-0.2400841850365286
191	D	p>=0.05		p>=0.05		p>=0.05		-0.6468628261086581	-0.2784375741106205
192	N	p>=0.05		p<0.05	9.0	p<0.05	9.0	-1.6771117	-0.5705657294982175
193	G	-		p>=0.05		p>=0.05			-0.2363330916194639
194	G	-		p>=0.05		p>=0.05			-0.0514418077190022
195	W	-		-		-			
196	D	p>=0.05		-		p>=0.05		-1.15062363059141	
197	A	-		-		-			
198	F	-		p>=0.05		p>=0.05			-0.0099097765066435
199	V	-		-		-			
200	E	p>=0.05		-		p>=0.05		-0.0110944693914129	
201	L	-		-		-			
202	Y	-		-		-			
203	G	-		-		-			
204	P	-		p>=0.05		p>=0.05			-0.0906566114823743
205	S	p>=0.05		p>=0.05		p>=0.05		-0.0641700924955549	-0.0906566114823743
206	M	p>=0.05		p>=0.05		p>=0.05		-0.847368092495555	-0.1554669124867576
207	R	p>=0.05		p<0.05	7.0	p<0.05	7.0	-0.576933977486665	-0.4537161366418067
208	P	-		p>=0.05		p>=0.05			-0.0797657836431805
209	L	-		-		-			
210	F	-		-		-			
211	D	-		-		-			
212	F	-		-		-			
213	S	p>=0.05		-		p>=0.05		-0.0662354887902317	
214	W	-		-		-			
215	L	-		-		-			
216	S	p>=0.05		-		p>=0.05		-0.6670617307332565	
217	L	-		-		-			
218	K	-		-		-			
219	T	-		-		-			
220	L	-		-		-			
221	L	-		-		-			
222	S	-		-		-			
223	L	-		-		-			
224	A	-		-		-			
225	L	p>=0.05		-		p>=0.05		-0.2679297686447254	
226	V	-		-		-			
227	G	-		-		-			
228	A	-		p>=0.05		p>=0.05			-0.0012972394738864
229	C	-		-		-			
230	I	p>=0.05		-		p>=0.05		-0.65902315	
231	T	-		-		-			
232	L	-		-		-			
233	G	-		p>=0.05		p>=0.05			-0.0754749444495749
234	A	-		p>=0.05		p>=0.05			-0.0423909156874635
235	Y	p>=0.05		p>=0.05		p>=0.05		-1.02319885	-0.1024222833020408
236	L	p<0.05	1.0	p<0.05	6.0	p<0.05	6.0	-1.968899584743625	-0.4886268482104146
237	G	p>=0.05		p<0.05	6.0	p<0.05	6.0	-0.4274349486652206	-0.7805836957425463
238	H	p>=0.05		p<0.05	6.0	p<0.05	6.0	-1.34607	-1.103179050018878
239	K	p>=0.05		p<0.05	6.0	p<0.05	6.0	-0.6703116666666668	-1.0081908333333334
