unipos	unires	MYC_HT29ctrl LFC hit	MYC_HT29ctrl LFC hit cluster	MYC_HT29ctrl LFC3D hit	MYC_HT29ctrl LFC3D hit cluster	MYC_HT29ctrl union hit	MYC_HT29ctrl union hit cluster	MYC_HT29ctrl_LFC	MYC_HT29ctrl_LFC3D
1	M	p>=0.05		p>=0.05		p>=0.05		-0.208320825	-0.3414018875
2	D	p>=0.05		p>=0.05		p>=0.05		-0.4744829499999999	-0.1815141083333333
3	F	-		p>=0.05		p>=0.05			-0.0572283666666666
4	F	-		-		-			
5	R	p>=0.05		-		p>=0.05		-0.1805850499999999	
6	V	-		-		-			
7	V	-		-		-			
8	E	-		-		-			
9	N	-		-		-			
10	Q	-		-		-			
11	Q	-		-		-			
12	P	-		-		-			
13	P	-		-		-			
14	A	-		-		-			
15	T	-		-		-			
16	M	p>=0.05		-		p>=0.05		-0.2486719815	
17	P	-		p>=0.05		p>=0.05			-0.2808709271666667
18	L	p>=0.05		p>=0.05		p>=0.05		-1.549254	-0.0093582666666666
19	N	-		p>=0.05		p>=0.05			-0.517541
20	V	p>=0.05		-		p>=0.05		-0.569235	
21	S	-		p>=0.05		p>=0.05			-0.0142171583333333
22	F	-		-		-			
23	T	p>=0.05		-		p>=0.05		-0.7172041499999999	
24	N	-		-		-			
25	R	-		-		-			
26	N	-		p>=0.05		p>=0.05			-0.0636954811111111
27	Y	-		p>=0.05		p>=0.05			-0.0636954811111111
28	D	p>=0.05		p>=0.05		p>=0.05		-0.9485331444444444	-0.2762838102777778
29	L	p>=0.05		p>=0.05		p>=0.05		-0.4228797166666667	-0.6415070814814815
30	D	p>=0.05		p>=0.05		p>=0.05		-0.5531083833333333	-0.326592542
31	Y	p>=0.05		p>=0.05		p>=0.05		-0.003789526	-0.4551404239999999
32	D	p>=0.05		p>=0.05		p>=0.05		-1.1436107999999998	-0.3365354948333333
33	S	p>=0.05		p>=0.05		p>=0.05		-0.1200529866666666	-0.3390194958666666
34	V	p>=0.05		p>=0.05		p>=0.05		-0.0786886666666666	-0.4228269883333332
35	Q	p>=0.05		p>=0.05		p>=0.05		-0.3489555	-0.5054214062666667
36	P	p>=0.05		p<0.05	5.0	p<0.05	6.0	-0.8599018	-0.9885697245
37	Y	p>=0.05		p<0.05	5.0	p<0.05	6.0	-1.119508078	-0.9960200156
38	F	p>=0.05		p<0.05	5.0	p<0.05	6.0	-1.62591352	-1.1577861445
39	Y	p>=0.05		p<0.05	5.0	p<0.05	6.0	-1.02582118	-1.7827915622666666
40	C	p<0.05	5.0	p<0.05	5.0	p<0.05	6.0	-2.289790533333333	-2.0561787377777776
41	D	p<0.05	5.0	p<0.05	5.0	p<0.05	6.0	-2.8529245	-2.2618038533333333
42	E	p<0.05	5.0	p<0.05	5.0	p<0.05	6.0	-2.8786792	-2.17299195
43	E	p>=0.05		p<0.05	5.0	p<0.05	6.0	-0.7873721499999999	-1.36306537
44	E	p>=0.05		p>=0.05		p>=0.05		-0.42314476	-0.2932917866666666
45	N	-		p>=0.05		p>=0.05			-0.5424538766666667
46	F	p>=0.05		p>=0.05		p>=0.05		-1.53485842	-0.6121761112499999
47	Y	p>=0.05		p<0.05	10.0	p<0.05	4.0	-0.8538762499999999	-0.8122777070833334
48	Q	p>=0.05		p<0.05	10.0	p<0.05	4.0	-0.390611325	-0.8122777070833334
49	Q	p>=0.05		p>=0.05		p>=0.05		-0.4697648333333333	-0.3694985604166666
50	Q	-		p>=0.05		p>=0.05			-0.0055466
51	Q	-		p>=0.05		p>=0.05			-0.017939925
52	Q	p>=0.05		p>=0.05		p>=0.05		-0.3523627333333334	-0.017939925
53	S	p>=0.05		p>=0.05		p>=0.05		-0.5193381333333333	-0.2671971444444445
54	E	p>=0.05		p>=0.05		p>=0.05		-0.7607707111111112	-0.2662377259259259
55	L	-		p>=0.05		p>=0.05			-0.2263989814814815
56	Q	p>=0.05		-		p>=0.05		-0.3998219	
57	P	-		-		-			
58	P	-		-		-			
59	A	-		-		-			
60	P	-		-		-			
61	S	p>=0.05		p<0.05	4.0	p<0.05	2.0	-0.5676640285714286	-1.273780101147619
62	E	p<0.05	0.0	p<0.05	4.0	p<0.05	2.0	-3.2681060625	-1.8745617623511903
63	D	p<0.05	0.0	p<0.05	4.0	p<0.05	2.0	-3.25804941	-1.246375806845238
64	I	p>=0.05		p<0.05	4.0	p<0.05	2.0	-0.4044275483333333	-1.0338851354166667
65	W	p>=0.05		p>=0.05		p>=0.05		-0.677118725	-0.4292458583333333
66	K	-		p>=0.05		p>=0.05			-0.4190838857142857
67	K	-		-		-			
68	F	-		-		-			
69	E	p>=0.05		-		p>=0.05		-0.35811205	
70	L	-		-		-			
71	L	-		-		-			
72	P	-		-		-			
73	T	-		-		-			
74	P	-		-		-			
75	P	-		-		-			
76	L	-		-		-			
77	S	p>=0.05		-		p>=0.05		-0.0492577499999999	
78	P	p>=0.05		p>=0.05		p>=0.05		-0.490007825	-0.161361222037037
79	S	-		p>=0.05		p>=0.05			-0.1629547760277777
80	R	p>=0.05		p>=0.05		p>=0.05		-0.13191119	-0.053937093037037
81	R	p>=0.05		-		p>=0.05		-0.0850819979999999	
82	S	-		-		-			
83	G	-		-		-			
84	L	p>=0.05		p>=0.05		p>=0.05		-0.6340867857142857	-0.1315805019047618
85	C	p>=0.05		p>=0.05		p>=0.05		-0.325611595	-0.3705479539417989
86	S	p>=0.05		p>=0.05		p>=0.05		-0.1519454811111111	-0.290640442037037
87	P	p>=0.05		p>=0.05		p>=0.05		-0.3943642499999999	-0.0977025659259259
88	S	-		-		-			
89	Y	-		-		-			
90	V	-		p>=0.05		p>=0.05			-0.2416430729761904
91	A	p>=0.05		p>=0.05		p>=0.05		-1.0953809325	-0.4971664383465608
92	V	p>=0.05		p<0.05	6.0	p<0.05	13.0	-0.599010821111111	-1.3537436633249158
93	T	p<0.05	9.0	p<0.05	6.0	p<0.05	13.0	-2.3668392363636364	-1.87604673026936
94	P	p<0.05	9.0	p<0.05	6.0	p<0.05	13.0	-2.6622901333333333	-2.020921998232323
95	F	p>=0.05		p<0.05	6.0	p<0.05	13.0	-1.033636625	-1.206792606111111
96	S	-		p>=0.05		p>=0.05			-0.2669757483333333
97	L	-		p>=0.05		p>=0.05			-0.1480152448148148
98	R	p>=0.05		p>=0.05		p>=0.05		-0.6767551144444445	-0.4722887043981481
99	G	p>=0.05		p>=0.05		p>=0.05		-0.89727143875	-0.7246680095496633
100	D	p>=0.05		p>=0.05		p>=0.05		-0.5999774754545454	-0.3892561810311447
101	N	-		p>=0.05		p>=0.05			-0.4483725014478114
102	D	p>=0.05		p>=0.05		p>=0.05		-1.0746204	-0.6384635696296296
103	G	p>=0.05		p<0.05	9.0	p<0.05	11.0	-1.17025068	-1.02164026
104	G	p>=0.05		p>=0.05		p>=0.05		-0.8200497	-0.5846269933333333
105	G	-		p>=0.05		p>=0.05			-0.3138068166666667
106	G	p>=0.05		-		p>=0.05		-0.35779015	
107	S	p>=0.05		-		p>=0.05		-0.2048545499999999	
108	F	-		-		-			
109	S	-		-		-			
110	T	-		-		-			
111	A	-		-		-			
112	D	p>=0.05		-		p>=0.05		-0.0719079485714285	
113	Q	p>=0.05		-		p>=0.05		-0.1202167	
114	L	p>=0.05		p>=0.05		p>=0.05		-0.1818459	-0.2209237124309371
115	E	p>=0.05		p>=0.05		p>=0.05		-0.4505362655555556	-0.3410430546829757
116	M	-		p>=0.05		p>=0.05			-0.4939690620299145
117	V	p>=0.05		p>=0.05		p>=0.05		-0.33045848	-0.5052295763156288
118	T	p>=0.05		p>=0.05		p>=0.05		-1.2894290125	-0.5052295763156288
119	E	p>=0.05		p>=0.05		p>=0.05		-1.14239	-0.800866854775641
120	L	p>=0.05		p<0.05	1.0	p<0.05	1.0	-0.1990403	-0.9724588105
121	L	-		p<0.05	1.0	p<0.05	1.0		-1.132958893125
122	G	-		p<0.05	1.0	p<0.05	1.0		-1.132958893125
123	G	p<0.05	2.0	p<0.05	1.0	p<0.05	1.0	-1.90097626	-1.4068725491428573
124	D	p<0.05	2.0	p<0.05	1.0	p<0.05	1.0	-2.1746702	-1.8976441485714288
125	M	p>=0.05		p<0.05	1.0	p<0.05	1.0	-1.6172859857142856	-1.6041127424761903
126	V	p>=0.05		p<0.05	1.0	p<0.05	1.0	-1.65706958	-1.1319313714285713
127	N	p>=0.05		p<0.05	1.0	p<0.05	1.0	-0.6705616866666666	-1.1319313714285713
128	Q	p>=0.05		p>=0.05		p>=0.05		-0.5828082333333333	-0.6918621666666667
129	S	-		-		-			
130	F	-		-		-			
131	I	-		-		-			
132	C	p>=0.05		-		p>=0.05		-0.235768	
133	D	p>=0.05		p>=0.05		p>=0.05		-0.1080131666666667	-0.3378471888888889
134	P	-		p>=0.05		p>=0.05			-0.3888867833333334
135	D	p>=0.05		p<0.05	7.0	p<0.05	8.0	-0.6697604	-0.8302053666666667
136	D	p>=0.05		p>=0.05		p>=0.05		-1.2819448	-0.73202939125
137	E	p>=0.05		p>=0.05		p>=0.05		-1.2611031	-0.516490513
138	T	-		p>=0.05		p>=0.05			-0.277857143
139	F	-		p>=0.05		p>=0.05			-0.1559930302777777
140	I	-		-		-			
141	K	-		-		-			
142	N	-		-		-			
143	I	-		-		-			
144	I	p>=0.05		-		p>=0.05		-0.1496945366666666	
145	I	p>=0.05		p>=0.05		p>=0.05		-0.5581301275	-0.1827993411666666
146	Q	p>=0.05		p<0.05	2.0	p<0.05	5.0	-0.972669275	-1.2584890119444443
147	D	p<0.05	1.0	p<0.05	2.0	p<0.05	5.0	-2.244667633333333	-2.8624211783333338
148	C	p<0.05	1.0	p<0.05	2.0	p<0.05	5.0	-3.54558665	-2.5729065033333334
149	M	p<0.05	1.0	p<0.05	2.0	p<0.05	5.0	-3.858961	-3.334859154166667
150	W	p<0.05	1.0	p<0.05	2.0	p<0.05	5.0	-3.6902213333333336	-2.5729065033333334
151	S	-		p<0.05	2.0	p<0.05	5.0		-2.223090376666667
152	G	p>=0.05		p<0.05	2.0	p<0.05	5.0	-1.545559	-1.96933198
153	F	p<0.05	4.0	p<0.05	2.0	p<0.05	5.0	-2.808989	-1.6783651516666669
154	S	p<0.05	4.0	p<0.05	2.0	p<0.05	5.0	-2.909439	-1.7712787866666668
155	A	p<0.05	4.0	p<0.05	2.0	p<0.05	5.0	-3.057577	-1.482159992857143
156	A	p>=0.05		p<0.05	2.0	p<0.05	5.0	-0.22353101	-1.250187411904762
157	A	p>=0.05		p<0.05	2.0	p<0.05	5.0	-0.08257771	-0.8516209488690477
158	K	-		p>=0.05		p>=0.05			-0.421228822797619
159	L	-		p>=0.05		p>=0.05			-0.2105370271354166
160	V	p>=0.05		p>=0.05		p>=0.05		-0.01902375875	-0.2086807438690476
161	S	-		p>=0.05		p>=0.05			-0.2653454376785714
162	E	p>=0.05		p>=0.05		p>=0.05		-0.7772792775	-0.2860556535
163	K	p>=0.05		p>=0.05		p>=0.05		-1.01599218	-0.2808386572291667
164	L	p>=0.05		p>=0.05		p>=0.05		-0.4792305666666667	-0.4095219327261906
165	A	-		p>=0.05		p>=0.05			-0.4206971359404762
166	S	p>=0.05		p>=0.05		p>=0.05		-0.2443196833333333	-0.3211438420119047
167	Y	p>=0.05		p>=0.05		p>=0.05		-0.5607189633333334	-0.1562534121706349
168	Q	-		p>=0.05		p>=0.05			-0.0863830461388888
169	A	p>=0.05		p>=0.05		p>=0.05		-0.08040622	-0.1187104303703703
170	A	-		-		-			
171	R	-		-		-			
172	K	-		-		-			
173	D	-		-		-			
174	S	p>=0.05		-		p>=0.05		-0.20862468	
175	G	-		-		-			
176	S	-		-		-			
177	P	-		-		-			
178	N	-		-		-			
179	P	-		-		-			
180	A	-		-		-			
181	R	p>=0.05		p>=0.05		p>=0.05		-0.0705776833333333	-0.0304541006349206
182	G	p>=0.05		p>=0.05		p>=0.05		-0.1702349142857143	-0.1204062988095238
183	H	-		-		-			
184	S	-		-		-			
185	V	-		-		-			
186	C	-		-		-			
187	S	-		-		-			
188	T	p>=0.05		-		p>=0.05		-0.05341905	
189	S	-		-		-			
190	S	-		-		-			
191	L	p>=0.05		p>=0.05		p>=0.05		-0.1043530999999999	-0.1656861277777777
192	Y	p>=0.05		p>=0.05		p>=0.05		-0.580316438888889	-0.1312887984814814
193	L	p>=0.05		p>=0.05		p>=0.05		-1.04233055	-0.2304237818148148
194	Q	-		p>=0.05		p>=0.05			-0.2670343801269841
195	D	-		p>=0.05		p>=0.05			-0.3733060836984126
196	L	-		p>=0.05		p>=0.05			-0.3842637995714285
197	S	p>=0.05		p>=0.05		p>=0.05		-0.48669797	-0.2953966424285714
198	A	p>=0.05		p>=0.05		p>=0.05		-0.848255025	-0.2931903424285714
199	A	p>=0.05		p>=0.05		p>=0.05		-0.65702045	-0.3740752249999999
200	A	p>=0.05		p>=0.05		p>=0.05		-0.42026045	-0.4789069291666667
201	S	-		p>=0.05		p>=0.05			-0.4217974844047619
202	E	p>=0.05		p>=0.05		p>=0.05		-0.52549633	-0.3365059762857142
203	C	p>=0.05		p>=0.05		p>=0.05		-0.1440413014285714	-0.2218125064642857
204	I	p>=0.05		p>=0.05		p>=0.05		-0.2820010444285714	-0.4581320263968254
205	D	p>=0.05		p>=0.05		p>=0.05		-0.9483537333333334	-0.3232623819404762
206	P	-		p>=0.05		p>=0.05			-0.4384965145833333
207	S	p>=0.05		p>=0.05		p>=0.05		-0.39726125	-0.6891850483333333
208	V	-		p>=0.05		p>=0.05			-0.6891850483333334
209	V	p>=0.05		p>=0.05		p>=0.05		-0.742937575	-0.6243928770833334
210	F	p>=0.05		p>=0.05		p>=0.05		-1.6919391833333333	-0.7128244369444445
211	P	p>=0.05		p<0.05	11.0	p<0.05	7.0	-0.6084439333333334	-1.1571047655555555
212	Y	p>=0.05		p>=0.05		p>=0.05		-1.17093118	-0.7646256491666668
213	P	-		p>=0.05		p>=0.05			-0.0754440949999999
214	L	-		-		-			
215	N	-		p>=0.05		p>=0.05			-0.0868423601666666
216	D	p>=0.05		p>=0.05		p>=0.05		-1.2165242406666668	-0.7189363817111111
217	S	p>=0.05		p>=0.05		p>=0.05		-1.0086890378	-0.7469857811555555
218	S	p>=0.05		p>=0.05		p>=0.05		-0.0157440649999999	-0.1916669199809523
219	S	-		-		-			
220	P	-		-		-			
221	K	-		-		-			
222	S	-		-		-			
223	C	-		-		-			
224	A	p>=0.05		-		p>=0.05		-0.0148417683333333	
225	S	p>=0.05		p>=0.05		p>=0.05		-0.1715877874999999	-0.0932147779166666
226	Q	-		-		-			
227	D	-		-		-			
228	S	-		-		-			
229	S	-		-		-			
230	A	-		-		-			
231	F	-		-		-			
232	S	-		p>=0.05		p>=0.05			-0.1369717911111111
233	P	p>=0.05		p>=0.05		p>=0.05		-0.4768117	-0.3432875999999999
234	S	p>=0.05		p>=0.05		p>=0.05		-0.6111707666666666	-0.4335637733333333
235	S	p>=0.05		p>=0.05		p>=0.05		-0.2127088533333333	-0.6086512122222222
236	D	p>=0.05		p>=0.05		p>=0.05		-1.0020740166666666	-0.599389342857143
237	S	p>=0.05		p<0.05	12.0	p<0.05	14.0	-0.5833851585714286	-0.8268997417460318
238	L	p>=0.05		p>=0.05		p>=0.05		-0.89524005	-0.764736812468254
239	L	p>=0.05		p<0.05	13.0	p<0.05	12.0	-0.8155852288333333	-0.8223319177222222
240	S	p>=0.05		p>=0.05		p>=0.05		-0.7561704743333334	-0.7976578177222221
241	S	p>=0.05		p>=0.05		p>=0.05		-0.82121775	-0.5581198889444444
242	T	p>=0.05		p>=0.05		p>=0.05		-0.0969714425	-0.5462815752777778
243	E	p>=0.05		p>=0.05		p>=0.05		-0.7206555333333333	-0.4315077986111111
244	S	p>=0.05		p>=0.05		p>=0.05		-0.47689642	-0.3773793244444445
245	S	-		-		-			
246	P	-		-		-			
247	Q	-		-		-			
248	G	-		-		-			
249	S	-		-		-			
250	P	-		-		-			
251	E	p>=0.05		-		p>=0.05		-0.2132691275	
252	P	p>=0.05		p>=0.05		p>=0.05		-0.3040330833333333	-0.0366886480555555
253	L	-		-		-			
254	V	-		-		-			
255	L	-		-		-			
256	H	p>=0.05		p>=0.05		p>=0.05		-0.2426502	-0.2059474372222222
257	E	p>=0.05		p>=0.05		p>=0.05		-0.719250395	-0.0569017649999999
258	E	-		-		-			
259	T	-		-		-			
260	P	-		-		-			
261	P	-		-		-			
262	T	-		-		-			
263	T	-		-		-			
264	S	-		-		-			
265	S	p>=0.05		-		p>=0.05		-0.1936323071428571	
266	D	-		-		-			
267	S	-		-		-			
268	E	-		-		-			
269	E	-		-		-			
270	E	-		-		-			
271	Q	-		-		-			
272	E	-		-		-			
273	D	-		-		-			
274	E	-		p>=0.05		p>=0.05			-0.693841
275	E	-		p>=0.05		p>=0.05			-0.0392930499999999
276	E	p>=0.05		p>=0.05		p>=0.05		-0.693841	-0.0392930499999999
277	I	-		p>=0.05		p>=0.05			-0.0392930499999999
278	D	-		p>=0.05		p>=0.05			-0.0392930499999999
279	V	-		-		-			
280	V	-		-		-			
281	S	-		-		-			
282	V	-		-		-			
283	E	-		-		-			
284	K	-		-		-			
285	R	-		-		-			
286	Q	-		-		-			
287	A	-		-		-			
288	P	-		-		-			
289	G	-		-		-			
290	K	-		-		-			
291	R	-		-		-			
292	S	-		-		-			
293	E	-		-		-			
294	S	-		-		-			
295	G	-		-		-			
296	S	-		-		-			
297	P	-		-		-			
298	S	-		-		-			
299	A	-		-		-			
300	G	-		-		-			
301	G	-		-		-			
302	H	-		-		-			
303	S	-		-		-			
304	K	-		-		-			
305	P	-		-		-			
306	P	-		-		-			
307	H	-		-		-			
308	S	-		-		-			
309	P	-		p>=0.05		p>=0.05			-0.5141601708333333
310	L	p>=0.05		p>=0.05		p>=0.05		-1.273219975	-0.6676050925925926
311	V	p>=0.05		p>=0.05		p>=0.05		-0.7571061777777778	-0.6676050925925926
312	L	-		p>=0.05		p>=0.05			-0.6550469444444444
313	K	-		p>=0.05		p>=0.05			-0.5154939985069444
314	R	p>=0.05		p>=0.05		p>=0.05		-0.6173725	-0.4349566054166667
315	C	p>=0.05		p>=0.05		p>=0.05		-0.71500819125	-0.6255882581944444
316	H	-		p>=0.05		p>=0.05			-0.8097369769791667
317	V	p>=0.05		p<0.05	3.0	p<0.05	9.0	-0.5443840833333333	-0.8738584693055556
318	S	p>=0.05		p<0.05	3.0	p<0.05	9.0	-1.3621831333333334	-0.9532836083333334
319	T	-		p<0.05	3.0	p<0.05	9.0		-0.9532836083333334
320	H	-		p<0.05	3.0	p<0.05	9.0		-1.3621831333333334
321	Q	-		-		-			
322	H	-		p>=0.05		p>=0.05			-0.749855375
323	N	-		p>=0.05		p>=0.05			-0.7132768767777776
324	Y	p>=0.05		p>=0.05		p>=0.05		-0.749855375	-0.7132768767777776
325	A	p>=0.05		p>=0.05		p>=0.05		-0.4615560053333333	-0.7132768767777776
326	A	p>=0.05		p>=0.05		p>=0.05		-0.92841925	-0.7132768767777776
327	P	-		p<0.05	8.0	p<0.05	10.0		-0.92841925
328	P	-		-		-			
329	S	-		-		-			
330	T	-		p>=0.05		p>=0.05			-0.0484644899999999
331	R	p>=0.05		p>=0.05		p>=0.05		-0.091949725	-0.0571342008333333
332	K	p>=0.05		p>=0.05		p>=0.05		-0.209984975	-0.1283593444444444
333	D	p>=0.05		p>=0.05		p>=0.05		-0.0831433333333333	-0.3140532633333333
334	Y	p>=0.05		p>=0.05		p>=0.05		-0.87113502	-0.6128612177777778
335	P	p>=0.05		p>=0.05		p>=0.05		-0.8843053000000001	-0.5706568555555556
336	A	-		p>=0.05		p>=0.05			-0.3445858155555556
337	A	p>=0.05		p>=0.05		p>=0.05		-0.1929219	-0.0747260733333333
338	K	-		p>=0.05		p>=0.05			-0.04420005
339	R	-		-		-			
340	V	-		-		-			
341	K	-		-		-			
342	L	-		p>=0.05		p>=0.05			-0.0991655
343	D	p>=0.05		p>=0.05		p>=0.05		-0.0991655	-0.0991655
344	S	-		-		-			
345	V	-		-		-			
346	R	-		-		-			
347	V	-		-		-			
348	L	-		-		-			
349	R	p>=0.05		-		p>=0.05		-0.2087097	
350	Q	-		p>=0.05		p>=0.05			-0.0266107983333333
351	I	-		-		-			
352	S	p>=0.05		-		p>=0.05		-0.250587095	
353	N	-		-		-			
354	N	-		-		-			
355	R	-		-		-			
356	K	-		-		-			
357	C	-		-		-			
358	T	-		-		-			
359	S	-		-		-			
360	P	-		-		-			
361	R	-		-		-			
362	S	-		-		-			
363	S	-		-		-			
364	D	-		-		-			
365	T	-		-		-			
366	E	p>=0.05		-		p>=0.05		-0.2422929519999999	
367	E	p>=0.05		p>=0.05		p>=0.05		-0.009732394	-0.0485163772499999
368	N	-		p>=0.05		p>=0.05			-0.1016277213333333
369	V	p>=0.05		p>=0.05		p>=0.05		-0.052857818	-0.1016277213333333
370	K	-		p>=0.05		p>=0.05			-0.031295106
371	R	-		p>=0.05		p>=0.05			-0.052857818
372	R	-		p>=0.05		p>=0.05			-0.052857818
373	T	-		-		-			
374	H	-		-		-			
375	N	-		p<0.05	0.0	p<0.05	0.0		-1.2080248444444444
376	V	-		p<0.05	0.0	p<0.05	0.0		-2.128114008333333
377	L	-		p<0.05	0.0	p<0.05	0.0		-2.128114008333333
378	E	p<0.05	10.0	p<0.05	0.0	p<0.05	0.0	-4.9654237666666665	-2.0059284266666664
379	R	p<0.05	10.0	p<0.05	0.0	p<0.05	0.0	-4.8883815	-2.0059284266666664
380	Q	-		p<0.05	0.0	p<0.05	0.0		-2.6699969416666667
381	R	p>=0.05		p<0.05	0.0	p<0.05	0.0	-1.5171861	-2.9669613041666665
382	R	-		p<0.05	0.0	p<0.05	0.0		-2.4165698625
383	N	-		p<0.05	0.0	p<0.05	0.0		-1.59263265
384	E	p>=0.05		p<0.05	0.0	p<0.05	0.0	-0.4968538499999999	-1.59263265
385	L	p<0.05	6.0	p<0.05	0.0	p<0.05	0.0	-2.763858	-1.630355925
386	K	-		p<0.05	0.0	p<0.05	0.0		-1.630355925
387	R	-		p<0.05	0.0	p<0.05	0.0		-1.630355925
388	S	-		p<0.05	0.0	p<0.05	0.0		-2.763858
389	F	-		p<0.05	0.0	p<0.05	0.0		-2.671235
390	F	-		p<0.05	0.0	p<0.05	0.0		-1.2827807249999998
391	A	-		p<0.05	0.0	p<0.05	0.0		-1.0401323833333331
392	L	p<0.05	11.0	p<0.05	0.0	p<0.05	0.0	-2.671235	-1.0401323833333331
393	R	-		p<0.05	0.0	p<0.05	0.0		-1.111314803333333
394	D	p>=0.05		p>=0.05		p>=0.05		-0.5548357	-0.7540817541666666
395	Q	-		p>=0.05		p>=0.05			-0.7540817541666666
396	I	-		p>=0.05		p>=0.05			-0.3182063458333333
397	P	-		p>=0.05		p>=0.05			-0.4118316166666667
398	E	p>=0.05		p>=0.05		p>=0.05		-0.9277333666666668	-0.4118316166666667
399	L	-		p>=0.05		p>=0.05			-0.2393298944444445
400	E	-		p>=0.05		p>=0.05			-0.5548357
401	N	-		-		-			
402	N	-		-		-			
403	E	-		-		-			
404	K	-		-		-			
405	A	-		-		-			
406	P	-		-		-			
407	K	-		p<0.05	0.0	p<0.05	0.0		-2.540247
408	V	-		p<0.05	0.0	p<0.05	0.0		-2.540247
409	V	-		p<0.05	0.0	p<0.05	0.0		-2.540247
410	I	p<0.05	8.0	p<0.05	0.0	p<0.05	0.0	-2.540247	-1.658273483333333
411	L	p<0.05	8.0	p<0.05	0.0	p<0.05	0.0	-2.540247	-2.540247
412	K	-		p<0.05	0.0	p<0.05	0.0		-2.540247
413	K	-		p<0.05	0.0	p<0.05	0.0		-2.540247
414	A	-		p<0.05	0.0	p<0.05	0.0		-2.540247
415	T	-		-		-			
416	A	-		p<0.05	0.0	p<0.05	0.0		-4.3922425
417	Y	-		p<0.05	0.0	p<0.05	0.0		-4.48698075
418	I	-		p<0.05	0.0	p<0.05	0.0		-3.648934071333333
419	L	p<0.05	3.0	p<0.05	0.0	p<0.05	0.0	-4.3922425	-3.648934071333333
420	S	p<0.05	3.0	p<0.05	0.0	p<0.05	0.0	-4.581719	-2.6424398368333333
421	V	p<0.05	3.0	p<0.05	0.0	p<0.05	0.0	-1.972840714	-2.1352303161333333
422	Q	-		p<0.05	0.0	p<0.05	0.0		-1.6493662634444444
423	A	-		p<0.05	0.0	p<0.05	0.0		-1.1007910161333334
424	E	p>=0.05		p>=0.05		p>=0.05		-0.1063922333333333	-0.2305590201666666
425	E	-		-		-			
426	Q	-		-		-			
427	K	-		-		-			
428	L	-		-		-			
429	I	-		-		-			
430	S	-		-		-			
431	E	-		-		-			
432	E	-		-		-			
433	D	-		-		-			
434	L	-		-		-			
435	L	-		-		-			
436	R	-		-		-			
437	K	-		-		-			
438	R	-		-		-			
439	R	-		-		-			
440	E	-		-		-			
441	Q	-		-		-			
442	L	-		-		-			
443	K	-		p>=0.05		p>=0.05			-0.6240870333333333
444	H	-		p>=0.05		p>=0.05			-0.4396078
445	K	-		p>=0.05		p>=0.05			-0.4396078
446	L	p<0.05	7.0	p>=0.05		p<0.05	3.0	-2.293138	-0.7115299833333332
447	E	-		p>=0.05		p>=0.05			-0.5988561458333332
448	Q	-		p>=0.05		p>=0.05			-0.5988561458333332
449	L	p>=0.05		p>=0.05		p>=0.05		-0.6989786499999999	-0.4160238566666666
450	R	p>=0.05		p>=0.05		p>=0.05		-0.2608346333333333	-0.1262041766666666
451	N	-		p>=0.05		p>=0.05			-0.50777027
452	S	-		p>=0.05		p>=0.05			-0.50777027
453	C	p>=0.05		p>=0.05		p>=0.05		-0.8440396	-0.459968175
454	A	p>=0.05		p>=0.05		p>=0.05		-1.0503037666666666	-0.5263460222222222
