residue	aa	median_LFC3D_neg	n_runs_sig_p05	n_runs_sig_p01	pLDDT	direction	flag
417	Y	-4.487	3	3	98.8	depletion/essential	TP-MAX-dimerization
416	A	-4.392	3	3	98.7	depletion/essential	FUNCTIONAL-bHLHLZ-domain
419	L	-4.068	4	4	98.8	depletion/essential	TP-MAX-dimerization
418	I	-4.021	4	4	98.8	depletion/essential	TP-MAX-dimerization
149	M	-3.517	4	4	59.4	depletion/essential	FUNC-IDR-MYC-Box-II
379	R	-3.466	4	4	98.5	depletion/essential	TP-DNA-contact
420	S	-3.146	4	4	98.6	depletion/essential	FUNCTIONAL-bHLHLZ-domain
380	Q	-2.936	4	4	98.6	depletion/essential	FUNCTIONAL-bHLHLZ-domain
148	C	-2.895	4	4	51.6	depletion/essential	FUNC-IDR-MYC-Box-II
421	V	-2.706	4	4	98.8	depletion/essential	TP-MAX-dimerization
382	R	-2.671	4	4	98.7	depletion/essential	TP-DNA-contact
381	R	-2.645	4	4	98.6	depletion/essential	TP-DNA-contact
147	D	-2.558	4	4	45.5	depletion/essential	FUNC-IDR-MYC-Box-II
408	V	-2.54	3	3	98.4	depletion/essential	TP-MAX-dimerization
409	V	-2.54	4	4	98.4	depletion/essential	FUNCTIONAL-bHLHLZ-domain
411	L	-2.54	4	4	98.8	depletion/essential	TP-MAX-dimerization
412	K	-2.54	4	4	98.6	depletion/essential	TP-MAX-dimerization
413	K	-2.54	3	3	98.6	depletion/essential	FUNCTIONAL-bHLHLZ-domain
414	A	-2.54	3	3	98.8	depletion/essential	TP-MAX-dimerization
378	E	-2.53	4	4	98.4	depletion/essential	TP-DNA-contact
150	W	-2.487	4	4	62.0	depletion/essential	FUNC-IDR-MYC-Box-II
41	D	-2.468	4	4	50.9	depletion/essential	LIKELY-FP-disordered-IDR
154	S	-2.348	4	4	53.4	depletion/essential	FUNC-IDR-MYC-Box-II
151	S	-2.341	4	4	46.9	depletion/essential	FUNC-IDR-MYC-Box-II
386	K	-2.197	4	4	98.2	depletion/essential	TP-DNA-contact
42	E	-2.173	4	4	45.2	depletion/essential	LIKELY-FP-disordered-IDR
375	N	-2.128	3	3	98.2	depletion/essential	TP-DNA-contact
376	V	-2.128	3	3	98.4	depletion/essential	FUNCTIONAL-bHLHLZ-domain
62	E	-2.12	4	4	64.2	depletion/essential	FUNC-IDR-MYC-Box-I
152	G	-2.113	4	4	44.0	depletion/essential	FUNC-IDR-MYC-Box-II
410	I	-2.099	4	4	98.6	depletion/essential	FUNCTIONAL-bHLHLZ-domain
40	C	-2.095	4	4	43.6	depletion/essential	LIKELY-FP-disordered-IDR
377	L	-2.067	4	4	98.4	depletion/essential	FUNCTIONAL-bHLHLZ-domain
153	F	-2.05	4	4	46.3	depletion/essential	FUNC-IDR-MYC-Box-II
94	P	-2.021	4	4	44.7	depletion/essential	LIKELY-FP-disordered-IDR
383	N	-2.005	3	3	98.6	depletion/essential	FUNCTIONAL-bHLHLZ-domain
124	D	-1.898	4	4	44.8	depletion/essential	LIKELY-FP-disordered-IDR
93	T	-1.876	4	4	39.9	depletion/essential	LIKELY-FP-disordered-IDR
391	A	-1.856	4	3	98.1	depletion/essential	TP-MAX-dimerization
39	Y	-1.783	4	4	51.2	depletion/essential	LIKELY-FP-disordered-IDR
63	D	-1.778	4	3	66.2	depletion/essential	FUNC-IDR-MYC-Box-I
155	A	-1.773	4	4	47.5	depletion/essential	FUNC-IDR-MYC-Box-II
123	G	-1.743	4	4	39.0	depletion/essential	LIKELY-FP-disordered-IDR
125	M	-1.71	4	4	51.3	depletion/essential	LIKELY-FP-disordered-IDR
422	Q	-1.649	3	3	98.8	depletion/essential	TP-MAX-dimerization
423	A	-1.649	3	3	98.7	depletion/essential	FUNCTIONAL-bHLHLZ-domain
385	L	-1.63	4	4	98.4	depletion/essential	TP-MAX-dimerization
387	R	-1.63	3	3	98.1	depletion/essential	FUNCTIONAL-bHLHLZ-domain
122	G	-1.621	4	4	49.9	depletion/essential	LIKELY-FP-disordered-IDR
384	E	-1.611	4	4	98.6	depletion/essential	TP-MAX-dimerization
43	E	-1.363	4	4	46.2	depletion/essential	LIKELY-FP-disordered-IDR
92	V	-1.354	4	4	43.3	depletion/essential	LIKELY-FP-disordered-IDR
38	F	-1.321	4	4	46.8	depletion/essential	LIKELY-FP-disordered-IDR
126	V	-1.262	4	4	47.2	depletion/essential	LIKELY-FP-disordered-IDR
146	Q	-1.258	4	4	58.8	depletion/essential	FUNC-IDR-MYC-Box-II
64	I	-1.24	3	3	70.6	depletion/essential	FUNC-IDR-MYC-Box-I
61	S	-1.208	4	4	65.2	depletion/essential	FUNC-IDR-MYC-Box-I
95	F	-1.207	4	4	40.3	depletion/essential	LIKELY-FP-disordered-IDR
392	L	-1.197	4	3	98.5	depletion/essential	TP-MAX-dimerization
156	A	-1.186	4	4	48.4	depletion/essential	FUNC-IDR-MYC-Box-II
319	T	-1.158	3	3	59.7	depletion/essential	LIKELY-FP-disordered-IDR
211	P	-1.157	3	3	71.8	depletion/essential	NOVEL-CANDIDATE-folded
393	R	-1.111	4	4	98.5	depletion/essential	FUNCTIONAL-bHLHLZ-domain
37	Y	-1.099	4	4	53.5	depletion/essential	LIKELY-FP-disordered-IDR
121	L	-1.053	3	3	54.4	depletion/essential	LIKELY-FP-disordered-IDR
127	N	-1.051	4	3	45.1	depletion/essential	LIKELY-FP-disordered-IDR
103	G	-1.022	3	1	35.8	depletion/essential	LIKELY-FP-disordered-IDR
318	S	-0.953	3	2	49.5	depletion/essential	LIKELY-FP-disordered-IDR
317	V	-0.914	3	1	59.6	depletion/essential	LIKELY-FP-disordered-IDR
157	A	-0.907	3	2	52.3	depletion/essential	FUNC-IDR-MYC-Box-II
135	D	-0.903	4	2	50.6	depletion/essential	LIKELY-FP-disordered-IDR
36	P	-0.898	3	3	60.3	depletion/essential	LIKELY-FP-disordered-IDR
120	L	-0.887	3	3	53.8	depletion/essential	LIKELY-FP-disordered-IDR
47	Y	-0.869	3	1	45.3	depletion/essential	LIKELY-FP-disordered-IDR
