unipos	unires	MCL1_combo_S63845_LFC_pos_05_psig	MCL1_combo_S63845_LFC_pos_05_psig_Clust_6A	MCL1_combo_S63845_LFC3D_pos_05_psig	MCL1_combo_S63845_LFC3D_pos_05_psig_Clust_6A	MCL1_combo_S63845_union_pos_05_psig	MCL1_combo_S63845_union_pos_05_psig_Clust_6A	unires	MCL1_combo_S63845_LFC_neg_05_psig	MCL1_combo_S63845_LFC_neg_05_psig_Clust_6A	MCL1_combo_S63845_LFC3D_neg_05_psig	MCL1_combo_S63845_LFC3D_neg_05_psig_Clust_6A	MCL1_combo_S63845_union_neg_05_psig	MCL1_combo_S63845_union_neg_05_psig_Clust_6A	MCL1_combo_S63845_LFC_05_hits	MCL1_combo_S63845_LFC3D_05_hits
1	M	-		-		-		M	-		-		-			
2	F	-		-		-		F	-		-		-			
3	G	-		-		-		G	-		p>=0.05		p>=0.05			
4	L	-		-		-		L	p>=0.05		p>=0.05		p>=0.05			
5	K	-		-		-		K	-		p>=0.05		p>=0.05			
6	R	-		-		-		R	-		-		-			
7	N	-		-		-		N	-		-		-			
8	A	-		-		-		A	-		-		-			
9	V	-		-		-		V	-		-		-			
10	I	-		-		-		I	-		-		-			
11	G	-		-		-		G	-		p>=0.05		p>=0.05			
12	L	-		-		-		L	p>=0.05		p>=0.05		p>=0.05			
13	N	-		-		-		N	-		p>=0.05		p>=0.05			
14	L	-		-		-		L	p>=0.05		p>=0.05		p>=0.05			
15	Y	-		-		-		Y	-		p>=0.05		p>=0.05			
16	C	-		-		-		C	-		-		-			
17	G	-		-		-		G	-		-		-			
18	G	-		-		-		G	-		-		-			
19	A	-		-		-		A	-		p>=0.05		p>=0.05			
20	G	-		-		-		G	p>=0.05		p>=0.05		p>=0.05			
21	L	-		-		-		L	-		p>=0.05		p>=0.05			
22	G	-		-		-		G	-		-		-			
23	A	-		-		-		A	-		-		-			
24	G	-		-		-		G	-		-		-			
25	S	-		-		-		S	-		-		-			
26	G	-		-		-		G	-		-		-			
27	G	-		-		-		G	-		-		-			
28	A	-		-		-		A	-		-		-			
29	T	-		-		-		T	-		-		-			
30	R	-		p>=0.05		p>=0.05		R	-		-		-			
31	P	p>=0.05		p>=0.05		p>=0.05		P	-		-		-			
32	G	-		p>=0.05		p>=0.05		G	-		-		-			
33	G	p>=0.05		p>=0.05		p>=0.05		G	-		-		-			
34	R	p>=0.05		p>=0.05		p>=0.05		R	-		-		-			
35	L	-		p>=0.05		p>=0.05		L	-		-		-			
36	L	-		-		-		L	-		-		-			
37	A	-		-		-		A	-		p>=0.05		p>=0.05			
38	T	-		-		-		T	p>=0.05		p>=0.05		p>=0.05			
39	E	-		-		-		E	-		p>=0.05		p>=0.05			
40	K	-		-		-		K	-		-		-			
41	E	-		-		-		E	-		-		-			
42	A	-		-		-		A	-		p>=0.05		p>=0.05			
43	S	-		-		-		S	p>=0.05		p>=0.05		p>=0.05			
44	A	-		-		-		A	-		p>=0.05		p>=0.05			
45	R	-		-		-		R	p>=0.05		p>=0.05		p>=0.05			
46	R	-		-		-		R	-		p>=0.05		p>=0.05			
47	E	-		-		-		E	-		-		-			
48	I	-		-		-		I	-		p<0.05	2.0	p<0.05	1.0		Neg
49	G	-		-		-		G	p<0.05	1.0	p<0.05	2.0	p<0.05	1.0	Neg	Neg
50	G	-		-		-		G	p<0.05	1.0	p>=0.05		p<0.05	1.0	Neg	
51	G	-		-		-		G	p>=0.05		p>=0.05		p>=0.05			
52	E	-		-		-		E	-		p>=0.05		p>=0.05			
53	A	-		-		-		A	-		-		-			
54	G	-		-		-		G	-		-		-			
55	A	-		-		-		A	-		-		-			
56	V	-		-		-		V	-		-		-			
57	I	-		-		-		I	-		-		-			
58	G	-		-		-		G	-		p<0.05	3.0	p<0.05	10.0		Neg
59	G	-		-		-		G	p<0.05	11.0	p<0.05	3.0	p<0.05	10.0	Neg	Neg
60	S	-		-		-		S	-		p<0.05	3.0	p<0.05	10.0		Neg
61	A	-		-		-		A	-		-		-			
62	G	-		-		-		G	-		-		-			
63	A	-		-		-		A	-		-		-			
64	S	-		-		-		S	-		-		-			
65	P	-		-		-		P	-		-		-			
66	P	-		-		-		P	-		-		-			
67	S	-		-		-		S	-		p>=0.05		p>=0.05			
68	T	-		-		-		T	p>=0.05		p>=0.05		p>=0.05			
69	L	-		-		-		L	p>=0.05		p>=0.05		p>=0.05			
70	T	-		-		-		T	p<0.05	13.0	p>=0.05		p<0.05	11.0	Neg	
71	P	-		-		-		P	-		p>=0.05		p>=0.05			
72	D	p>=0.05		-		p>=0.05		D	-		p>=0.05		p>=0.05			
73	S	-		p>=0.05		p>=0.05		S	p>=0.05		-		p>=0.05			
74	R	p>=0.05		p>=0.05		p>=0.05		R	-		-		-			
75	R	-		p>=0.05		p>=0.05		R	-		-		-			
76	V	p>=0.05		p>=0.05		p>=0.05		V	-		-		-			
77	A	-		p>=0.05		p>=0.05		A	-		-		-			
78	R	p>=0.05		p>=0.05		p>=0.05		R	-		-		-			
79	P	-		p<0.05	4.0	p<0.05	4.0	P	-		-		-			Pos
80	P	p>=0.05		p>=0.05		p>=0.05		P	-		-		-			
81	P	-		p>=0.05		p>=0.05		P	-		-		-			
82	I	-		-		-		I	-		-		-			
83	G	-		-		-		G	-		-		-			
84	A	-		p<0.05	3.0	p<0.05	3.0	A	-		-		-			Pos
85	E	p>=0.05		p<0.05	3.0	p<0.05	3.0	E	-		-		-			Pos
86	V	p>=0.05		p<0.05	3.0	p<0.05	3.0	V	-		-		-			Pos
87	P	-		p>=0.05		p>=0.05		P	-		-		-			
88	D	-		-		-		D	-		-		-			
89	V	-		p>=0.05		p>=0.05		V	-		-		-			
90	T	p>=0.05		p>=0.05		p>=0.05		T	-		-		-			
91	A	-		p>=0.05		p>=0.05		A	-		-		-			
92	T	-		-		-		T	-		-		-			
93	P	-		-		-		P	-		-		-			
94	A	-		p<0.05	7.0	p<0.05	7.0	A	-		-		-			Pos
95	R	p>=0.05		p<0.05	7.0	p<0.05	7.0	R	-		-		-			Pos
96	L	-		p<0.05	7.0	p<0.05	7.0	L	-		-		-			Pos
97	L	-		-		-		L	-		-		-			
98	F	-		-		-		F	-		-		-			
99	F	-		-		-		F	-		-		-			
100	A	-		-		-		A	-		-		-			
101	P	-		-		-		P	-		-		-			
102	T	-		-		-		T	-		-		-			
103	R	-		p>=0.05		p>=0.05		R	-		-		-			
104	R	p>=0.05		p>=0.05		p>=0.05		R	-		-		-			
105	A	-		p>=0.05		p>=0.05		A	-		-		-			
106	A	-		-		-		A	-		-		-			
107	P	-		-		-		P	-		-		-			
108	L	-		-		-		L	-		p<0.05	0.0	p<0.05	0.0		Neg
109	E	-		-		-		E	p<0.05	7.0	p<0.05	0.0	p<0.05	0.0	Neg	Neg
110	E	-		-		-		E	-		p<0.05	0.0	p<0.05	0.0		Neg
111	M	-		-		-		M	-		p<0.05	0.0	p<0.05	0.0		Neg
112	E	-		-		-		E	p<0.05	12.0	p<0.05	0.0	p<0.05	0.0	Neg	Neg
113	A	-		-		-		A	-		p<0.05	0.0	p<0.05	0.0		Neg
114	P	-		-		-		P	-		-		-			
115	A	-		-		-		A	-		-		-			
116	A	-		-		-		A	-		-		-			
117	D	-		-		-		D	-		-		-			
118	A	-		-		-		A	-		-		-			
119	I	-		-		-		I	-		p>=0.05		p>=0.05			
120	M	-		-		-		M	p<0.05	14.0	p>=0.05		p<0.05	5.0	Neg	
121	S	-		-		-		S	p>=0.05		p>=0.05		p>=0.05			
122	P	-		-		-		P	p<0.05	10.0	p>=0.05		p<0.05	2.0	Neg	
123	E	-		-		-		E	-		p<0.05	4.0	p<0.05	2.0		Neg
124	E	-		-		-		E	p<0.05	6.0	p<0.05	4.0	p<0.05	2.0	Neg	Neg
125	E	-		-		-		E	-		p<0.05	4.0	p<0.05	2.0		Neg
126	L	-		-		-		L	-		p<0.05	4.0	p<0.05	2.0		Neg
127	D	-		-		-		D	p<0.05	2.0	p<0.05	4.0	p<0.05	2.0	Neg	Neg
128	G	-		-		-		G	p<0.05	2.0	p<0.05	4.0	p<0.05	2.0	Neg	Neg
129	Y	-		-		-		Y	-		p<0.05	4.0	p<0.05	2.0		Neg
130	E	-		p>=0.05		p>=0.05		E	-		-		-			
131	P	p>=0.05		p>=0.05		p>=0.05		P	-		-		-			
132	E	-		-		-		E	-		p>=0.05		p>=0.05			
133	P	-		-		-		P	p<0.05	0.0	p>=0.05		p<0.05	9.0	Neg	
134	L	-		-		-		L	p<0.05	0.0	p>=0.05		p<0.05	9.0	Neg	
135	G	-		-		-		G	-		p>=0.05		p>=0.05			
136	K	-		p<0.05	8.0	p<0.05	8.0	K	-		-		-			Pos
137	R	p>=0.05		p<0.05	8.0	p<0.05	8.0	R	-		-		-			Pos
138	P	-		p<0.05	8.0	p<0.05	8.0	P	-		-		-			Pos
139	A	-		-		-		A	-		-		-			
140	V	-		-		-		V	-		-		-			
141	L	-		p>=0.05		p>=0.05		L	-		-		-			
142	P	p>=0.05		p>=0.05		p>=0.05		P	-		-		-			
143	L	-		p>=0.05		p>=0.05		L	-		-		-			
144	L	-		-		-		L	-		-		-			
145	E	-		-		-		E	-		-		-			
146	L	-		-		-		L	-		p<0.05	1.0	p<0.05	3.0		Neg
147	V	-		-		-		V	p<0.05	3.0	p<0.05	1.0	p<0.05	3.0	Neg	Neg
148	G	-		-		-		G	p<0.05	3.0	p<0.05	1.0	p<0.05	3.0	Neg	Neg
149	E	-		-		-		E	-		p<0.05	1.0	p<0.05	3.0		Neg
150	S	-		-		-		S	-		-		-			
151	G	-		-		-		G	-		-		-			
152	N	-		-		-		N	-		-		-			
153	N	-		-		-		N	-		-		-			
154	T	-		-		-		T	-		-		-			
155	S	-		-		-		S	-		-		-			
156	T	-		-		-		T	-		-		-			
157	D	-		-		-		D	-		-		-			
158	G	-		-		-		G	-		-		-			
159	S	-		-		-		S	-		-		-			
160	L	-		-		-		L	-		-		-			
161	P	-		-		-		P	-		-		-			
162	S	-		p>=0.05		p>=0.05		S	-		-		-			
163	T	p>=0.05		p<0.05	5.0	p<0.05	5.0	T	-		-		-			Pos
164	P	p>=0.05		p>=0.05		p>=0.05		P	-		-		-			
165	P	-		p>=0.05		p>=0.05		P	p>=0.05		-		p>=0.05			
166	P	p>=0.05		p>=0.05		p>=0.05		P	-		-		-			
167	A	-		p>=0.05		p>=0.05		A	-		-		-			
168	E	-		p>=0.05		p>=0.05		E	-		-		-			
169	E	-		p>=0.05		p>=0.05		E	p>=0.05		-		p>=0.05			
170	E	-		-		-		E	p>=0.05		p>=0.05		p>=0.05			
171	E	-		-		-		E	p>=0.05		p>=0.05		p>=0.05			
172	D	-		-		-		D	p>=0.05		p>=0.05		p>=0.05			
173	E	-		-		-		E	-		p>=0.05		p>=0.05			
174	L	-		-		-		L	-		p>=0.05		p>=0.05			
175	Y	-		p>=0.05		p>=0.05		Y	-		-		-			
176	R	-		p>=0.05		p>=0.05		R	-		-		-			
177	Q	-		p<0.05	0.0	p<0.05	2.0	Q	-		-		-			Pos
178	S	p>=0.05		p<0.05	0.0	p<0.05	2.0	S	-		-		-			Pos
179	L	-		-		-		L	-		p>=0.05		p>=0.05			
180	E	-		p<0.05	0.0	p<0.05	2.0	E	-		-		-			Pos
181	I	-		p>=0.05		p>=0.05		I	-		-		-			
182	I	-		p>=0.05		p>=0.05		I	-		-		-			
183	S	-		p>=0.05		p>=0.05		S	-		-		-			
184	R	p>=0.05		p>=0.05		p>=0.05		R	-		-		-			
185	Y	-		p>=0.05		p>=0.05		Y	-		-		-			
186	L	p>=0.05		p>=0.05		p>=0.05		L	-		-		-			
187	R	p>=0.05		p>=0.05		p>=0.05		R	-		-		-			
188	E	-		-		-		E	-		p>=0.05		p>=0.05			
189	Q	-		-		-		Q	-		p>=0.05		p>=0.05			
190	A	-		-		-		A	-		p>=0.05		p>=0.05			
191	T	-		-		-		T	-		p>=0.05		p>=0.05			
192	G	-		-		-		G	p<0.05	9.0	p>=0.05		p<0.05	6.0	Neg	
193	A	-		-		-		A	-		p>=0.05		p>=0.05			
194	K	-		-		-		K	-		-		-			
195	D	-		-		-		D	-		p>=0.05		p>=0.05			
196	T	-		-		-		T	p>=0.05		p>=0.05		p>=0.05			
197	K	-		-		-		K	-		p>=0.05		p>=0.05			
198	P	p>=0.05		p>=0.05		p>=0.05		P	-		-		-			
199	M	-		-		-		M	p>=0.05		p>=0.05		p>=0.05			
200	G	-		-		-		G	-		p>=0.05		p>=0.05			
201	R	-		-		-		R	-		p>=0.05		p>=0.05			
202	S	-		-		-		S	p>=0.05		p>=0.05		p>=0.05			
203	G	-		-		-		G	p>=0.05		p>=0.05		p>=0.05			
204	A	-		-		-		A	-		p>=0.05		p>=0.05			
205	T	-		-		-		T	p>=0.05		p>=0.05		p>=0.05			
206	S	-		-		-		S	-		p>=0.05		p>=0.05			
207	R	-		-		-		R	-		p>=0.05		p>=0.05			
208	K	-		-		-		K	-		p>=0.05		p>=0.05			
209	A	-		p>=0.05		p>=0.05		A	-		-		-			
210	L	-		p>=0.05		p>=0.05		L	-		-		-			
211	E	-		p>=0.05		p>=0.05		E	p<0.05	8.0	-		p<0.05	8.0	Neg	
212	T	p<0.05	1.0	p>=0.05		p<0.05	0.0	T	-		-		-		Pos	
213	L	-		p>=0.05		p>=0.05		L	-		-		-			
214	R	-		p<0.05	2.0	p<0.05	0.0	R	-		-		-			Pos
215	R	-		p<0.05	2.0	p<0.05	0.0	R	-		-		-			Pos
216	V	-		p<0.05	2.0	p<0.05	0.0	V	-		-		-			Pos
217	G	p>=0.05		p<0.05	2.0	p<0.05	0.0	G	-		-		-			Pos
218	D	p>=0.05		p<0.05	2.0	p<0.05	0.0	D	-		-		-			Pos
219	G	-		p<0.05	2.0	p<0.05	0.0	G	-		-		-			Pos
220	V	-		p<0.05	2.0	p<0.05	0.0	V	-		-		-			Pos
221	Q	-		p<0.05	2.0	p<0.05	0.0	Q	-		-		-			Pos
222	R	-		-		-		R	-		-		-			
223	N	-		-		-		N	-		-		-			
224	H	-		-		-		H	-		-		-			
225	E	-		-		-		E	-		-		-			
226	T	-		-		-		T	-		-		-			
227	A	-		-		-		A	-		-		-			
228	F	-		-		-		F	-		-		-			
229	Q	-		-		-		Q	-		-		-			
230	G	-		-		-		G	-		-		-			
231	M	-		-		-		M	-		-		-			
232	L	-		-		-		L	-		-		-			
233	R	-		-		-		R	-		-		-			
234	K	-		-		-		K	-		-		-			
235	L	-		-		-		L	-		-		-			
236	D	-		-		-		D	-		-		-			
237	I	-		-		-		I	-		-		-			
238	K	-		-		-		K	-		-		-			
239	N	-		-		-		N	-		-		-			
240	E	-		-		-		E	-		-		-			
241	D	-		-		-		D	-		-		-			
242	D	-		-		-		D	-		-		-			
243	V	-		-		-		V	-		-		-			
244	K	-		-		-		K	-		-		-			
245	S	-		-		-		S	-		-		-			
246	L	-		-		-		L	-		-		-			
247	S	-		-		-		S	-		-		-			
248	R	-		-		-		R	-		-		-			
249	V	-		-		-		V	-		-		-			
250	M	-		-		-		M	-		-		-			
251	I	-		-		-		I	-		-		-			
252	H	-		-		-		H	-		-		-			
253	V	-		-		-		V	-		-		-			
254	F	-		p<0.05	1.0	p<0.05	1.0	F	-		-		-			Pos
255	S	-		p<0.05	1.0	p<0.05	1.0	S	-		-		-			Pos
256	D	-		p<0.05	1.0	p<0.05	1.0	D	-		-		-			Pos
257	G	p>=0.05		p<0.05	1.0	p<0.05	1.0	G	-		-		-			Pos
258	V	p>=0.05		p<0.05	1.0	p<0.05	1.0	V	-		-		-			Pos
259	T	-		p<0.05	1.0	p<0.05	1.0	T	-		-		-			Pos
260	N	-		-		-		N	-		-		-			
261	W	-		-		-		W	-		-		-			
262	G	-		-		-		G	-		-		-			
263	R	-		p<0.05	2.0	p<0.05	0.0	R	-		-		-			Pos
264	I	-		p<0.05	2.0	p<0.05	0.0	I	-		-		-			Pos
265	V	-		p<0.05	2.0	p<0.05	0.0	V	-		-		-			Pos
266	T	p>=0.05		p<0.05	2.0	p<0.05	0.0	T	-		-		-			Pos
267	L	-		p<0.05	2.0	p<0.05	0.0	L	-		-		-			Pos
268	I	-		p<0.05	2.0	p<0.05	0.0	I	-		-		-			Pos
269	S	-		p<0.05	2.0	p<0.05	0.0	S	-		-		-			Pos
270	F	-		-		-		F	-		-		-			
271	G	-		-		-		G	-		-		-			
272	A	-		p>=0.05		p>=0.05		A	-		-		-			
273	F	-		-		-		F	-		-		-			
274	V	-		-		-		V	-		-		-			
275	A	-		p>=0.05		p>=0.05		A	-		-		-			
276	K	-		-		-		K	-		-		-			
277	H	-		-		-		H	-		-		-			
278	L	-		-		-		L	-		-		-			
279	K	-		-		-		K	-		-		-			
280	T	-		-		-		T	-		-		-			
281	I	-		-		-		I	-		-		-			
282	N	-		-		-		N	-		-		-			
283	Q	-		-		-		Q	-		-		-			
284	E	-		-		-		E	-		-		-			
285	S	-		-		-		S	-		-		-			
286	C	-		-		-		C	-		p>=0.05		p>=0.05			
287	I	-		-		-		I	-		p>=0.05		p>=0.05			
288	E	-		-		-		E	p>=0.05		p>=0.05		p>=0.05			
289	P	-		-		-		P	-		p>=0.05		p>=0.05			
290	L	-		-		-		L	-		p>=0.05		p>=0.05			
291	A	-		-		-		A	-		p>=0.05		p>=0.05			
292	E	-		-		-		E	-		p<0.05	5.0	p<0.05	7.0		Neg
293	S	-		-		-		S	-		p<0.05	5.0	p<0.05	7.0		Neg
294	I	-		-		-		I	-		p<0.05	5.0	p<0.05	7.0		Neg
295	T	-		-		-		T	p<0.05	5.0	p>=0.05		p<0.05	7.0	Neg	
296	D	-		-		-		D	-		p>=0.05		p>=0.05			
297	V	-		-		-		V	-		p>=0.05		p>=0.05			
298	L	-		-		-		L	p>=0.05		p>=0.05		p>=0.05			
299	V	-		-		-		V	-		p>=0.05		p>=0.05			
300	R	-		-		-		R	-		p>=0.05		p>=0.05			
301	T	-		-		-		T	-		p>=0.05		p>=0.05			
302	K	-		-		-		K	-		p>=0.05		p>=0.05			
303	R	-		-		-		R	-		-		-			
304	D	-		-		-		D	-		-		-			
305	W	-		-		-		W	-		-		-			
306	L	-		-		-		L	-		-		-			
307	V	-		-		-		V	-		-		-			
308	K	-		-		-		K	-		-		-			
309	Q	-		-		-		Q	-		-		-			
310	R	-		-		-		R	-		-		-			
311	G	-		-		-		G	-		-		-			
312	W	-		-		-		W	-		-		-			
313	D	-		-		-		D	-		-		-			
314	G	-		-		-		G	-		-		-			
315	F	-		-		-		F	-		-		-			
316	V	-		-		-		V	-		p<0.05	6.0	p<0.05	4.0		Neg
317	E	-		-		-		E	-		p<0.05	6.0	p<0.05	4.0		Neg
318	F	-		-		-		F	-		p<0.05	6.0	p<0.05	4.0		Neg
319	F	-		-		-		F	-		p<0.05	6.0	p<0.05	4.0		Neg
320	H	-		-		-		H	p<0.05	4.0	p<0.05	6.0	p<0.05	4.0	Neg	Neg
321	V	-		-		-		V	-		p<0.05	6.0	p<0.05	4.0		Neg
322	E	-		-		-		E	-		p>=0.05		p>=0.05			
323	D	-		-		-		D	-		-		-			
324	L	-		p<0.05	6.0	p<0.05	6.0	L	-		-		-			Pos
325	E	p<0.05	0.0	p<0.05	6.0	p<0.05	6.0	E	-		-		-		Pos	Pos
326	G	p<0.05	0.0	p<0.05	6.0	p<0.05	6.0	G	-		-		-		Pos	Pos
327	G	-		p<0.05	6.0	p<0.05	6.0	G	-		-		-			Pos
328	I	-		p<0.05	6.0	p<0.05	6.0	I	-		-		-			Pos
329	R	p>=0.05		p<0.05	6.0	p<0.05	6.0	R	-		-		-			Pos
330	N	-		p>=0.05		p>=0.05		N	-		-		-			
331	V	-		p>=0.05		p>=0.05		V	-		-		-			
332	L	-		p>=0.05		p>=0.05		L	-		-		-			
333	L	-		p>=0.05		p>=0.05		L	-		-		-			
334	A	-		-		-		A	-		-		-			
335	F	-		-		-		F	-		-		-			
336	A	-		-		-		A	-		-		-			
337	G	-		-		-		G	-		-		-			
338	V	-		-		-		V	-		-		-			
339	A	-		-		-		A	-		-		-			
340	G	-		-		-		G	-		-		-			
341	V	-		-		-		V	-		-		-			
342	G	-		-		-		G	-		-		-			
343	A	-		-		-		A	-		-		-			
344	G	-		-		-		G	-		-		-			
345	L	-		-		-		L	-		-		-			
346	A	-		-		-		A	-		-		-			
347	Y	-		-		-		Y	-		-		-			
348	L	-		-		-		L	-		-		-			
349	I	-		-		-		I	-		-		-			
350	R	-		-		-		R	-		-		-			
