unipos	unires	MCL1_a1331852_LFC_pos_05_psig	MCL1_a1331852_LFC_pos_05_psig_Clust_6A	MCL1_a1331852_LFC3D_pos_05_psig	MCL1_a1331852_LFC3D_pos_05_psig_Clust_6A	MCL1_a1331852_union_pos_05_psig	MCL1_a1331852_union_pos_05_psig_Clust_6A	unires	MCL1_a1331852_LFC_neg_05_psig	MCL1_a1331852_LFC_neg_05_psig_Clust_6A	MCL1_a1331852_LFC3D_neg_05_psig	MCL1_a1331852_LFC3D_neg_05_psig_Clust_6A	MCL1_a1331852_union_neg_05_psig	MCL1_a1331852_union_neg_05_psig_Clust_6A	MCL1_a1331852_LFC_05_hits	MCL1_a1331852_LFC3D_05_hits
1	M	-		-		-		M	-		-		-			
2	F	-		-		-		F	-		-		-			
3	G	-		-		-		G	-		p>=0.05		p>=0.05			
4	L	-		-		-		L	p>=0.05		p>=0.05		p>=0.05			
5	K	-		-		-		K	-		p>=0.05		p>=0.05			
6	R	-		-		-		R	-		-		-			
7	N	-		-		-		N	-		-		-			
8	A	-		-		-		A	-		-		-			
9	V	-		-		-		V	-		-		-			
10	I	-		-		-		I	-		-		-			
11	G	-		p>=0.05		p>=0.05		G	-		-		-			
12	L	p>=0.05		p>=0.05		p>=0.05		L	-		-		-			
13	N	-		p>=0.05		p>=0.05		N	-		-		-			
14	L	p>=0.05		p>=0.05		p>=0.05		L	-		-		-			
15	Y	-		p>=0.05		p>=0.05		Y	-		-		-			
16	C	-		-		-		C	-		-		-			
17	G	-		-		-		G	-		-		-			
18	G	-		-		-		G	-		-		-			
19	A	-		p>=0.05		p>=0.05		A	-		-		-			
20	G	p>=0.05		p>=0.05		p>=0.05		G	-		-		-			
21	L	-		p>=0.05		p>=0.05		L	-		-		-			
22	G	-		-		-		G	-		-		-			
23	A	-		-		-		A	-		-		-			
24	G	-		-		-		G	-		-		-			
25	S	-		-		-		S	-		-		-			
26	G	-		-		-		G	-		-		-			
27	G	-		-		-		G	-		-		-			
28	A	-		-		-		A	-		-		-			
29	T	-		-		-		T	-		-		-			
30	R	-		p<0.05	3.0	p<0.05	3.0	R	-		-		-			Pos
31	P	p<0.05	11.0	p<0.05	3.0	p<0.05	3.0	P	-		-		-		Pos	Pos
32	G	-		p<0.05	3.0	p<0.05	3.0	G	-		-		-			Pos
33	G	p<0.05	9.0	p>=0.05		p<0.05	3.0	G	-		-		-		Pos	
34	R	p>=0.05		p>=0.05		p>=0.05		R	-		-		-			
35	L	-		p>=0.05		p>=0.05		L	-		-		-			
36	L	-		-		-		L	-		-		-			
37	A	-		p>=0.05		p>=0.05		A	-		-		-			
38	T	p>=0.05		p>=0.05		p>=0.05		T	-		-		-			
39	E	-		p>=0.05		p>=0.05		E	-		-		-			
40	K	-		-		-		K	-		-		-			
41	E	-		-		-		E	-		-		-			
42	A	-		p>=0.05		p>=0.05		A	-		-		-			
43	S	p>=0.05		p>=0.05		p>=0.05		S	-		-		-			
44	A	-		p>=0.05		p>=0.05		A	-		-		-			
45	R	p>=0.05		p>=0.05		p>=0.05		R	-		-		-			
46	R	-		p>=0.05		p>=0.05		R	-		-		-			
47	E	-		-		-		E	-		-		-			
48	I	-		-		-		I	-		p>=0.05		p>=0.05			
49	G	-		-		-		G	p<0.05	7.0	p>=0.05		p<0.05	3.0	Neg	
50	G	-		-		-		G	p>=0.05		p>=0.05		p>=0.05			
51	G	-		-		-		G	p>=0.05		p>=0.05		p>=0.05			
52	E	-		-		-		E	-		p>=0.05		p>=0.05			
53	A	-		-		-		A	-		-		-			
54	G	-		-		-		G	-		-		-			
55	A	-		-		-		A	-		-		-			
56	V	-		-		-		V	-		-		-			
57	I	-		-		-		I	-		-		-			
58	G	-		-		-		G	-		p>=0.05		p>=0.05			
59	G	-		-		-		G	p>=0.05		p>=0.05		p>=0.05			
60	S	-		-		-		S	-		p>=0.05		p>=0.05			
61	A	-		-		-		A	-		-		-			
62	G	-		-		-		G	-		-		-			
63	A	-		-		-		A	-		-		-			
64	S	-		-		-		S	-		-		-			
65	P	-		-		-		P	-		-		-			
66	P	-		-		-		P	-		-		-			
67	S	-		-		-		S	-		p>=0.05		p>=0.05			
68	T	-		-		-		T	p>=0.05		p>=0.05		p>=0.05			
69	L	-		-		-		L	p>=0.05		p>=0.05		p>=0.05			
70	T	-		-		-		T	p>=0.05		p>=0.05		p>=0.05			
71	P	-		-		-		P	-		p>=0.05		p>=0.05			
72	D	p>=0.05		p>=0.05		p>=0.05		D	-		-		-			
73	S	p<0.05	0.0	p>=0.05		p<0.05	1.0	S	-		-		-		Pos	
74	R	p<0.05	0.0	p<0.05	0.0	p<0.05	1.0	R	-		-		-		Pos	Pos
75	R	-		p<0.05	0.0	p<0.05	1.0	R	-		-		-			Pos
76	V	p<0.05	0.0	p<0.05	0.0	p<0.05	1.0	V	-		-		-		Pos	Pos
77	A	-		p<0.05	0.0	p<0.05	1.0	A	-		-		-			Pos
78	R	p<0.05	0.0	p<0.05	0.0	p<0.05	1.0	R	-		-		-		Pos	Pos
79	P	-		p<0.05	0.0	p<0.05	1.0	P	-		-		-			Pos
80	P	p<0.05	12.0	p<0.05	0.0	p<0.05	1.0	P	-		-		-		Pos	Pos
81	P	-		p<0.05	0.0	p<0.05	1.0	P	-		-		-			Pos
82	I	-		-		-		I	-		-		-			
83	G	-		-		-		G	-		-		-			
84	A	-		p>=0.05		p>=0.05		A	-		-		-			
85	E	p<0.05	8.0	p>=0.05		p<0.05	8.0	E	-		-		-		Pos	
86	V	p>=0.05		p>=0.05		p>=0.05		V	-		-		-			
87	P	-		p>=0.05		p>=0.05		P	-		-		-			
88	D	-		-		-		D	-		-		-			
89	V	-		p>=0.05		p>=0.05		V	-		-		-			
90	T	p>=0.05		p>=0.05		p>=0.05		T	-		-		-			
91	A	-		p>=0.05		p>=0.05		A	-		-		-			
92	T	-		-		-		T	-		-		-			
93	P	-		-		-		P	-		-		-			
94	A	-		p<0.05	4.0	p<0.05	4.0	A	-		-		-			Pos
95	R	p<0.05	7.0	p<0.05	4.0	p<0.05	4.0	R	-		-		-		Pos	Pos
96	L	-		p<0.05	4.0	p<0.05	4.0	L	-		-		-			Pos
97	L	-		-		-		L	-		-		-			
98	F	-		-		-		F	-		-		-			
99	F	-		-		-		F	-		-		-			
100	A	-		-		-		A	-		-		-			
101	P	-		-		-		P	-		-		-			
102	T	-		-		-		T	-		-		-			
103	R	-		p<0.05	6.0	p<0.05	5.0	R	-		-		-			Pos
104	R	p<0.05	5.0	p<0.05	6.0	p<0.05	5.0	R	-		-		-		Pos	Pos
105	A	-		p<0.05	6.0	p<0.05	5.0	A	-		-		-			Pos
106	A	-		-		-		A	-		-		-			
107	P	-		-		-		P	-		-		-			
108	L	-		-		-		L	-		p>=0.05		p>=0.05			
109	E	-		-		-		E	p>=0.05		p>=0.05		p>=0.05			
110	E	-		-		-		E	-		p>=0.05		p>=0.05			
111	M	-		-		-		M	-		p>=0.05		p>=0.05			
112	E	-		-		-		E	p>=0.05		p>=0.05		p>=0.05			
113	A	-		-		-		A	-		p>=0.05		p>=0.05			
114	P	-		-		-		P	-		-		-			
115	A	-		-		-		A	-		-		-			
116	A	-		-		-		A	-		-		-			
117	D	-		-		-		D	-		-		-			
118	A	-		-		-		A	-		-		-			
119	I	-		-		-		I	-		p>=0.05		p>=0.05			
120	M	-		-		-		M	p>=0.05		p>=0.05		p>=0.05			
121	S	-		-		-		S	p>=0.05		p>=0.05		p>=0.05			
122	P	-		-		-		P	p>=0.05		p>=0.05		p>=0.05			
123	E	-		-		-		E	-		p<0.05	3.0	p<0.05	5.0		Neg
124	E	-		-		-		E	p<0.05	5.0	p<0.05	3.0	p<0.05	5.0	Neg	Neg
125	E	-		-		-		E	-		p<0.05	3.0	p<0.05	5.0		Neg
126	L	-		-		-		L	-		p<0.05	3.0	p<0.05	5.0		Neg
127	D	-		-		-		D	p<0.05	3.0	p<0.05	3.0	p<0.05	5.0	Neg	Neg
128	G	-		-		-		G	p<0.05	3.0	p<0.05	3.0	p<0.05	5.0	Neg	Neg
129	Y	-		-		-		Y	-		p<0.05	3.0	p<0.05	5.0		Neg
130	E	-		p>=0.05		p>=0.05		E	-		-		-			
131	P	p<0.05	13.0	p>=0.05		p<0.05	6.0	P	-		-		-		Pos	
132	E	-		p>=0.05		p>=0.05		E	-		-		-			
133	P	-		-		-		P	p>=0.05		p>=0.05		p>=0.05			
134	L	-		-		-		L	p>=0.05		p>=0.05		p>=0.05			
135	G	-		-		-		G	-		p>=0.05		p>=0.05			
136	K	-		p<0.05	1.0	p<0.05	7.0	K	-		-		-			Pos
137	R	p<0.05	3.0	p<0.05	1.0	p<0.05	7.0	R	-		-		-		Pos	Pos
138	P	-		p<0.05	1.0	p<0.05	7.0	P	-		-		-			Pos
139	A	-		-		-		A	-		-		-			
140	V	-		-		-		V	-		-		-			
141	L	-		p>=0.05		p>=0.05		L	-		-		-			
142	P	p>=0.05		p>=0.05		p>=0.05		P	-		-		-			
143	L	-		p>=0.05		p>=0.05		L	-		-		-			
144	L	-		-		-		L	-		-		-			
145	E	-		-		-		E	-		-		-			
146	L	-		-		-		L	-		p>=0.05		p>=0.05			
147	V	-		p>=0.05		p>=0.05		V	p>=0.05		-		p>=0.05			
148	G	p>=0.05		p>=0.05		p>=0.05		G	-		-		-			
149	E	-		p>=0.05		p>=0.05		E	-		-		-			
150	S	-		-		-		S	-		-		-			
151	G	-		-		-		G	-		-		-			
152	N	-		-		-		N	-		-		-			
153	N	-		-		-		N	-		-		-			
154	T	-		-		-		T	-		-		-			
155	S	-		-		-		S	-		-		-			
156	T	-		-		-		T	-		-		-			
157	D	-		-		-		D	-		-		-			
158	G	-		-		-		G	-		-		-			
159	S	-		-		-		S	-		-		-			
160	L	-		-		-		L	-		-		-			
161	P	-		-		-		P	-		-		-			
162	S	-		p<0.05	2.0	p<0.05	2.0	S	-		-		-			Pos
163	T	p<0.05	2.0	p<0.05	2.0	p<0.05	2.0	T	-		-		-		Pos	Pos
164	P	p<0.05	2.0	p<0.05	2.0	p<0.05	2.0	P	-		-		-		Pos	Pos
165	P	p>=0.05		p<0.05	2.0	p<0.05	2.0	P	-		-		-			Pos
166	P	p<0.05	6.0	p>=0.05		p<0.05	2.0	P	-		-		-		Pos	
167	A	-		-		-		A	-		p>=0.05		p>=0.05			
168	E	-		-		-		E	-		p>=0.05		p>=0.05			
169	E	-		-		-		E	p>=0.05		p>=0.05		p>=0.05			
170	E	-		-		-		E	p>=0.05		p>=0.05		p>=0.05			
171	E	-		-		-		E	p>=0.05		p>=0.05		p>=0.05			
172	D	-		-		-		D	p>=0.05		p>=0.05		p>=0.05			
173	E	-		-		-		E	-		p>=0.05		p>=0.05			
174	L	-		-		-		L	-		p>=0.05		p>=0.05			
175	Y	-		-		-		Y	-		p>=0.05		p>=0.05			
176	R	-		-		-		R	-		p>=0.05		p>=0.05			
177	Q	-		-		-		Q	-		p>=0.05		p>=0.05			
178	S	-		-		-		S	p>=0.05		p>=0.05		p>=0.05			
179	L	-		-		-		L	-		p>=0.05		p>=0.05			
180	E	-		-		-		E	-		p>=0.05		p>=0.05			
181	I	-		p>=0.05		p>=0.05		I	-		-		-			
182	I	-		p<0.05	5.0	p<0.05	0.0	I	-		-		-			Pos
183	S	-		p>=0.05		p>=0.05		S	-		-		-			
184	R	p<0.05	10.0	p>=0.05		p<0.05	0.0	R	-		-		-		Pos	
185	Y	-		p>=0.05		p>=0.05		Y	-		-		-			
186	L	-		p>=0.05		p>=0.05		L	p>=0.05		-		p>=0.05			
187	R	-		p>=0.05		p>=0.05		R	p>=0.05		-		p>=0.05			
188	E	-		-		-		E	-		p>=0.05		p>=0.05			
189	Q	-		-		-		Q	-		p>=0.05		p>=0.05			
190	A	-		-		-		A	-		p>=0.05		p>=0.05			
191	T	-		-		-		T	-		p>=0.05		p>=0.05			
192	G	-		-		-		G	p>=0.05		p>=0.05		p>=0.05			
193	A	-		-		-		A	-		p>=0.05		p>=0.05			
194	K	-		-		-		K	-		-		-			
195	D	-		-		-		D	-		p>=0.05		p>=0.05			
196	T	-		-		-		T	p>=0.05		p>=0.05		p>=0.05			
197	K	-		p>=0.05		p>=0.05		K	-		-		-			
198	P	p<0.05	4.0	p>=0.05		p<0.05	10.0	P	-		-		-		Pos	
199	M	p>=0.05		p>=0.05		p>=0.05		M	-		-		-			
200	G	-		-		-		G	-		p>=0.05		p>=0.05			
201	R	-		-		-		R	-		p>=0.05		p>=0.05			
202	S	-		p>=0.05		p>=0.05		S	p>=0.05		-		p>=0.05			
203	G	-		p>=0.05		p>=0.05		G	p>=0.05		-		p>=0.05			
204	A	-		p>=0.05		p>=0.05		A	-		-		-			
205	T	p>=0.05		p>=0.05		p>=0.05		T	-		-		-			
206	S	-		p>=0.05		p>=0.05		S	-		-		-			
207	R	-		p>=0.05		p>=0.05		R	-		-		-			
208	K	-		p>=0.05		p>=0.05		K	-		-		-			
209	A	-		p>=0.05		p>=0.05		A	-		-		-			
210	L	-		p>=0.05		p>=0.05		L	-		-		-			
211	E	-		p>=0.05		p>=0.05		E	p>=0.05		-		p>=0.05			
212	T	p<0.05	1.0	p>=0.05		p<0.05	9.0	T	-		-		-		Pos	
213	L	-		-		-		L	-		p<0.05	0.0	p<0.05	0.0		Neg
214	R	-		-		-		R	-		p<0.05	0.0	p<0.05	0.0		Neg
215	R	-		-		-		R	-		p<0.05	0.0	p<0.05	0.0		Neg
216	V	-		-		-		V	-		p<0.05	0.0	p<0.05	0.0		Neg
217	G	-		-		-		G	p<0.05	4.0	p<0.05	0.0	p<0.05	0.0	Neg	Neg
218	D	-		-		-		D	p<0.05	4.0	p<0.05	0.0	p<0.05	0.0	Neg	Neg
219	G	-		-		-		G	-		p<0.05	0.0	p<0.05	0.0		Neg
220	V	-		-		-		V	-		p<0.05	0.0	p<0.05	0.0		Neg
221	Q	-		-		-		Q	-		p<0.05	0.0	p<0.05	0.0		Neg
222	R	-		-		-		R	-		-		-			
223	N	-		-		-		N	-		-		-			
224	H	-		-		-		H	-		-		-			
225	E	-		-		-		E	-		-		-			
226	T	-		-		-		T	-		-		-			
227	A	-		-		-		A	-		-		-			
228	F	-		-		-		F	-		-		-			
229	Q	-		-		-		Q	-		-		-			
230	G	-		-		-		G	-		-		-			
231	M	-		-		-		M	-		-		-			
232	L	-		-		-		L	-		-		-			
233	R	-		-		-		R	-		-		-			
234	K	-		-		-		K	-		-		-			
235	L	-		-		-		L	-		-		-			
236	D	-		-		-		D	-		-		-			
237	I	-		-		-		I	-		-		-			
238	K	-		-		-		K	-		-		-			
239	N	-		-		-		N	-		-		-			
240	E	-		-		-		E	-		-		-			
241	D	-		-		-		D	-		-		-			
242	D	-		-		-		D	-		-		-			
243	V	-		-		-		V	-		-		-			
244	K	-		-		-		K	-		-		-			
245	S	-		-		-		S	-		-		-			
246	L	-		-		-		L	-		-		-			
247	S	-		-		-		S	-		-		-			
248	R	-		-		-		R	-		-		-			
249	V	-		-		-		V	-		-		-			
250	M	-		-		-		M	-		-		-			
251	I	-		-		-		I	-		-		-			
252	H	-		-		-		H	-		-		-			
253	V	-		-		-		V	-		-		-			
254	F	-		-		-		F	-		p<0.05	4.0	p<0.05	4.0		Neg
255	S	-		-		-		S	-		p<0.05	4.0	p<0.05	4.0		Neg
256	D	-		-		-		D	-		p<0.05	4.0	p<0.05	4.0		Neg
257	G	-		-		-		G	p<0.05	1.0	p<0.05	4.0	p<0.05	4.0	Neg	Neg
258	V	-		-		-		V	p<0.05	1.0	p<0.05	4.0	p<0.05	4.0	Neg	Neg
259	T	-		-		-		T	-		p<0.05	4.0	p<0.05	4.0		Neg
260	N	-		-		-		N	-		-		-			
261	W	-		-		-		W	-		-		-			
262	G	-		-		-		G	-		-		-			
263	R	-		p>=0.05		p>=0.05		R	-		-		-			
264	I	-		p>=0.05		p>=0.05		I	-		-		-			
265	V	-		p>=0.05		p>=0.05		V	-		-		-			
266	T	p>=0.05		p>=0.05		p>=0.05		T	-		-		-			
267	L	-		p>=0.05		p>=0.05		L	-		-		-			
268	I	-		p>=0.05		p>=0.05		I	-		-		-			
269	S	-		-		-		S	-		p<0.05	0.0	p<0.05	0.0		Neg
270	F	-		-		-		F	-		-		-			
271	G	-		-		-		G	-		-		-			
272	A	-		-		-		A	-		p>=0.05		p>=0.05			
273	F	-		-		-		F	-		-		-			
274	V	-		-		-		V	-		-		-			
275	A	-		-		-		A	-		p>=0.05		p>=0.05			
276	K	-		-		-		K	-		-		-			
277	H	-		-		-		H	-		-		-			
278	L	-		-		-		L	-		-		-			
279	K	-		-		-		K	-		-		-			
280	T	-		-		-		T	-		-		-			
281	I	-		-		-		I	-		-		-			
282	N	-		-		-		N	-		-		-			
283	Q	-		-		-		Q	-		-		-			
284	E	-		-		-		E	-		-		-			
285	S	-		-		-		S	-		-		-			
286	C	-		-		-		C	-		p>=0.05		p>=0.05			
287	I	-		-		-		I	-		p>=0.05		p>=0.05			
288	E	-		-		-		E	p>=0.05		p>=0.05		p>=0.05			
289	P	-		-		-		P	-		p>=0.05		p>=0.05			
290	L	-		-		-		L	-		p>=0.05		p>=0.05			
291	A	-		-		-		A	-		p>=0.05		p>=0.05			
292	E	-		-		-		E	-		p<0.05	2.0	p<0.05	1.0		Neg
293	S	-		-		-		S	-		p<0.05	2.0	p<0.05	1.0		Neg
294	I	-		-		-		I	-		p<0.05	2.0	p<0.05	1.0		Neg
295	T	-		-		-		T	p<0.05	2.0	p<0.05	2.0	p<0.05	1.0	Neg	Neg
296	D	-		-		-		D	-		p<0.05	2.0	p<0.05	1.0		Neg
297	V	-		-		-		V	-		p<0.05	2.0	p<0.05	1.0		Neg
298	L	-		-		-		L	p<0.05	2.0	p<0.05	2.0	p<0.05	1.0	Neg	Neg
299	V	-		-		-		V	-		p<0.05	2.0	p<0.05	1.0		Neg
300	R	-		-		-		R	-		p<0.05	2.0	p<0.05	1.0		Neg
301	T	-		-		-		T	-		p<0.05	2.0	p<0.05	1.0		Neg
302	K	-		-		-		K	-		p<0.05	2.0	p<0.05	1.0		Neg
303	R	-		-		-		R	-		-		-			
304	D	-		-		-		D	-		-		-			
305	W	-		-		-		W	-		-		-			
306	L	-		-		-		L	-		-		-			
307	V	-		-		-		V	-		-		-			
308	K	-		-		-		K	-		-		-			
309	Q	-		-		-		Q	-		-		-			
310	R	-		-		-		R	-		-		-			
311	G	-		-		-		G	-		-		-			
312	W	-		-		-		W	-		-		-			
313	D	-		-		-		D	-		-		-			
314	G	-		-		-		G	-		-		-			
315	F	-		-		-		F	-		-		-			
316	V	-		-		-		V	-		p<0.05	1.0	p<0.05	2.0		Neg
317	E	-		-		-		E	-		p<0.05	1.0	p<0.05	2.0		Neg
318	F	-		-		-		F	-		p<0.05	1.0	p<0.05	2.0		Neg
319	F	-		-		-		F	-		p<0.05	1.0	p<0.05	2.0		Neg
320	H	-		-		-		H	p<0.05	6.0	p<0.05	1.0	p<0.05	2.0	Neg	Neg
321	V	-		-		-		V	-		p<0.05	1.0	p<0.05	2.0		Neg
322	E	-		-		-		E	-		p<0.05	1.0	p<0.05	2.0		Neg
323	D	-		-		-		D	-		-		-			
324	L	-		-		-		L	-		p<0.05	1.0	p<0.05	2.0		Neg
325	E	-		-		-		E	p<0.05	0.0	p<0.05	1.0	p<0.05	2.0	Neg	Neg
326	G	-		-		-		G	p<0.05	0.0	p<0.05	1.0	p<0.05	2.0	Neg	Neg
327	G	-		-		-		G	-		p<0.05	1.0	p<0.05	2.0		Neg
328	I	-		-		-		I	-		p<0.05	1.0	p<0.05	2.0		Neg
329	R	-		-		-		R	p<0.05	0.0	p<0.05	1.0	p<0.05	2.0	Neg	Neg
330	N	-		-		-		N	-		p<0.05	1.0	p<0.05	2.0		Neg
331	V	-		-		-		V	-		p<0.05	1.0	p<0.05	2.0		Neg
332	L	-		-		-		L	-		p<0.05	1.0	p<0.05	2.0		Neg
333	L	-		-		-		L	-		p<0.05	1.0	p<0.05	2.0		Neg
334	A	-		-		-		A	-		-		-			
335	F	-		-		-		F	-		-		-			
336	A	-		-		-		A	-		-		-			
337	G	-		-		-		G	-		-		-			
338	V	-		-		-		V	-		-		-			
339	A	-		-		-		A	-		-		-			
340	G	-		-		-		G	-		-		-			
341	V	-		-		-		V	-		-		-			
342	G	-		-		-		G	-		-		-			
343	A	-		-		-		A	-		-		-			
344	G	-		-		-		G	-		-		-			
345	L	-		-		-		L	-		-		-			
346	A	-		-		-		A	-		-		-			
347	Y	-		-		-		Y	-		-		-			
348	L	-		-		-		L	-		-		-			
349	I	-		-		-		I	-		-		-			
350	R	-		-		-		R	-		-		-			
