unipos	unires	meta_LFC3D_neg	ABE8e_sig	CBE_sig	meta_sig	n_editors	RSA	pLDDT	region	structural_role	cBioPortal_count	AM_mean	AM_class	flag
249	R	-44.153	<0.001	<0.001	<0.001	2	0.137	97.8	DBD(94-292)	structural-hotspot	102	0.989	LPath	TP-structural
250	P	-42.893	<0.001	<0.001	<0.001	2	0.266	98.1	DBD(94-292)			0.931	LPath	NOVEL-candidate
280	R	-41.904	<0.001	<0.001	<0.001	2	0.489	96.9	DBD(94-292)	DNA-contact	109	0.999	LPath	TP-structural
243	M	-40.801	ns	<0.001	<0.001	1	0.721	96.6	DBD(94-292)			0.935	LPath	NOVEL-candidate
247	N	-38.692	<0.001	<0.001	<0.001	2	0.421	97.5	DBD(94-292)			0.975	LPath	NOVEL-candidate
244	G	-38.109	ns	<0.001	<0.001	1	0.609	93.8	DBD(94-292)			0.998	LPath	NOVEL-candidate
246	M	-37.088	<0.001	<0.001	<0.001	2	0.0	97.1	DBD(94-292)			0.982	LPath	NOVEL-candidate
281	D	-36.809	<0.001	<0.001	<0.001	2	0.099	97.3	DBD(94-292)		69	0.999	LPath	TP-recurrent
226	G	-36.442	ns	<0.001	<0.001	1	0.824	94.5	DBD(94-292)			0.918	LPath	likely-FP
265	L	-35.986	<0.001	<0.001	<0.001	2	0.154	98.3	DBD(94-292)			0.828	LPath	NOVEL-candidate
248	R	-35.26	<0.001	<0.001	<0.001	2	0.718	97.2	DBD(94-292)	DNA-contact	560	0.999	LPath	TP-structural
278	P	-34.315	<0.001	<0.001	<0.001	2	0.0	98.0	DBD(94-292)		100	0.999	LPath	TP-recurrent
282	R	-32.24	<0.001	<0.001	<0.001	2	0.1	97.5	DBD(94-292)	structural-hotspot	219	0.965	LPath	TP-structural
242	C	-31.327	<0.001	<0.001	<0.001	2	0.121	97.4	DBD(94-292)	Zn-binding		0.999	LPath	TP-structural
264	L	-31.028	<0.05	<0.001	<0.001	2	0.35	98.0	DBD(94-292)			0.756	LPath	NOVEL-candidate
225	V	-30.922	ns	<0.001	<0.001	1	0.899	95.3	DBD(94-292)			0.574	LPath	likely-FP
279	G	-28.398	<0.001	<0.001	<0.001	2	0.021	97.3	DBD(94-292)			0.993	LPath	NOVEL-candidate
277	C	-28.084	<0.001	<0.001	<0.001	2	0.329	97.1	DBD(94-292)	DNA-contact		0.997	LPath	TP-structural
283	R	-27.703	<0.001	<0.001	<0.001	2	0.36	96.4	DBD(94-292)			0.839	LPath	NOVEL-candidate
196	R	-27.261	<0.001	<0.001	<0.001	2	0.043	96.7	DBD(94-292)		141	0.954	LPath	TP-recurrent
193	H	-26.516	<0.001	<0.001	<0.001	2	0.015	96.0	DBD(94-292)		123	0.992	LPath	TP-recurrent
245	G	-26.471	<0.01	<0.001	<0.001	2	0.063	94.8	DBD(94-292)	structural-hotspot	242	0.997	LPath	TP-structural
284	T	-26.401	<0.05	<0.001	<0.001	2	0.279	96.2	DBD(94-292)			0.595	LPath	NOVEL-candidate
240	S	-26.236	<0.001	<0.001	<0.001	2	0.061	98.2	DBD(94-292)			0.976	LPath	NOVEL-candidate
214	H	-25.199	<0.001	ns	<0.001	1	0.08	97.2	DBD(94-292)		40	0.924	LPath	TP-recurrent
228	D	-25.106	<0.001	ns	<0.001	1	0.487	93.9	DBD(94-292)			0.351	LBen	likely-FP
206	L	-24.959	<0.001	ns	<0.001	1	0.276	95.9	DBD(94-292)			0.238	LBen	NOVEL-candidate
224	E	-24.773	ns	<0.001	<0.001	1	0.669	95.2	DBD(94-292)			0.873	LPath	likely-FP
174	R	-24.418	<0.001	<0.001	<0.001	2	0.177	95.1	DBD(94-292)			0.78	LPath	NOVEL-candidate
241	S	-23.582	<0.001	<0.001	<0.001	2	0.418	97.8	DBD(94-292)	DNA-contact	97	0.995	LPath	TP-structural
190	P	-23.009	ns	<0.001	<0.001	1	0.212	92.9	DBD(94-292)			0.865	LPath	NOVEL-candidate
263	N	-22.83	ns	<0.001	<0.001	1	0.432	96.9	DBD(94-292)			0.242	LBen	likely-FP
227	S	-22.546	<0.001	<0.001	<0.001	2	0.375	94.6	DBD(94-292)			0.575	LPath	likely-FP
134	F	-21.916	<0.001	<0.001	<0.001	2	0.0	98.6	DBD(94-292)	structural-hotspot		0.966	LPath	TP-structural
126	Y	-21.359	<0.001	ns	<0.001	1	0.142	98.2	DBD(94-292)		33	0.907	LPath	TP-recurrent
127	S	-21.036	<0.001	ns	<0.001	1	0.0	97.4	DBD(94-292)			0.954	LPath	NOVEL-candidate
275	C	-20.722	<0.001	<0.001	<0.001	2	0.071	98.1	DBD(94-292)		70	0.998	LPath	TP-recurrent
189	A	-20.332	ns	<0.001	<0.001	1	0.062	90.9	DBD(94-292)			0.827	LPath	NOVEL-candidate
112	G	-20.235	<0.001	ns	<0.001	1	0.105	96.9	DBD(94-292)			0.567	LPath	NOVEL-candidate
176	C	-20.188	ns	<0.001	<0.001	1	0.023	96.5	DBD(94-292)	Zn-binding	115	1.0	LPath	TP-structural
191	P	-19.935	ns	<0.001	<0.001	1	0.349	93.6	DBD(94-292)			0.707	LPath	NOVEL-candidate
235	N	-19.892	<0.001	<0.001	<0.001	2	0.08	97.2	DBD(94-292)			0.738	LPath	NOVEL-candidate
257	L	-19.714	<0.001	<0.001	<0.001	2	0.0	98.6	DBD(94-292)			0.926	LPath	NOVEL-candidate
239	N	-19.662	<0.001	<0.001	<0.001	2	0.187	98.2	DBD(94-292)			0.952	LPath	NOVEL-candidate
223	P	-19.594	<0.001	<0.001	<0.001	2	0.279	96.2	DBD(94-292)			0.919	LPath	NOVEL-candidate
258	E	-19.344	<0.001	<0.001	<0.001	2	0.064	98.5	DBD(94-292)			0.992	LPath	NOVEL-candidate
111	L	-19.155	<0.001	ns	<0.001	1	0.146	98.2	DBD(94-292)			0.813	LPath	NOVEL-candidate
230	T	-18.909	<0.001	<0.01	<0.001	2	0.126	96.9	DBD(94-292)			0.679	LPath	NOVEL-candidate
256	T	-18.835	<0.001	ns	<0.001	1	0.082	98.7	DBD(94-292)			0.921	LPath	NOVEL-candidate
285	E	-18.341	ns	<0.001	<0.001	1	0.215	96.6	DBD(94-292)		99	0.976	LPath	TP-recurrent
156	R	-18.257	<0.001	<0.001	<0.001	2	0.215	98.2	DBD(94-292)			0.49	LPath	NOVEL-candidate
262	G	-18.18	ns	<0.001	<0.001	1	0.418	94.6	DBD(94-292)			0.94	LPath	likely-FP
195	I	-17.973	<0.001	<0.01	<0.001	2	0.059	97.8	DBD(94-292)			0.892	LPath	NOVEL-candidate
162	I	-17.438	<0.001	ns	<0.001	1	0.0	98.0	DBD(94-292)			0.868	LPath	NOVEL-candidate
135	C	-17.157	<0.01	<0.001	<0.001	2	0.0	98.3	DBD(94-292)		74	0.976	LPath	TP-recurrent
192	Q	-17.14	ns	<0.001	<0.001	1	0.164	93.7	DBD(94-292)			0.469	LBen	NOVEL-candidate
236	Y	-16.772	<0.001	ns	<0.001	1	0.004	98.0	DBD(94-292)		59	0.933	LPath	TP-recurrent
237	M	-16.667	<0.001	ns	<0.001	1	0.08	96.9	DBD(94-292)		64	0.957	LPath	TP-recurrent
274	V	-16.622	<0.001	<0.001	<0.001	2	0.025	98.7	DBD(94-292)			0.945	LPath	NOVEL-candidate
197	V	-16.61	ns	<0.001	<0.001	1	0.126	96.8	DBD(94-292)			0.91	LPath	NOVEL-candidate
218	V	-16.522	<0.001	ns	<0.001	1	0.021	97.9	DBD(94-292)			0.892	LPath	NOVEL-candidate
175	R	-16.515	<0.05	<0.001	<0.001	2	0.032	96.6	DBD(94-292)	structural-hotspot	416	0.989	LPath	TP-structural
238	C	-16.349	<0.001	ns	<0.001	1	0.0	97.2	DBD(94-292)	Zn-binding		0.999	LPath	TP-structural
259	D	-16.173	ns	<0.001	<0.001	1	0.166	97.4	DBD(94-292)			0.871	LPath	NOVEL-candidate
145	L	-15.918	<0.001	ns	<0.001	1	0.017	98.1	DBD(94-292)			0.812	LPath	NOVEL-candidate
110	R	-15.857	<0.001	ns	<0.001	1	0.312	97.8	DBD(94-292)			0.261	LBen	NOVEL-candidate
229	C	-15.678	<0.001	ns	<0.001	1	0.077	95.4	DBD(94-292)			0.536	Amb	NOVEL-candidate
222	P	-15.585	<0.001	<0.001	<0.001	2	0.504	95.9	DBD(94-292)			0.271	LBen	NOVEL-candidate
286	E	-15.158	ns	<0.001	<0.001	1	0.212	96.1	DBD(94-292)			0.959	LPath	NOVEL-candidate
125	T	-15.087	<0.001	ns	<0.001	1	0.007	98.1	DBD(94-292)			0.978	LPath	NOVEL-candidate
138	A	-15.046	<0.001	<0.001	<0.001	2	0.355	95.8	DBD(94-292)			0.811	LPath	likely-FP
216	V	-14.842	<0.001	ns	<0.001	1	0.012	97.8	DBD(94-292)		42	0.926	LPath	TP-recurrent
261	S	-14.294	ns	<0.001	<0.001	1	0.616	96.3	DBD(94-292)			0.21	LBen	likely-FP
219	P	-14.252	<0.001	<0.05	<0.001	2	0.262	97.9	DBD(94-292)			0.762	LPath	NOVEL-candidate
133	M	-14.044	<0.001	ns	<0.001	1	0.006	98.4	DBD(94-292)			0.843	LPath	NOVEL-candidate
276	A	-13.631	<0.001	<0.01	<0.001	2	0.584	97.4	DBD(94-292)	DNA-contact		0.972	LPath	TP-structural
217	V	-13.586	<0.001	ns	<0.001	1	0.007	97.9	DBD(94-292)			0.7	LPath	NOVEL-candidate
137	L	-13.534	<0.001	ns	<0.001	1	0.315	97.1	DBD(94-292)			0.861	LPath	NOVEL-candidate
266	G	-13.53	<0.001	<0.001	<0.001	2	0.0	98.2	DBD(94-292)		117	0.988	LPath	TP-recurrent
144	Q	-13.349	<0.001	ns	<0.001	1	0.141	97.9	DBD(94-292)			0.658	LPath	NOVEL-candidate
157	V	-13.233	<0.001	ns	<0.001	1	0.013	98.6	DBD(94-292)		77	0.911	LPath	TP-recurrent
220	Y	-13.078	<0.001	<0.05	<0.001	2	0.105	97.7	DBD(94-292)	structural-hotspot	152	0.906	LPath	TP-structural
194	L	-13.03	<0.001	ns	<0.001	1	0.023	97.3	DBD(94-292)			0.948	LPath	NOVEL-candidate
268	N	-12.99	ns	<0.001	<0.001	1	0.157	98.2	DBD(94-292)			0.364	LBen	NOVEL-candidate
233	H	-12.857	<0.01	<0.001	<0.001	2	0.34	97.6	DBD(94-292)			0.847	LPath	NOVEL-candidate
158	R	-12.84	<0.001	ns	<0.001	1	0.145	98.6	DBD(94-292)		106	0.985	LPath	TP-recurrent
155	T	-12.695	ns	<0.001	<0.001	1	0.032	98.4	DBD(94-292)			0.698	LPath	NOVEL-candidate
143	V	-12.641	<0.001	ns	<0.001	1	0.0	98.3	DBD(94-292)	structural-hotspot		0.892	LPath	TP-structural
221	E	-12.506	<0.001	<0.05	<0.001	2	0.363	96.3	DBD(94-292)			0.774	LPath	NOVEL-candidate
231	T	-12.491	<0.001	ns	<0.001	1	0.333	97.2	DBD(94-292)			0.754	LPath	NOVEL-candidate
159	A	-12.476	<0.001	ns	<0.001	1	0.017	98.6	DBD(94-292)		52	0.869	LPath	TP-recurrent
272	V	-12.392	<0.001	ns	<0.001	1	0.018	98.7	DBD(94-292)		66	0.934	LPath	TP-recurrent
128	P	-12.264	<0.001	ns	<0.001	1	0.484	95.9	DBD(94-292)			0.23	LBen	NOVEL-candidate
129	A	-12.264	<0.001	ns	<0.001	1	0.579	95.0	DBD(94-292)			0.13	LBen	likely-FP
130	L	-12.264	<0.001	ns	<0.001	1	0.23	96.2	DBD(94-292)			0.807	LPath	NOVEL-candidate
136	Q	-12.024	<0.001	<0.05	<0.001	2	0.192	98.1	DBD(94-292)			0.868	LPath	NOVEL-candidate
124	C	-11.661	<0.001	ns	<0.001	1	0.169	97.6	DBD(94-292)			0.814	LPath	NOVEL-candidate
132	K	-11.593	<0.001	ns	<0.001	1	0.056	98.2	DBD(94-292)		83	0.969	LPath	TP-recurrent
234	Y	-11.545	ns	<0.001	<0.001	1	0.017	98.1	DBD(94-292)		68	0.872	LPath	TP-recurrent
260	S	-11.489	ns	<0.001	<0.001	1	0.548	96.4	DBD(94-292)			0.215	LBen	likely-FP
215	S	-11.356	<0.001	ns	<0.001	1	0.043	97.9	DBD(94-292)			0.911	LPath	NOVEL-candidate
273	R	-11.219	<0.001	ns	<0.001	1	0.286	98.6	DBD(94-292)	DNA-contact	609	0.995	LPath	TP-structural
146	W	-11.151	<0.001	ns	<0.001	1	0.216	98.1	DBD(94-292)			0.569	Amb	NOVEL-candidate
164	K	-11.122	<0.001	ns	<0.001	1	0.445	97.6	DBD(94-292)			0.891	LPath	NOVEL-candidate
198	E	-11.059	ns	<0.001	<0.001	1	0.391	93.0	DBD(94-292)			0.964	LPath	NOVEL-candidate
255	I	-10.964	<0.001	ns	<0.01	1	0.0	98.7	DBD(94-292)			0.871	LPath	NOVEL-candidate
267	R	-10.821	<0.01	ns	<0.01	1	0.136	98.6	DBD(94-292)			0.976	LPath	NOVEL-candidate
204	E	-10.706	<0.001	ns	<0.01	1	0.401	96.2	DBD(94-292)			0.475	LBen	NOVEL-candidate
205	Y	-10.653	<0.001	ns	<0.01	1	0.17	96.8	DBD(94-292)		61	0.983	LPath	TP-recurrent
199	G	-10.501	ns	<0.001	<0.01	1	0.811	90.0	DBD(94-292)			0.951	LPath	likely-FP
251	I	-10.226	<0.001	ns	<0.01	1	0.005	98.6	DBD(94-292)			0.931	LPath	NOVEL-candidate
180	E	-10.186	ns	<0.001	<0.01	1	0.362	93.3	DBD(94-292)			0.961	LPath	NOVEL-candidate
160	M	-10.163	<0.001	ns	<0.01	1	0.153	98.4	DBD(94-292)			0.882	LPath	NOVEL-candidate
131	N	-10.036	<0.05	ns	<0.05	1	0.297	97.4	DBD(94-292)			0.561	LPath	NOVEL-candidate
163	Y	-9.938	<0.001	ns	<0.05	1	0.012	98.3	DBD(94-292)		79	0.95	LPath	TP-recurrent
103	Y	-9.714	ns	<0.001	<0.05	1	0.414	98.1	DBD(94-292)			0.759	LPath	likely-FP
287	E	-9.485	ns	<0.01	<0.05	1	0.202	95.2	DBD(94-292)			0.468	LBen	NOVEL-candidate
