unipos	unires	TP53_ABE8e_BE3D LFC hit	TP53_ABE8e_BE3D LFC hit cluster	TP53_ABE8e_BE3D LFC3D hit	TP53_ABE8e_BE3D LFC3D hit cluster	TP53_ABE8e_BE3D union hit	TP53_ABE8e_BE3D union hit cluster	TP53_ABE8e_BE3D_LFC	TP53_ABE8e_BE3D_LFC3D	unires	TP53_CBE_BE3D LFC hit	TP53_CBE_BE3D LFC hit cluster	TP53_CBE_BE3D LFC3D hit	TP53_CBE_BE3D LFC3D hit cluster	TP53_CBE_BE3D union hit	TP53_CBE_BE3D union hit cluster	TP53_CBE_BE3D_LFC	TP53_CBE_BE3D_LFC3D	Meta LFC hit	Meta LFC hit cluster	Meta LFC3D hit	Meta LFC3D hit cluster	Meta union hit	Meta union hit cluster	Meta LFC	Meta LFC3D
1	M	-		p>=0.05		p>=0.05			-2.3156220889747754	M	-		-		-				-		p>=0.05		p>=0.05			-2.3156220889747754
2	E	p>=0.05		p>=0.05		p>=0.05		-5.115564788347107	-1.4412977314995674	E	-		-		-				p>=0.05		p>=0.05		p>=0.05		-5.115564788347107	-1.4412977314995674
3	E	-		p>=0.05		p>=0.05			-2.404106902448129	E	-		-		-				-		p>=0.05		p>=0.05			-2.404106902448129
4	P	-		-		-				P	-		-		-				-		-		-			
5	Q	-		-		-				Q	-		-		-				-		-		-			
6	S	p>=0.05		-		p>=0.05		-0.2782389410757829		S	-		-		-				p>=0.05		-		p>=0.05		-0.2782389410757829	
7	D	-		p>=0.05		p>=0.05			-0.2782389410757829	D	-		-		-				-		p>=0.05		p>=0.05			-0.2782389410757829
8	P	-		-		-				P	-		p>=0.05		p>=0.05			-0.7486023652796174	-		p>=0.05		p>=0.05			-0.7486023652796174
9	S	-		-		-				S	p>=0.05		p>=0.05		p>=0.05		-0.7486023652796174	-0.843530860821248	p>=0.05		p>=0.05		p>=0.05		-0.7486023652796174	-0.843530860821248
10	V	-		-		-				V	p>=0.05		p>=0.05		p>=0.05		-0.9384593563628786	-0.8279279816894789	p>=0.05		p>=0.05		p>=0.05		-0.9384593563628786	-0.8279279816894789
11	E	-		-		-				E	p>=0.05		p>=0.05		p>=0.05		-0.7967222234259407	-0.4519849208335924	p>=0.05		p>=0.05		p>=0.05		-0.7967222234259407	-0.4519849208335924
12	P	-		-		-				P	-		p>=0.05		p>=0.05			-0.2087477030689493	-		p>=0.05		p>=0.05			-0.2087477030689493
13	P	-		-		-				P	-		-		-				-		-		-			
14	L	-		-		-				L	-		p>=0.05		p>=0.05			-0.0447143322558338	-		p>=0.05		p>=0.05			-0.0447143322558338
15	S	-		-		-				S	p>=0.05		-		p>=0.05		-0.0447143322558338		p>=0.05		-		p>=0.05		-0.0447143322558338	
16	Q	-		-		-				Q	-		-		-				-		-		-			
17	E	-		-		-				E	-		-		-				-		-		-			
18	T	-		-		-				T	-		-		-				-		-		-			
19	F	-		-		-				F	-		-		-				-		-		-			
20	S	-		-		-				S	p>=0.05		p>=0.05		p>=0.05		-0.9104314426980248	-0.0132109637275191	p>=0.05		p>=0.05		p>=0.05		-0.9104314426980248	-0.0132109637275191
21	D	-		-		-				D	-		p>=0.05		p>=0.05			-0.0132109637275191	-		p>=0.05		p>=0.05			-0.0132109637275191
22	L	-		-		-				L	-		p>=0.05		p>=0.05			-0.0132109637275191	-		p>=0.05		p>=0.05			-0.0132109637275191
23	W	-		-		-				W	-		-		-				-		-		-			
24	K	-		-		-				K	-		-		-				-		-		-			
25	L	-		-		-				L	-		-		-				-		-		-			
26	L	p>=0.05		-		p>=0.05		-0.5884929597937385		L	-		p>=0.05		p>=0.05			-0.5527083902379886	p>=0.05		p>=0.05		p>=0.05		-0.5884929597937385	-0.5527083902379886
27	P	-		-		-				P	p>=0.05		p>=0.05		p>=0.05		-1.2786449523158818	-0.5527083902379886	p>=0.05		p>=0.05		p>=0.05		-1.2786449523158818	-0.5527083902379886
28	E	-		-		-				E	-		p>=0.05		p>=0.05			-1.2786449523158818	-		p>=0.05		p>=0.05			-1.2786449523158818
29	N	-		-		-				N	-		p>=0.05		p>=0.05			-1.2786449523158818	-		p>=0.05		p>=0.05			-1.2786449523158818
30	N	p>=0.05		-		p>=0.05		-0.2550940527583094		N	-		-		-				p>=0.05		-		p>=0.05		-0.2550940527583094	
31	V	-		p>=0.05		p>=0.05			-0.2550940527583094	V	-		-		-				-		p>=0.05		p>=0.05			-0.2550940527583094
32	L	-		-		-				L	-		p>=0.05		p>=0.05			-4.811552337146696	-		p>=0.05		p>=0.05			-4.811552337146696
33	S	-		-		-				S	p>=0.05		p>=0.05		p>=0.05		-4.811552337146696	-4.811552337146696	p>=0.05		p>=0.05		p>=0.05		-4.811552337146696	-4.811552337146696
34	P	-		-		-				P	p>=0.05		p>=0.05		p>=0.05		-4.811552337146696	-4.811552337146696	p>=0.05		p>=0.05		p>=0.05		-4.811552337146696	-4.811552337146696
35	L	-		-		-				L	-		p>=0.05		p>=0.05			-2.568434321730612	-		p>=0.05		p>=0.05			-2.568434321730612
36	P	-		-		-				P	p>=0.05		p>=0.05		p>=0.05		-0.3253163063145278	-0.56467692928725	p>=0.05		p>=0.05		p>=0.05		-0.3253163063145278	-0.56467692928725
37	S	-		-		-				S	p>=0.05		p>=0.05		p>=0.05		-0.8040375522599723	-0.56467692928725	p>=0.05		p>=0.05		p>=0.05		-0.8040375522599723	-0.56467692928725
38	Q	-		-		-				Q	-		p>=0.05		p>=0.05			-0.4407573767810584	-		p>=0.05		p>=0.05			-0.4407573767810584
39	A	-		-		-				A	p>=0.05		p>=0.05		p>=0.05		-0.0774772013021444	-0.9224891039030084	p>=0.05		p>=0.05		p>=0.05		-0.0774772013021444	-0.9224891039030084
40	M	-		p>=0.05		p>=0.05			-0.070624507232993	M	p>=0.05		p>=0.05		p>=0.05		-1.283154721713771	-0.9215196884100152	p>=0.05		p>=0.05		p>=0.05		-1.283154721713771	-0.9921441956430082
41	D	-		p>=0.05		p>=0.05			-0.070624507232993	D	p>=0.05		p>=0.05		p>=0.05		-1.40683538869311	-0.9215196884100152	p>=0.05		p>=0.05		p>=0.05		-1.40683538869311	-0.9921441956430082
42	D	p>=0.05		p>=0.05		p>=0.05		-0.1693746706307757	-0.255944672841438	D	p>=0.05		p>=0.05		p>=0.05		-0.9186114419310348	-1.2028671841126386	p>=0.05		p>=0.05		p>=0.05		-1.0879861125618104	-1.4588118569540767
43	L	p>=0.05		p>=0.05		p>=0.05		-0.6265850040583281	-1.5674911930862496	L	-		-		-				p>=0.05		p>=0.05		p>=0.05		-0.6265850040583281	-1.5674911930862496
44	M	p>=0.05		p>=0.05		p>=0.05		-1.9904741479130676	-2.033530033904741	M	-		-		-				p>=0.05		p>=0.05		p>=0.05		-1.9904741479130676	-2.033530033904741
45	L	p>=0.05		p>=0.05		p>=0.05		-3.483530949742827	-2.0335300339047406	L	-		-		-				p>=0.05		p>=0.05		p>=0.05		-3.483530949742827	-2.0335300339047406
46	S	-		p>=0.05		p>=0.05			-1.474904746835524	S	p>=0.05		-		p>=0.05		-0.1691059398477013		p>=0.05		p>=0.05		p>=0.05		-0.1691059398477013	-1.474904746835524
47	P	-		-		-				P	-		-		-				-		-		-			
48	D	-		-		-				D	-		-		-				-		-		-			
49	D	-		p>=0.05		p>=0.05			-0.2603627865503836	D	-		p>=0.05		p>=0.05			-0.8549615508761558	-		p>=0.05		p>=0.05			-1.1153243374265394
50	I	p>=0.05		p>=0.05		p>=0.05		-0.8098541839662285	-0.9843470182402212	I	-		p>=0.05		p>=0.05			-0.8549615508761558	p>=0.05		p>=0.05		p>=0.05		-0.8098541839662285	-1.839308569116377
51	E	p>=0.05		p>=0.05		p>=0.05		-0.5049556317567012	-0.9843470182402212	E	p>=0.05		p>=0.05		p>=0.05		-0.8549615508761558	-0.8549615508761558	p>=0.05		p>=0.05		p>=0.05		-1.359917182632857	-1.839308569116377
52	Q	p>=0.05		p>=0.05		p>=0.05		-1.638231238997734	-0.8203387508396217	Q	-		p>=0.05		p>=0.05			-0.8549615508761558	p>=0.05		p>=0.05		p>=0.05		-1.638231238997734	-1.6753003017157775
53	W	p>=0.05		p>=0.05		p>=0.05		-3.0419328406381654	-0.9289613128250596	W	-		-		-				p>=0.05		p>=0.05		p>=0.05		-3.0419328406381654	-0.9289613128250596
54	F	-		p>=0.05		p>=0.05			-0.4681393618108107	F	-		-		-				-		p>=0.05		p>=0.05			-0.4681393618108107
55	T	-		-		-				T	-		-		-				-		-		-			
56	E	-		-		-				E	-		-		-				-		-		-			
57	D	-		-		-				D	p>=0.05		-		p>=0.05		-0.1696811448229088		p>=0.05		-		p>=0.05		-0.1696811448229088	
58	P	-		-		-				P	-		-		-				-		-		-			
59	G	-		-		-				G	-		-		-				-		-		-			
60	P	-		p>=0.05		p>=0.05			-0.2746837647706216	P	-		-		-				-		p>=0.05		p>=0.05			-0.2746837647706216
61	D	p>=0.05		p>=0.05		p>=0.05		-0.2746837647706216	-0.6696452199121854	D	-		-		-				p>=0.05		p>=0.05		p>=0.05		-0.2746837647706216	-0.6696452199121854
62	E	p>=0.05		p>=0.05		p>=0.05		-1.064606675053749	-0.6696452199121854	E	-		p>=0.05		p>=0.05			-0.2256581554674943	p>=0.05		p>=0.05		p>=0.05		-1.064606675053749	-0.8953033753796797
63	A	-		p>=0.05		p>=0.05			-1.064606675053749	A	p>=0.05		p>=0.05		p>=0.05		-0.4806858064110766	-0.3694940939227726	p>=0.05		p>=0.05		p>=0.05		-0.4806858064110766	-1.4341007689765217
64	P	-		-		-				P	p>=0.05		-		p>=0.05		-0.2583023814344687		p>=0.05		-		p>=0.05		-0.2583023814344687	
65	R	-		-		-				R	-		-		-				-		-		-			
66	M	p>=0.05		-		p>=0.05		-0.1252616612565377		M	-		-		-				p>=0.05		-		p>=0.05		-0.1252616612565377	
67	P	-		p>=0.05		p>=0.05			-0.4326593874356601	P	-		-		-				-		p>=0.05		p>=0.05			-0.4326593874356601
68	E	p>=0.05		p>=0.05		p>=0.05		-0.7400571136147825	-0.7400571136147825	E	p>=0.05		-		p>=0.05		-0.1820275492028813		p>=0.05		p>=0.05		p>=0.05		-0.9220846628176639	-0.7400571136147825
69	A	-		p>=0.05		p>=0.05			-0.7400571136147825	A	-		p>=0.05		p>=0.05			-0.1807906680343568	-		p>=0.05		p>=0.05			-0.9208477816491394
70	A	-		-		-				A	p>=0.05		p>=0.05		p>=0.05		-0.4322824795994829	-0.620026410996472	p>=0.05		p>=0.05		p>=0.05		-0.4322824795994829	-0.620026410996472
71	P	-		-		-				P	p>=0.05		p>=0.05		p>=0.05		-1.499734778089227	-0.3233558282707818	p>=0.05		p>=0.05		p>=0.05		-1.499734778089227	-0.3233558282707818
72	P	-		-		-				P	-		p>=0.05		p>=0.05			-0.0561564543519933	-		p>=0.05		p>=0.05			-0.0561564543519933
73	V	-		-		-				V	-		-		-				-		-		-			
74	A	-		-		-				A	-		-		-				-		-		-			
75	P	-		-		-				P	-		-		-				-		-		-			
76	A	-		-		-				A	-		-		-				-		-		-			
77	P	-		-		-				P	-		-		-				-		-		-			
78	A	-		-		-				A	-		-		-				-		-		-			
79	A	-		-		-				A	p>=0.05		p>=0.05		p>=0.05		-0.7662374045368527	-0.5007919402567153	p>=0.05		p>=0.05		p>=0.05		-0.7662374045368527	-0.5007919402567153
80	P	-		p>=0.05		p>=0.05			-0.3420757720371015	P	p>=0.05		p>=0.05		p>=0.05		-1.063017402850931	-0.9640907367462382	p>=0.05		p>=0.05		p>=0.05		-1.063017402850931	-1.3061665087833396
81	T	p>=0.05		p>=0.05		p>=0.05		-0.3420757720371015	-0.3420757720371015	T	p>=0.05		p>=0.05		p>=0.05		-1.063017402850931	-0.4857955330071821	p>=0.05		p>=0.05		p>=0.05		-1.4050931748880324	-0.8278713050442836
82	P	-		p>=0.05		p>=0.05			-0.3420757720371015	P	-		p>=0.05		p>=0.05			-0.2840388129579176	-		p>=0.05		p>=0.05			-0.6261145849950192
83	A	-		-		-				A	p>=0.05		p>=0.05		p>=0.05		-0.4577472427031376	-0.3203644208956855	p>=0.05		p>=0.05		p>=0.05		-0.4577472427031376	-0.3203644208956855
84	A	-		-		-				A	p>=0.05		p>=0.05		p>=0.05		-1.1719942266642345	-0.1305965159295007	p>=0.05		p>=0.05		p>=0.05		-1.1719942266642345	-0.1305965159295007
85	P	-		-		-				P	-		-		-				-		-		-			
86	A	-		-		-				A	-		-		-				-		-		-			
87	P	-		-		-				P	-		-		-				-		-		-			
88	A	-		-		-				A	p>=0.05		-		p>=0.05		-0.3004840993398224		p>=0.05		-		p>=0.05		-0.3004840993398224	
89	P	-		p>=0.05		p>=0.05			-2.4417300719585526	P	-		-		-				-		p>=0.05		p>=0.05			-2.4417300719585526
90	S	p>=0.05		p>=0.05		p>=0.05		-2.332956964341572	-2.4417300719585526	S	-		-		-				p>=0.05		p>=0.05		p>=0.05		-2.332956964341572	-2.4417300719585526
91	W	p>=0.05		p>=0.05		p>=0.05		-2.550503179575534	-2.4417300719585526	W	-		-		-				p>=0.05		p>=0.05		p>=0.05		-2.550503179575534	-2.4417300719585526
92	P	-		p>=0.05		p>=0.05			-0.2390122244148385	P	p>=0.05		p>=0.05		p>=0.05		-0.2167076106001775	-0.2167076106001775	p>=0.05		p>=0.05		p>=0.05		-0.2167076106001775	-0.455719835015016
93	L	-		-		-				L	-		p>=0.05		p>=0.05			-0.2167076106001775	-		p>=0.05		p>=0.05			-0.2167076106001775
94	S	-		p>=0.05		p>=0.05			-1.22784016337888	S	-		p>=0.05		p>=0.05			-0.5374681242109337	-		p>=0.05		p>=0.05			-1.7653082875898138
95	S	p>=0.05		p>=0.05		p>=0.05		-0.4098457679934773	-0.9624443544288372	S	p>=0.05		p>=0.05		p>=0.05		-0.8794492836282279	-0.3812778169423947	p>=0.05		p>=0.05		p>=0.05		-1.2892950516217052	-1.343722171371232
96	S	-		p>=0.05		p>=0.05			-0.882094086269943	S	-		p>=0.05		p>=0.05			-0.54392455045124	-		p>=0.05		p>=0.05			-1.426018636721183
97	V	p>=0.05		p>=0.05		p>=0.05		-2.956366686164761	-2.2385459820467006	V	p>=0.05		p>=0.05		p>=0.05		-0.208399817274252	-0.0457530837654067	p>=0.05		p>=0.05		p>=0.05		-3.164766503439013	-2.284299065812107
98	P	-		p>=0.05		p>=0.05			-3.2053796099269034	P	-		p>=0.05		p>=0.05			-0.208399817274252	-		p>=0.05		p>=0.05			-3.4137794272011552
99	S	p>=0.05		p>=0.05		p>=0.05		-3.454392533689045	-1.3234183887483262	S	-		-		-				p>=0.05		p>=0.05		p>=0.05		-3.454392533689045	-1.3234183887483262
100	Q	p>=0.05		p>=0.05		p>=0.05		-0.748854215082737	-1.3234183887483262	Q	-		-		-				p>=0.05		p>=0.05		p>=0.05		-0.748854215082737	-1.3234183887483262
101	K	-		p>=0.05		p>=0.05			-1.3186029994453723	K	-		p>=0.05		p>=0.05			-2.0881682121736898	-		p>=0.05		p>=0.05			-3.406771211619062
102	T	p>=0.05		p>=0.05		p>=0.05		-1.304156831536511	-1.0607293160838362	T	p>=0.05		p<0.05	1.0	p<0.05	1.0	-2.0881682121736898	-7.888927924931052	p>=0.05		p>=0.05		p>=0.05		-3.392325043710201	-8.949657241014888
103	Y	p>=0.05		p>=0.05		p>=0.05		-2.573133332265497	-1.8255518108070408	Y	-		p<0.05	1.0	p<0.05	1.0		-7.888927924931052	p>=0.05		p<0.05	1.0	p<0.05	0.0	-2.573133332265497	-9.714479735738093
104	Q	p>=0.05		p>=0.05		p>=0.05		-1.599365268619115	-4.075308659505117	Q	-		p>=0.05		p>=0.05			-0.8772457561607401	p>=0.05		p>=0.05		p>=0.05		-1.599365268619115	-4.9525544156658565
105	G	-		p>=0.05		p>=0.05			-3.8139343942774335	G	-		p>=0.05		p>=0.05			-0.8772457561607401	-		p>=0.05		p>=0.05			-4.691180150438173
106	S	p>=0.05		p<0.05	1.0	p<0.05	1.0	-6.4229396742388944	-5.541619488112561	S	-		p>=0.05		p>=0.05			-0.8772457561607401	p>=0.05		p>=0.05		p>=0.05		-6.4229396742388944	-6.4188652442733005
107	Y	p>=0.05		p>=0.05		p>=0.05		-4.660299301986228	-5.059509359422565	Y	-		p>=0.05		p>=0.05			-2.274637282498492	p>=0.05		p>=0.05		p>=0.05		-4.660299301986228	-7.334146641921057
108	G	-		p>=0.05		p>=0.05			-4.41434641122508	G	p>=0.05		p>=0.05		p>=0.05		-0.8772457561607401	-3.009685878175523	p>=0.05		p>=0.05		p>=0.05		-0.8772457561607401	-7.4240322894006034
109	F	p<0.05	11.0	p>=0.05		p<0.05	0.0	-8.053427377630738	-4.738042860645654	F	-		p>=0.05		p>=0.05			-2.4177743339929365	p>=0.05		p>=0.05		p>=0.05		-8.053427377630738	-7.1558171946385905
110	R	-		p<0.05	0.0	p<0.05	0.0		-13.556378034016356	R	p>=0.05		p>=0.05		p>=0.05		-2.300171306635156	-2.300171306635156	p>=0.05		p<0.05	1.0	p<0.05	0.0	-2.300171306635156	-15.856549340651512
111	L	p<0.05	13.0	p<0.05	0.0	p<0.05	0.0	-27.03620453856437	-16.307853362209165	L	-		p>=0.05		p>=0.05			-2.846877077287939	p<0.05	5.0	p<0.05	1.0	p<0.05	0.0	-27.03620453856437	-19.154730439497104
112	G	-		p<0.05	0.0	p<0.05	0.0		-16.8416333005015	G	p>=0.05		p>=0.05		p>=0.05		-3.393582847940721	-3.393582847940721	p>=0.05		p<0.05	1.0	p<0.05	0.0	-3.393582847940721	-20.23521614844222
113	F	p<0.05	10.0	p>=0.05		p<0.05	0.0	-6.647062062438625	-3.1750399829950218	F	-		p>=0.05		p>=0.05			-2.856000128552429	p>=0.05		p>=0.05		p>=0.05		-6.647062062438625	-6.031040111547451
114	L	p>=0.05		p>=0.05		p>=0.05		-0.1704438133881074	-1.8054521321374477	L	-		p>=0.05		p>=0.05			-0.5498029398631298	p>=0.05		p>=0.05		p>=0.05		-0.1704438133881074	-2.3552550720005776
115	H	p>=0.05		p>=0.05		p>=0.05		-0.4263534499306207	-0.1915821553703884	H	p>=0.05		p>=0.05		p>=0.05		-0.0494678022772074	-0.5498029398631298	p>=0.05		p>=0.05		p>=0.05		-0.4758212522078281	-0.7413850952335181
116	S	-		p>=0.05		p>=0.05			-4.366307288417497	S	p>=0.05		p>=0.05		p>=0.05		-1.050138077449052	-1.5595247998274098	p>=0.05		p>=0.05		p>=0.05		-1.050138077449052	-5.925832088244906
117	G	-		-		-				G	p>=0.05		p>=0.05		p>=0.05		-1.8045661036173457	-3.0840437984668787	p>=0.05		p>=0.05		p>=0.05		-1.8045661036173457	-3.0840437984668787
118	T	-		-		-				T	p>=0.05		p<0.05	0.0	p<0.05	0.0	-5.778494924049045	-5.984655826501156	p>=0.05		p>=0.05		p>=0.05		-5.778494924049045	-5.984655826501156
119	A	-		p>=0.05		p>=0.05			-1.6868782283768038	A	p>=0.05		p>=0.05		p>=0.05		-3.702976088752072	-3.714918015307797	p>=0.05		p>=0.05		p>=0.05		-3.702976088752072	-5.4017962436846005
120	K	p>=0.05		p>=0.05		p>=0.05		-6.230005183637887	-2.4597216758039733	K	-		p>=0.05		p>=0.05			-3.676611766045098	p>=0.05		p>=0.05		p>=0.05		-6.230005183637887	-6.136333441849072
121	S	p>=0.05		p>=0.05		p>=0.05		-1.7899679081422637	-2.4597216758039733	S	-		p>=0.05		p>=0.05			-0.6846202915314107	p>=0.05		p>=0.05		p>=0.05		-1.7899679081422637	-3.144341967335384
122	V	-		p>=0.05		p>=0.05			-3.997035517206348	V	-		p>=0.05		p>=0.05			-1.8814751254432884	-		p>=0.05		p>=0.05			-5.878510642649636
123	T	p>=0.05		p>=0.05		p>=0.05		-1.176820706304824	-3.8955533276277095	T	-		p>=0.05		p>=0.05			-5.290925799367539	p>=0.05		p>=0.05		p>=0.05		-1.176820706304824	-9.186479126995248
124	C	p<0.05	2.0	p<0.05	0.0	p<0.05	0.0	-11.429191852314991	-6.761445871698045	C	p>=0.05		p>=0.05		p>=0.05		-7.709481451808144	-4.899526082687238	p<0.05	1.0	p<0.05	0.0	p<0.05	0.0	-19.138673304123134	-11.660971954385282
125	T	p<0.05	2.0	p<0.05	0.0	p<0.05	0.0	-16.890482687558823	-12.101369307968186	T	p>=0.05		p>=0.05		p>=0.05		-3.3339272159660336	-2.9855413720452564	p<0.05	1.0	p<0.05	0.0	p<0.05	0.0	-20.224409903524858	-15.086910680013442
126	Y	p<0.05	2.0	p<0.05	0.0	p<0.05	0.0	-33.9851736727545	-17.102428077141045	Y	-		p>=0.05		p>=0.05			-4.25667690284756	p<0.05	1.0	p<0.05	0.0	p<0.05	0.0	-33.9851736727545	-21.359104979988604
127	S	p<0.05	2.0	p<0.05	0.0	p<0.05	0.0	-10.281489813639752	-16.440542483890997	S	p>=0.05		p>=0.05		p>=0.05		-9.587484749618849	-4.595508243174851	p<0.05	1.0	p<0.05	0.0	p<0.05	0.0	-19.8689745632586	-21.03605072706585
128	P	-		p<0.05	0.0	p<0.05	0.0		-7.668226889459245	P	p>=0.05		p>=0.05		p>=0.05		-5.107944944132514	-4.595508243174851	p>=0.05		p<0.05	0.0	p<0.05	0.0	-5.107944944132514	-12.263735132634096
129	A	-		p<0.05	0.0	p<0.05	0.0		-7.668226889459245	A	p>=0.05		p>=0.05		p>=0.05		-1.5972764167286886	-4.595508243174851	p>=0.05		p<0.05	0.0	p<0.05	0.0	-1.5972764167286886	-12.263735132634096
130	L	p>=0.05		p<0.05	0.0	p<0.05	0.0	-5.054963965278737	-7.668226889459245	L	p>=0.05		p>=0.05		p>=0.05		-2.089326862219353	-4.595508243174852	p>=0.05		p<0.05	0.0	p<0.05	0.0	-7.144290827498089	-12.263735132634096
131	N	-		p<0.05	0.0	p<0.05	0.0		-5.440426933534198	N	-		p>=0.05		p>=0.05			-4.595508243174851	-		p<0.05	0.0	p<0.05	0.0		-10.03593517670905
132	K	-		p<0.05	0.0	p<0.05	0.0		-8.689738494276767	K	-		p>=0.05		p>=0.05			-2.903454575393136	-		p<0.05	0.0	p<0.05	0.0		-11.593193069669903
133	M	p<0.05	2.0	p<0.05	0.0	p<0.05	0.0	-7.25256613461111	-13.189411652871266	M	-		p>=0.05		p>=0.05			-0.854526024258762	p>=0.05		p<0.05	0.0	p<0.05	0.0	-7.25256613461111	-14.043937677130028
134	F	p>=0.05		p<0.05	0.0	p<0.05	0.0	-3.072852297777254	-9.457045744572556	F	-		p<0.05	0.0	p<0.05	0.0		-12.459350686669012	p>=0.05		p<0.05	0.0	p<0.05	0.0	-3.072852297777254	-21.916396431241566
135	C	p<0.05	2.0	p<0.05	0.0	p<0.05	0.0	-8.640135750600608	-6.039774467124626	C	p<0.05	0.0	p<0.05	0.0	p<0.05	0.0	-15.12467312024173	-11.1169854214812	p<0.05	1.0	p<0.05	0.0	p<0.05	0.0	-23.764808870842337	-17.156759888605826
136	Q	-		p<0.05	0.0	p<0.05	0.0		-6.192210427585566	Q	-		p<0.05	0.0	p<0.05	0.0		-5.831951912272293	-		p<0.05	0.0	p<0.05	0.0		-12.02416233985786
137	L	-		p<0.05	0.0	p<0.05	0.0		-8.157010414594431	L	-		p>=0.05		p>=0.05			-5.376496787017184	-		p<0.05	0.0	p<0.05	0.0		-13.533507201611616
138	A	-		p<0.05	0.0	p<0.05	0.0		-8.086022753915305	A	p<0.05	6.0	p<0.05	0.0	p<0.05	0.0	-12.283927358861302	-6.960114495189745	p<0.05	1.0	p<0.05	0.0	p<0.05	0.0	-12.283927358861302	-15.046137249105051
139	K	p>=0.05		p>=0.05		p>=0.05		-6.250107535904618	-2.261100261191738	K	-		p<0.05	0.0	p<0.05	0.0		-6.8904747255440455	p>=0.05		p>=0.05		p>=0.05		-6.250107535904618	-9.151574986735783
140	T	p>=0.05		p>=0.05		p>=0.05		-2.3068511760617363	-4.784424312061748	T	p>=0.05		p>=0.05		p>=0.05		-1.49702209222679	-0.266529184149826	p>=0.05		p>=0.05		p>=0.05		-3.8038732682885263	-5.050953496211574
141	C	p>=0.05		p>=0.05		p>=0.05		-4.283628624598582	-4.432879447132412	C	p>=0.05		p>=0.05		p>=0.05		-0.4538404868023982	-1.4419257022373069	p>=0.05		p>=0.05		p>=0.05		-4.73746911140098	-5.874805149369719
142	P	-		p<0.05	0.0	p<0.05	0.0		-6.211589158974823	P	p>=0.05		p>=0.05		p>=0.05		-4.9681152564997495	-1.6472745314716437	p>=0.05		p>=0.05		p>=0.05		-4.9681152564997495	-7.858863690446467
143	V	p>=0.05		p<0.05	0.0	p<0.05	0.0	-2.707614073158332	-8.997614243798298	V	p>=0.05		p>=0.05		p>=0.05		-2.3184174091641374	-3.643266332831944	p>=0.05		p<0.05	1.0	p<0.05	0.0	-5.02603148232247	-12.640880576630241
144	Q	-		p<0.05	0.0	p<0.05	0.0		-10.492595715003825	Q	-		p>=0.05		p>=0.05			-2.856000128552429	-		p<0.05	1.0	p<0.05	0.0		-13.348595843556254
145	L	p>=0.05		p<0.05	0.0	p<0.05	0.0	-5.57950218585396	-14.47913485570787	L	-		p>=0.05		p>=0.05			-1.4390518707677311	p>=0.05		p<0.05	1.0	p<0.05	0.0	-5.57950218585396	-15.9181867264756
146	W	p>=0.05		p<0.05	0.0	p<0.05	0.0	-5.57950218585396	-8.546276486207214	W	-		p>=0.05		p>=0.05			-2.605043038861934	p>=0.05		p<0.05	1.0	p<0.05	0.0	-5.57950218585396	-11.151319525069148
147	V	p>=0.05		p>=0.05		p>=0.05		-3.797620169138233	-4.918936444691743	V	p>=0.05		p>=0.05		p>=0.05		-4.075905939182914	-2.274637282498492	p>=0.05		p>=0.05		p>=0.05		-7.873526108321148	-7.193573727190236
148	D	p>=0.05		p>=0.05		p>=0.05		-1.952426675737272	-3.97017227616644	D	p>=0.05		p>=0.05		p>=0.05		-4.075905939182914	-2.274637282498492	p>=0.05		p>=0.05		p>=0.05		-6.028332614920187	-6.244809558664932
149	S	p>=0.05		p>=0.05		p>=0.05		-5.470342957804026	-3.9701722761664393	S	p>=0.05		p>=0.05		p>=0.05		-0.0694914954673987	-2.6300276350719507	p>=0.05		p>=0.05		p>=0.05		-5.539834453271425	-6.60019991123839
150	T	-		p<0.05	2.0	p<0.05	2.0		-5.470342957804026	T	p>=0.05		p>=0.05		p>=0.05		-2.298807166454576	-1.4723837859376054	p>=0.05		p>=0.05		p>=0.05		-2.298807166454576	-6.942726743741631
151	P	-		-		-				P	p>=0.05		p>=0.05		p>=0.05		-2.048852695890841	-2.181756935637715	p>=0.05		p>=0.05		p>=0.05		-2.048852695890841	-2.181756935637715
152	P	-		p>=0.05		p>=0.05			-0.6472450332740661	P	p>=0.05		p>=0.05		p>=0.05		-2.197610944567728	-2.736157101490168	p>=0.05		p>=0.05		p>=0.05		-2.197610944567728	-3.3834021347642342
153	P	-		p>=0.05		p>=0.05			-0.6472450332740661	P	p>=0.05		p>=0.05		p>=0.05		-1.208664727197469	-2.7191379938362306	p>=0.05		p>=0.05		p>=0.05		-1.208664727197469	-3.3663830271102966
154	G	-		p>=0.05		p>=0.05			-0.7050181624248792	G	p>=0.05		p>=0.05		p>=0.05		-1.980776265275091	-2.408202361832683	p>=0.05		p>=0.05		p>=0.05		-1.980776265275091	-3.1132205242575623
155	T	p>=0.05		p>=0.05		p>=0.05		-0.6472450332740661	-4.510206330327572	T	p>=0.05		p<0.05	1.0	p<0.05	1.0	-5.489500038304634	-8.184311877994764	p>=0.05		p<0.05	1.0	p<0.05	0.0	-6.1367450715787	-12.694518208322336
156	R	-		p<0.05	0.0	p<0.05	0.0		-9.508170363026634	R	p>=0.05		p<0.05	1.0	p<0.05	1.0	-3.651544334038205	-8.748470319993165	p>=0.05		p<0.05	1.0	p<0.05	0.0	-3.651544334038205	-18.2566406830198
157	V	p<0.05	1.0	p<0.05	0.0	p<0.05	0.0	-15.175092368866768	-10.71315467630499	V	p>=0.05		p>=0.05		p>=0.05		-4.625930452137003	-2.5197294052735573	p<0.05	4.0	p<0.05	1.0	p<0.05	0.0	-19.80102282100377	-13.232884081578547
158	R	-		p<0.05	0.0	p<0.05	0.0		-10.829768120853538	R	p>=0.05		p>=0.05		p>=0.05		-2.468349622939504	-2.010104610859635	p>=0.05		p<0.05	1.0	p<0.05	0.0	-2.468349622939504	-12.839872731713173
159	A	-		p<0.05	0.0	p<0.05	0.0		-10.461224311397848	A	p>=0.05		p>=0.05		p>=0.05		-2.822584443085933	-2.014911618477451	p>=0.05		p<0.05	1.0	p<0.05	0.0	-2.822584443085933	-12.476135929875298
160	M	-		p<0.05	0.0	p<0.05	0.0		-8.138998176430977	M	p>=0.05		p>=0.05		p>=0.05		-2.13515943182125	-2.024327131523112	p>=0.05		p<0.05	1.0	p<0.05	0.0	-2.13515943182125	-10.16332530795409
161	A	-		p<0.05	0.0	p<0.05	0.0		-6.1850478636181165	A	p>=0.05		p>=0.05		p>=0.05		-2.774659639895256	-1.456443089994199	p>=0.05		p>=0.05		p>=0.05		-2.774659639895256	-7.6414909536123155
162	I	p<0.05	0.0	p<0.05	0.0	p<0.05	0.0	-7.241881807197362	-16.398101185904387	I	-		p>=0.05		p>=0.05			-1.0397084451236072	p>=0.05		p<0.05	0.0	p<0.05	0.0	-7.241881807197362	-17.437809631027996
163	Y	p<0.05	0.0	p<0.05	0.0	p<0.05	0.0	-23.453446647436078	-8.340612140903666	Y	-		p>=0.05		p>=0.05			-1.5969927255298488	p<0.05	7.0	p<0.05	0.0	p<0.05	0.0	-23.453446647436078	-9.937604866433514
164	K	p>=0.05		p<0.05	0.0	p<0.05	0.0	-0.014859661962342	-11.121885138851312	K	-		-		-				p>=0.05		p<0.05	0.0	p<0.05	0.0	-0.014859661962342	-11.121885138851312
165	Q	p>=0.05		p<0.05	0.0	p<0.05	0.0	-1.2800618920227786	-5.584763536663807	Q	-		p>=0.05		p>=0.05			-2.389403655871849	p>=0.05		p>=0.05		p>=0.05		-1.2800618920227786	-7.974167192535656
166	S	p>=0.05		p>=0.05		p>=0.05		-1.231789481389287	-3.0645207841823923	S	-		p>=0.05		p>=0.05			-1.5969927255298488	p>=0.05		p>=0.05		p>=0.05		-1.231789481389287	-4.6615135097122415
167	Q	p>=0.05		p>=0.05		p>=0.05		-2.454964495981554	-2.510068727646107	Q	-		p>=0.05		p>=0.05			-2.389403655871849	p>=0.05		p>=0.05		p>=0.05		-2.454964495981554	-4.899472383517956
168	H	p>=0.05		p<0.05	0.0	p<0.05	0.0	-5.073459041190808	-5.792359015447497	H	p>=0.05		p>=0.05		p>=0.05		-2.389403655871849	-1.0619252634187568	p>=0.05		p>=0.05		p>=0.05		-7.462862697062657	-6.8542842788662535
169	M	p>=0.05		p<0.05	0.0	p<0.05	0.0	-5.282329010327533	-7.100640955929275	M	p>=0.05		p>=0.05		p>=0.05		-0.8045817951878484	-1.0619252634187568	p>=0.05		p>=0.05		p>=0.05		-6.086910805515382	-8.162566219348031
170	T	p>=0.05		p>=0.05		p>=0.05		-4.47920145532375	-2.9950689215221504	T	-		p>=0.05		p>=0.05			-0.8892583590962513	p>=0.05		p>=0.05		p>=0.05		-4.47920145532375	-3.8843272806184017
171	E	p>=0.05		p>=0.05		p>=0.05		-3.083620099908191	-2.95028525505991	E	p>=0.05		p>=0.05		p>=0.05		-1.170609252358768	-0.9529617751100126	p>=0.05		p>=0.05		p>=0.05		-4.254229352266959	-3.903247030169923
172	V	p>=0.05		p<0.05	0.0	p<0.05	0.0	-0.1024415338626441	-7.873393871941329	V	p>=0.05		p>=0.05		p>=0.05		-0.517107821875037	-1.0358505508065	p>=0.05		p>=0.05		p>=0.05		-0.6195493557376811	-8.909244422747829
173	V	p<0.05	0.0	p<0.05	0.0	p<0.05	0.0	-20.434119982053154	-6.9018015472721	V	p>=0.05		p>=0.05		p>=0.05		-0.4474929758308945	-0.5884418695862608	p<0.05	9.0	p>=0.05		p<0.05	0.0	-20.881612957884048	-7.490243416858361
174	R	-		p<0.05	0.0	p<0.05	0.0		-12.311713485349964	R	p>=0.05		p<0.05	0.0	p<0.05	0.0	-0.8007248110528506	-12.105874232377449	p>=0.05		p<0.05	0.0	p<0.05	0.0	-0.8007248110528506	-24.417587717727415
175	R	-		p<0.05	0.0	p<0.05	0.0		-5.447662133287051	R	p>=0.05		p<0.05	0.0	p<0.05	0.0	-4.355675681981936	-11.067590996153417	p>=0.05		p<0.05	0.0	p<0.05	0.0	-4.355675681981936	-16.515253129440467
176	C	-		p>=0.05		p>=0.05			-2.028956020047304	C	p>=0.05		p<0.05	0.0	p<0.05	0.0	-6.235263391272098	-18.15907403918684	p>=0.05		p<0.05	0.0	p<0.05	0.0	-6.235263391272098	-20.188030059234144
177	P	-		p>=0.05		p>=0.05			-2.3359622594625544	P	p>=0.05		p>=0.05		p>=0.05		-8.340399341151787	-4.725222859788786	p>=0.05		p>=0.05		p>=0.05		-8.340399341151787	-7.061185119251341
178	H	p>=0.05		p>=0.05		p>=0.05		-1.803065882888024	-2.3359622594625544	H	p>=0.05		p>=0.05		p>=0.05		-1.209527642048934	-4.687157279534287	p>=0.05		p>=0.05		p>=0.05		-3.0125935249369578	-7.023119538996841
179	H	p>=0.05		p>=0.05		p>=0.05		-4.547423419072984	-2.0456679953911867	H	p>=0.05		p>=0.05		p>=0.05		-1.209527642048934	-4.484411806894824	p>=0.05		p>=0.05		p>=0.05		-5.756951061121917	-6.530079802286011
180	E	p>=0.05		p>=0.05		p>=0.05		-3.2569809777083063	-2.4175635796939665	E	p>=0.05		p<0.05	0.0	p<0.05	0.0	-6.631396282422179	-7.768122971610306	p<0.05	3.0	p<0.05	0.0	p<0.05	0.0	-9.888377260130484	-10.185686551304272
181	R	-		p>=0.05		p>=0.05			-2.622990304693757	R	p>=0.05		p>=0.05		p>=0.05		-4.49682937826179	-3.3630439831679757	p>=0.05		p>=0.05		p>=0.05		-4.49682937826179	-5.986034287861733
182	C	p>=0.05		p>=0.05		p>=0.05		-0.8844909391057161	-2.060334807461884	C	p>=0.05		p>=0.05		p>=0.05		-3.2679389710580398	-2.8055783988452103	p>=0.05		p>=0.05		p>=0.05		-4.152429910163756	-4.865913206307095
183	S	p>=0.05		p>=0.05		p>=0.05		-1.015777582132074	-0.6617163471024097	S	p>=0.05		p>=0.05		p>=0.05		-0.082938470469836	-1.49857236344612	p>=0.05		p>=0.05		p>=0.05		-1.09871605260191	-2.16028871054853
184	D	p>=0.05		p>=0.05		p>=0.05		-0.5970011192903397	-0.6617163471024097	D	p>=0.05		p>=0.05		p>=0.05		-1.1448396488104844	-1.49857236344612	p>=0.05		p>=0.05		p>=0.05		-1.741840768100824	-2.16028871054853
185	S	p>=0.05		p>=0.05		p>=0.05		-0.149595747881509	-0.4478858700683397	S	-		p>=0.05		p>=0.05			-3.4832012378449613	p>=0.05		p>=0.05		p>=0.05		-0.149595747881509	-3.931087107913301
186	D	p>=0.05		-		p>=0.05		-0.0291690309694359		D	p>=0.05		p<0.05	0.0	p<0.05	0.0	-4.673898519159791	-6.352513416049762	p>=0.05		p>=0.05		p>=0.05		-4.7030675501292265	-6.352513416049762
187	G	-		-		-				G	p>=0.05		p<0.05	0.0	p<0.05	0.0	-8.031128312939734	-6.352513416049762	p>=0.05		p>=0.05		p>=0.05		-8.031128312939734	-6.352513416049762
188	L	-		-		-				L	-		p<0.05	0.0	p<0.05	0.0		-6.352513416049762	-		p>=0.05		p>=0.05			-6.352513416049762
189	A	-		-		-				A	-		p<0.05	0.0	p<0.05	0.0		-20.33240857342429	-		p<0.05	0.0	p<0.05	0.0		-20.33240857342429
190	P	-		p>=0.05		p>=0.05			-0.7772315837988603	P	p<0.05	2.0	p<0.05	0.0	p<0.05	0.0	-32.63368883390885	-22.23133382999312	p<0.05	3.0	p<0.05	0.0	p<0.05	0.0	-32.63368883390885	-23.008565413791978
191	P	-		p>=0.05		p>=0.05			-1.6038147151020088	P	p<0.05	2.0	p<0.05	0.0	p<0.05	0.0	-32.63368883390885	-18.331349443100383	p<0.05	3.0	p<0.05	0.0	p<0.05	0.0	-32.63368883390885	-19.93516415820239
192	Q	p>=0.05		p>=0.05		p>=0.05		-1.595856679694803	-1.6038147151020088	Q	-		p<0.05	0.0	p<0.05	0.0		-15.536214690876696	p>=0.05		p<0.05	0.0	p<0.05	0.0	-1.595856679694803	-17.140029405978705
193	H	-		p<0.05	0.0	p<0.05	0.0		-9.331939810258358	H	p>=0.05		p<0.05	0.0	p<0.05	0.0	-1.426623822161665	-17.18447922377471	p>=0.05		p<0.05	0.0	p<0.05	0.0	-1.426623822161665	-26.516419034033067
194	L	p<0.05	2.0	p<0.05	0.0	p<0.05	0.0	-16.672257608021507	-10.977425910046632	L	p>=0.05		p>=0.05		p>=0.05		-2.0439154051194635	-2.0526482703668205	p<0.05	1.0	p<0.05	0.0	p<0.05	0.0	-18.71617301314097	-13.030074180413452
195	I	p<0.05	2.0	p<0.05	0.0	p<0.05	0.0	-19.10103846541421	-11.957166878866785	I	-		p<0.05	0.0	p<0.05	0.0		-6.016009825677731	p<0.05	1.0	p<0.05	0.0	p<0.05	0.0	-19.10103846541421	-17.973176704544514
196	R	-		p<0.05	0.0	p<0.05	0.0		-9.487707672514883	R	p<0.05	5.0	p<0.05	0.0	p<0.05	0.0	-14.577490249752064	-17.77282397185474	p<0.05	1.0	p<0.05	0.0	p<0.05	0.0	-14.577490249752064	-27.260531644369625
197	V	p>=0.05		p>=0.05		p>=0.05		-3.2007810311842224	-4.206245169259406	V	p<0.05	5.0	p<0.05	0.0	p<0.05	0.0	-20.968157693957416	-12.40329440618115	p<0.05	1.0	p<0.05	0.0	p<0.05	0.0	-24.168938725141636	-16.609539575440557
198	E	p>=0.05		p>=0.05		p>=0.05		-2.483161657984072	-1.5991965188883304	E	p<0.05	5.0	p<0.05	0.0	p<0.05	0.0	-15.218804707594831	-9.459974850604278	p<0.05	1.0	p<0.05	0.0	p<0.05	0.0	-17.701966365578905	-11.059171369492608
199	G	-		p>=0.05		p>=0.05			-1.489528851012328	G	p>=0.05		p<0.05	0.0	p<0.05	0.0	-2.8042120274445708	-9.0115083675197	p>=0.05		p<0.05	0.0	p<0.05	0.0	-2.8042120274445708	-10.501037218532026
200	N	p>=0.05		p>=0.05		p>=0.05		-0.4958960440405846	-0.5764472881201127	N	-		p<0.05	0.0	p<0.05	0.0		-6.243825322074112	p>=0.05		p>=0.05		p>=0.05		-0.4958960440405846	-6.820272610194224
201	L	-		-		-				L	-		p>=0.05		p>=0.05			-0.7084592311829345	-		p>=0.05		p>=0.05			-0.7084592311829345
202	R	-		-		-				R	p>=0.05		p>=0.05		p>=0.05		-0.7084592311829345	-0.7084592311829345	p>=0.05		p>=0.05		p>=0.05		-0.7084592311829345	-0.7084592311829345
203	V	-		p<0.05	0.0	p<0.05	0.0		-6.70004204749827	V	-		p>=0.05		p>=0.05			-1.800545197848629	-		p>=0.05		p>=0.05			-8.5005872453469
204	E	p<0.05	1.0	p<0.05	0.0	p<0.05	0.0	-13.31327919220816	-9.474137022670908	E	-		p>=0.05		p>=0.05			-1.2321937434158454	p<0.05	4.0	p<0.05	1.0	p<0.05	0.0	-13.31327919220816	-10.706330766086753
205	Y	-		p<0.05	0.0	p<0.05	0.0		-9.375000728551903	Y	-		p>=0.05		p>=0.05			-1.278213020343065	-		p<0.05	1.0	p<0.05	0.0		-10.653213748894968
206	L	-		p<0.05	0.0	p<0.05	0.0		-23.64345463464897	L	-		p>=0.05		p>=0.05			-1.3155501273813488	-		p<0.05	1.0	p<0.05	0.0		-24.959004762030318
207	D	-		-		-				D	p>=0.05		p>=0.05		p>=0.05		-1.288199403973271	-1.5281969870359473	p>=0.05		p>=0.05		p>=0.05		-1.288199403973271	-1.5281969870359473
208	D	-		-		-				D	p>=0.05		p>=0.05		p>=0.05		-1.288199403973271	-1.5281969870359473	p>=0.05		p>=0.05		p>=0.05		-1.288199403973271	-1.5281969870359473
209	R	-		-		-				R	-		p>=0.05		p>=0.05			-1.288199403973271	-		p>=0.05		p>=0.05			-1.288199403973271
210	N	-		-		-				N	-		p>=0.05		p>=0.05			-1.288199403973271	-		p>=0.05		p>=0.05			-1.288199403973271
211	T	-		p>=0.05		p>=0.05			-0.4098457679934773	T	-		p>=0.05		p>=0.05			-1.391946946920933	-		p>=0.05		p>=0.05			-1.8017927149144102
212	F	-		-		-				F	-		p>=0.05		p>=0.05			-1.5281969870359473	-		p>=0.05		p>=0.05			-1.5281969870359473
213	R	-		p>=0.05		p>=0.05			-0.1024415338626441	R	p>=0.05		p>=0.05		p>=0.05		-2.0081921531613	-1.2754246957457198	p>=0.05		p>=0.05		p>=0.05		-2.0081921531613	-1.377866229608364
214	H	-		p<0.05	0.0	p<0.05	0.0		-23.64345463464897	H	-		p>=0.05		p>=0.05			-1.555547710444025	-		p<0.05	1.0	p<0.05	0.0		-25.199002345092993
215	S	p<0.05	8.0	p<0.05	0.0	p<0.05	0.0	-23.64345463464897	-9.454350801659729	S	p>=0.05		p>=0.05		p>=0.05		-1.370251574197504	-1.901552117361938	p<0.05	6.0	p<0.05	1.0	p<0.05	0.0	-25.01370620884647	-11.355902919021666
216	V	p>=0.05		p<0.05	0.0	p<0.05	0.0	-5.436722264895645	-13.016466425665422	V	p>=0.05		p>=0.05		p>=0.05		-1.278213020343065	-1.8251146254109265	p>=0.05		p<0.05	1.0	p<0.05	0.0	-6.71493528523871	-14.841581051076348
217	V	p<0.05	1.0	p<0.05	0.0	p<0.05	0.0	-9.672409610908916	-10.9731689329755	V	p>=0.05		p>=0.05		p>=0.05		-1.186174466488626	-2.613133891556505	p<0.05	4.0	p<0.05	1.0	p<0.05	0.0	-10.858584077397543	-13.586302824532005
218	V	p<0.05	1.0	p<0.05	0.0	p<0.05	0.0	-11.26834122799801	-12.03861440259123	V	p>=0.05		p>=0.05		p>=0.05		-3.507001895874327	-4.482936048027561	p<0.05	4.0	p<0.05	1.0	p<0.05	0.0	-14.775343123872336	-16.52155045061879
219	P	-		p<0.05	0.0	p<0.05	0.0		-8.71772880029477	P	p>=0.05		p<0.05	1.0	p<0.05	1.0	-9.444029091599647	-5.534191773837393	p<0.05	4.0	p<0.05	1.0	p<0.05	0.0	-9.444029091599647	-14.251920574132164
220	Y	p>=0.05		p<0.05	0.0	p<0.05	0.0	-6.167116372591531	-7.275426604058518	Y	-		p<0.05	1.0	p<0.05	1.0		-5.802750979019873	p>=0.05		p<0.05	1.0	p<0.05	0.0	-6.167116372591531	-13.078177583078391
221	E	p<0.05	12.0	p<0.05	0.0	p<0.05	0.0	-7.112252641501708	-6.63968450704662	E	-		p<0.05	1.0	p<0.05	1.0		-5.866418367694688	p>=0.05		p<0.05	1.0	p<0.05	0.0	-7.112252641501708	-12.506102874741309
222	P	-		p<0.05	0.0	p<0.05	0.0		-7.112252641501708	P	p>=0.05		p<0.05	1.0	p<0.05	1.0	-5.866418367694688	-8.472753546583249	p>=0.05		p<0.05	1.0	p<0.05	0.0	-5.866418367694688	-15.585006188084957
223	P	-		p<0.05	0.0	p<0.05	0.0		-10.275524086778752	P	p<0.05	7.0	p<0.05	1.0	p<0.05	1.0	-11.07908872547181	-9.318411004563467	p<0.05	8.0	p<0.05	1.0	p<0.05	0.0	-11.07908872547181	-19.593935091342217
224	E	p>=0.05		p>=0.05		p>=0.05		-0.8297176609983234	-1.396495931188364	E	p<0.05	7.0	p<0.05	1.0	p<0.05	1.0	-24.57187969972642	-23.37671514458649	p<0.05	8.0	p<0.05	1.0	p<0.05	0.0	-25.401597360724743	-24.773211075774856
225	V	p>=0.05		p>=0.05		p>=0.05		-1.9632742013784044	-1.396495931188364	V	p<0.05	7.0	p<0.05	1.0	p<0.05	1.0	-34.47917700856125	-29.52552835414384	p<0.05	8.0	p<0.05	1.0	p<0.05	0.0	-36.442451209939655	-30.922024285332206
226	G	-		p>=0.05		p>=0.05			-1.9632742013784044	G	-		p<0.05	1.0	p<0.05	1.0		-34.47917700856125	-		p<0.05	1.0	p<0.05	0.0		-36.442451209939655
227	S	-		p<0.05	0.0	p<0.05	0.0		-7.504774124978636	S	-		p<0.05	1.0	p<0.05	1.0		-15.040962732736778	-		p<0.05	1.0	p<0.05	0.0		-22.545736857715415
228	D	-		p<0.05	0.0	p<0.05	0.0		-19.72133051255918	D	p>=0.05		p>=0.05		p>=0.05		-3.635616359156682	-5.384585651798741	p>=0.05		p<0.05	1.0	p<0.05	0.0	-3.635616359156682	-25.10591616435792
229	C	p<0.05	7.0	p<0.05	0.0	p<0.05	0.0	-19.72133051255918	-10.293444961422368	C	p>=0.05		p>=0.05		p>=0.05		-1.4390518707677311	-5.384585651798741	p<0.05	8.0	p<0.05	1.0	p<0.05	0.0	-21.160382383326912	-15.67803061322111
230	T	-		p<0.05	0.0	p<0.05	0.0		-12.65041634920657	T	-		p<0.05	1.0	p<0.05	1.0		-6.25907029811977	-		p<0.05	1.0	p<0.05	0.0		-18.90948664732634
231	T	-		p<0.05	0.0	p<0.05	0.0		-10.172890334478131	T	-		p>=0.05		p>=0.05			-2.3184174091641374	-		p<0.05	1.0	p<0.05	0.0		-12.491307743642269
232	I	p<0.05	9.0	p<0.05	0.0	p<0.05	0.0	-17.638166595797934	-6.85424267043357	I	-		p>=0.05		p>=0.05			-2.0450858796947258	p<0.05	2.0	p>=0.05		p<0.05	0.0	-17.638166595797934	-8.899328550128295
233	H	p>=0.05		p<0.05	0.0	p<0.05	0.0	-0.2169473423444426	-5.864803867642268	H	-		p<0.05	0.0	p<0.05	0.0		-6.992444201750246	p>=0.05		p<0.05	0.0	p<0.05	0.0	-0.2169473423444426	-12.857248069392513
234	Y	p<0.05	6.0	p>=0.05		p<0.05	0.0	-10.924090645524888	-4.276203227941681	Y	-		p<0.05	0.0	p<0.05	0.0		-7.269047099231791	p<0.05	1.0	p<0.05	0.0	p<0.05	0.0	-10.924090645524888	-11.545250327173473
235	N	p>=0.05		p<0.05	0.0	p<0.05	0.0	-4.724920547936221	-10.43933660931679	N	-		p<0.05	0.0	p<0.05	0.0		-9.452813233613384	p>=0.05		p<0.05	0.0	p<0.05	0.0	-4.724920547936221	-19.892149842930174
236	Y	p<0.05	2.0	p<0.05	0.0	p<0.05	0.0	-19.329011285059064	-11.649862602464168	Y	-		p>=0.05		p>=0.05			-5.122185877205561	p<0.05	1.0	p<0.05	0.0	p<0.05	0.0	-19.329011285059064	-16.772048479669728
237	M	p<0.05	2.0	p<0.05	0.0	p<0.05	0.0	-10.974878747906862	-11.544615840779748	M	p>=0.05		p>=0.05		p>=0.05		-1.6363016315181884	-5.122185877205561	p<0.05	1.0	p<0.05	0.0	p<0.05	0.0	-12.61118037942505	-16.666801717985308
238	C	p<0.05	2.0	p<0.05	0.0	p<0.05	0.0	-11.595735910141553	-12.843464856969527	C	p>=0.05		p>=0.05		p>=0.05		-4.524599113323288	-3.505525475607804	p<0.05	1.0	p<0.05	0.0	p<0.05	0.0	-16.12033502346484	-16.34899033257733
239	N	p<0.05	2.0	p<0.05	0.0	p<0.05	0.0	-9.474233484770632	-9.578802135098032	N	-		p<0.05	0.0	p<0.05	0.0		-10.082789392377087	p<0.05	1.0	p<0.05	0.0	p<0.05	0.0	-9.474233484770632	-19.661591527475117
240	S	p>=0.05		p<0.05	0.0	p<0.05	0.0	-4.060572016543169	-11.802528156043698	S	p>=0.05		p<0.05	0.0	p<0.05	0.0	-0.5162891980742055	-14.433825117202831	p>=0.05		p<0.05	0.0	p<0.05	0.0	-4.576861214617375	-26.23635327324653
241	S	p<0.05	2.0	p<0.05	0.0	p<0.05	0.0	-17.19034502162501	-9.157174640910036	S	p<0.05	1.0	p<0.05	0.0	p<0.05	0.0	-36.09186039945284	-14.42502912309056	p<0.05	1.0	p<0.05	0.0	p<0.05	0.0	-53.28220542107785	-23.582203764000596
242	C	p>=0.05		p<0.05	0.0	p<0.05	0.0	-5.903548040701327	-7.689077078437113	C	p>=0.05		p<0.05	0.0	p<0.05	0.0	-5.060090229132658	-23.63745052864045	p<0.05	1.0	p<0.05	0.0	p<0.05	0.0	-10.963638269833986	-31.326527607077562
243	M	p>=0.05		p>=0.05		p>=0.05		-1.8166868285454216	-3.8601174346233744	M	-		p<0.05	0.0	p<0.05	0.0		-36.94107160164561	p>=0.05		p<0.05	0.0	p<0.05	0.0	-1.8166868285454216	-40.80118903626899
244	G	-		p>=0.05		p>=0.05			-0.7765327933631625	G	p<0.05	1.0	p<0.05	0.0	p<0.05	0.0	-52.88156228790209	-37.33279598902543	p<0.05	1.0	p<0.05	0.0	p<0.05	0.0	-52.88156228790209	-38.10932878238859
245	G	-		p<0.05	0.0	p<0.05	0.0		-5.684925412712242	G	p<0.05	1.0	p<0.05	0.0	p<0.05	0.0	-52.88156228790209	-20.785764417351267	p<0.05	1.0	p<0.05	0.0	p<0.05	0.0	-52.88156228790209	-26.47068983006351
246	M	p<0.05	5.0	p<0.05	0.0	p<0.05	0.0	-21.13925057015832	-12.599911293350743	M	p<0.05	1.0	p<0.05	0.0	p<0.05	0.0	-23.28547223221515	-24.487859748795668	p<0.05	1.0	p<0.05	0.0	p<0.05	0.0	-44.424722802373466	-37.087771042146414
247	N	-		p<0.05	0.0	p<0.05	0.0		-11.51245761525752	N	-		p<0.05	0.0	p<0.05	0.0		-27.179160029081604	-		p<0.05	0.0	p<0.05	0.0		-38.691617644339125
248	R	-		p<0.05	0.0	p<0.05	0.0		-14.130055869442169	R	p<0.05	1.0	p<0.05	0.0	p<0.05	0.0	-16.03187666570254	-21.12991937110582	p<0.05	1.0	p<0.05	0.0	p<0.05	0.0	-16.03187666570254	-35.25997524054799
249	R	-		p<0.05	0.0	p<0.05	0.0		-21.13925057015832	R	p<0.05	1.0	p<0.05	0.0	p<0.05	0.0	-29.72409836008435	-23.013815752667345	p<0.05	1.0	p<0.05	0.0	p<0.05	0.0	-29.72409836008435	-44.153066322825666
250	P	-		p<0.05	0.0	p<0.05	0.0		-13.16885107852906	P	-		p<0.05	0.0	p<0.05	0.0		-29.72409836008435	-		p<0.05	0.0	p<0.05	0.0		-42.892949438613414
251	I	p<0.05	0.0	p<0.05	0.0	p<0.05	0.0	-16.03824692618877	-9.26291349448576	I	-		p>=0.05		p>=0.05			-0.9629384139381172	p<0.05	7.0	p<0.05	0.0	p<0.05	0.0	-16.03824692618877	-10.225851908423877
252	L	p<0.05	0.0	p<0.05	0.0	p<0.05	0.0	-14.8228105666466	-5.7205498013552845	L	-		p>=0.05		p>=0.05			-1.3364910900650453	p<0.05	7.0	p>=0.05		p<0.05	0.0	-14.8228105666466	-7.05704089142033
253	T	p>=0.05		p>=0.05		p>=0.05		-3.3926235751939324	-4.252476586995884	T	p>=0.05		p>=0.05		p>=0.05		-1.0189805686156177	-1.456443089994199	p>=0.05		p>=0.05		p>=0.05		-4.41160414380955	-5.7089196769900825
254	I	p>=0.05		p<0.05	0.0	p<0.05	0.0	-6.237038990446442	-5.482650419041643	I	-		p>=0.05		p>=0.05			-1.9922414811742668	p>=0.05		p>=0.05		p>=0.05		-6.237038990446442	-7.474891900215909
255	I	p<0.05	3.0	p<0.05	0.0	p<0.05	0.0	-17.706030161563618	-6.298991579134519	I	-		p>=0.05		p>=0.05			-4.664999340969382	p<0.05	0.0	p<0.05	1.0	p<0.05	0.0	-17.706030161563618	-10.963990920103901
256	T	p>=0.05		p<0.05	0.0	p<0.05	0.0	-6.158586198032741	-13.719272751973776	T	-		p>=0.05		p>=0.05			-5.11583584323215	p>=0.05		p<0.05	1.0	p<0.05	0.0	-6.158586198032741	-18.835108595205924
257	L	p<0.05	1.0	p<0.05	0.0	p<0.05	0.0	-15.837382279431978	-11.281226435582234	L	-		p<0.05	1.0	p<0.05	1.0		-8.432416638586014	p<0.05	4.0	p<0.05	1.0	p<0.05	0.0	-15.837382279431978	-19.713643074168246
258	E	p<0.05	1.0	p<0.05	0.0	p<0.05	0.0	-7.953844895997451	-6.5449346972779	E	p<0.05	3.0	p<0.05	1.0	p<0.05	1.0	-25.772816108005173	-12.799175417818056	p<0.05	4.0	p<0.05	1.0	p<0.05	0.0	-33.72666100400262	-19.344110115095955
259	D	p<0.05	1.0	p>=0.05		p<0.05	0.0	-7.020034058199118	-3.020946460172492	D	p<0.05	3.0	p<0.05	1.0	p<0.05	1.0	-24.21971419001628	-13.15213458247085	p<0.05	4.0	p<0.05	1.0	p<0.05	0.0	-31.2397482482154	-16.173081042643343
260	S	p>=0.05		p>=0.05		p>=0.05		-0.7627912915756924	-2.302565943802297	S	p>=0.05		p<0.05	1.0	p<0.05	1.0	-0.953868416553538	-9.186794608682504	p>=0.05		p<0.05	1.0	p<0.05	0.0	-1.7166597081292303	-11.4893605524848
261	S	p>=0.05		p>=0.05		p>=0.05		-0.7801933921603118	-2.381147207940859	S	p<0.05	3.0	p<0.05	1.0	p<0.05	1.0	-17.614606323219483	-11.912622837128824	p<0.05	4.0	p<0.05	1.0	p<0.05	0.0	-18.394799715379794	-14.293770045069683
262	G	-		p>=0.05		p>=0.05			-3.4956867455521765	G	p>=0.05		p<0.05	1.0	p<0.05	1.0	-4.862302418725987	-14.684661491304093	p>=0.05		p<0.05	1.0	p<0.05	0.0	-4.862302418725987	-18.18034823685627
263	N	p>=0.05		p>=0.05		p>=0.05		-0.9615700898283144	-4.713034852624332	N	-		p<0.05	1.0	p<0.05	1.0		-18.11735975999173	p>=0.05		p<0.05	1.0	p<0.05	0.0	-0.9615700898283144	-22.83039461261606
264	L	p<0.05	1.0	p<0.05	0.0	p<0.05	0.0	-6.8495318269364684	-5.2549822709207445	L	-		p<0.05	1.0	p<0.05	1.0		-25.772816108005173	p>=0.05		p<0.05	1.0	p<0.05	0.0	-6.8495318269364684	-31.02779837892592
265	L	-		p<0.05	0.0	p<0.05	0.0		-10.213586334121963	L	-		p<0.05	1.0	p<0.05	1.0		-25.772816108005173	-		p<0.05	1.0	p<0.05	0.0		-35.98640244212714
266	G	-		p<0.05	0.0	p<0.05	0.0		-6.845237713819423	G	-		p<0.05	1.0	p<0.05	1.0		-6.684531648926047	-		p<0.05	1.0	p<0.05	0.0		-13.52976936274547
267	R	-		p<0.05	0.0	p<0.05	0.0		-5.668105041291701	R	p<0.05	4.0	p>=0.05		p<0.05	1.0	-13.689687637688415	-5.152410503341928	p<0.05	0.0	p<0.05	1.0	p<0.05	0.0	-13.689687637688415	-10.82051554463363
268	N	p>=0.05		p>=0.05		p>=0.05		-0.59861868306014	-5.100872384682481	N	-		p<0.05	1.0	p<0.05	1.0		-7.888927924931052	p>=0.05		p<0.05	1.0	p<0.05	0.0	-0.59861868306014	-12.989800309613534
269	S	p>=0.05		p>=0.05		p>=0.05		-0.7946838625696547	-4.952303715752982	S	-		p>=0.05		p>=0.05			-1.0189805686156177	p>=0.05		p>=0.05		p>=0.05		-0.7946838625696547	-5.9712842843686
270	F	p>=0.05		p>=0.05		p>=0.05		-0.9848270216841032	-3.7036220812817615	F	-		p>=0.05		p>=0.05			-1.5089212321925043	p>=0.05		p>=0.05		p>=0.05		-0.9848270216841032	-5.212543313474265
271	E	-		p<0.05	0.0	p<0.05	0.0		-7.023006673297729	E	p>=0.05		p>=0.05		p>=0.05		-3.610810408317224	-0.9629384139381172	p>=0.05		p>=0.05		p>=0.05		-3.610810408317224	-7.985945087235846
272	V	p>=0.05		p<0.05	0.0	p<0.05	0.0	-4.745983471654648	-8.27655449588313	V	-		p>=0.05		p>=0.05			-4.115871941988504	p>=0.05		p<0.05	0.0	p<0.05	0.0	-4.745983471654648	-12.392426437871634
273	R	-		p<0.05	0.0	p<0.05	0.0		-6.231656897109699	R	p<0.05	8.0	p>=0.05		p<0.05	0.0	-17.841925725170366	-4.987127101942272	p<0.05	1.0	p<0.05	0.0	p<0.05	0.0	-17.841925725170366	-11.21878399905197
274	V	p<0.05	2.0	p<0.05	0.0	p<0.05	0.0	-13.047219802463722	-7.064764321743332	V	p>=0.05		p<0.05	0.0	p<0.05	0.0	-2.209261370672061	-9.557357091553172	p<0.05	1.0	p<0.05	0.0	p<0.05	0.0	-15.256481173135784	-16.622121413296504
275	C	p<0.05	2.0	p<0.05	0.0	p<0.05	0.0	-16.20756715176908	-9.400361708072449	C	p<0.05	0.0	p<0.05	0.0	p<0.05	0.0	-12.09463604360749	-11.322132751043918	p<0.05	1.0	p<0.05	0.0	p<0.05	0.0	-28.30220319537657	-20.72249445911637
276	A	-		p<0.05	0.0	p<0.05	0.0		-7.539996772527718	A	p>=0.05		p<0.05	0.0	p<0.05	0.0	-0.0871557260261143	-6.090895884816803	p>=0.05		p<0.05	0.0	p<0.05	0.0	-0.0871557260261143	-13.630892657344521
277	C	-		p<0.05	0.0	p<0.05	0.0		-14.150890627092735	C	-		p<0.05	0.0	p<0.05	0.0		-13.932963955772443	-		p<0.05	0.0	p<0.05	0.0		-28.08385458286518
278	P	-		p<0.05	0.0	p<0.05	0.0		-10.478119415527598	P	p<0.05	0.0	p<0.05	0.0	p<0.05	0.0	-30.897477863870005	-23.83673835989612	p<0.05	1.0	p<0.05	0.0	p<0.05	0.0	-30.897477863870005	-34.31485777542372
279	G	-		p<0.05	0.0	p<0.05	0.0		-7.517098736806055	G	p<0.05	0.0	p<0.05	0.0	p<0.05	0.0	-12.65258618958616	-20.8804320013881	p<0.05	1.0	p<0.05	0.0	p<0.05	0.0	-12.65258618958616	-28.397530738194156
280	R	p<0.05	4.0	p<0.05	0.0	p<0.05	0.0	-12.094214102416393	-12.235020938745516	R	-		p<0.05	0.0	p<0.05	0.0		-29.668916630747173	p<0.05	1.0	p<0.05	0.0	p<0.05	0.0	-12.094214102416393	-41.90393756949269
281	D	p<0.05	4.0	p<0.05	0.0	p<0.05	0.0	-12.375827775074644	-12.235020938745516	D	p<0.05	0.0	p<0.05	0.0	p<0.05	0.0	-43.09629938417838	-24.574151219396384	p<0.05	1.0	p<0.05	0.0	p<0.05	0.0	-55.47212715925302	-36.8091721581419
282	R	-		p<0.05	0.0	p<0.05	0.0		-7.665904647999076	R	p<0.05	0.0	p<0.05	0.0	p<0.05	0.0	-29.15475755789296	-24.574151219396384	p<0.05	1.0	p<0.05	0.0	p<0.05	0.0	-29.15475755789296	-32.24005586739546
283	R	-		p<0.05	0.0	p<0.05	0.0		-6.886118272554803	R	p<0.05	0.0	p<0.05	0.0	p<0.05	0.0	-32.543462158208364	-20.816677283907804	p<0.05	1.0	p<0.05	0.0	p<0.05	0.0	-32.543462158208364	-27.702795556462608
284	T	-		p<0.05	0.0	p<0.05	0.0		-5.584094315089407	T	-		p<0.05	0.0	p<0.05	0.0		-20.816677283907808	-		p<0.05	0.0	p<0.05	0.0		-26.400771598997217
285	E	p>=0.05		p>=0.05		p>=0.05		-2.290565115847522	-3.0941457035659194	E	-		p<0.05	0.0	p<0.05	0.0		-15.246771758840165	p>=0.05		p<0.05	0.0	p<0.05	0.0	-2.290565115847522	-18.340917462406082
286	E	p>=0.05		p>=0.05		p>=0.05		-3.903011598657747	-3.193664639159905	E	-		p<0.05	0.0	p<0.05	0.0		-11.96460747950085	p>=0.05		p<0.05	0.0	p<0.05	0.0	-3.903011598657747	-15.158272118660756
287	E	p>=0.05		p>=0.05		p>=0.05		-3.7669727707777128	-3.193664639159905	E	p>=0.05		p<0.05	0.0	p<0.05	0.0	-0.1885431566169065	-6.291200437037915	p>=0.05		p<0.05	0.0	p<0.05	0.0	-3.9555159273946194	-9.48486507619782
288	N	p>=0.05		p>=0.05		p>=0.05		-2.416033328980695	-3.1936646391599046	N	-		-		-				p>=0.05		p>=0.05		p>=0.05		-2.416033328980695	-3.1936646391599046
289	L	p>=0.05		p>=0.05		p>=0.05		-3.591740381535849	-2.8923266361202464	L	-		-		-				p>=0.05		p>=0.05		p>=0.05		-3.591740381535849	-2.8923266361202464
290	R	-		p>=0.05		p>=0.05			-2.241651427771916	R	p>=0.05		p>=0.05		p>=0.05		-0.7877223455782885	-0.0243752553985775	p>=0.05		p>=0.05		p>=0.05		-0.7877223455782885	-2.2660266831704936
291	K	-		p>=0.05		p>=0.05			-1.860321092020467	K	-		-		-				-		p>=0.05		p>=0.05			-1.860321092020467
292	K	p>=0.05		p>=0.05		p>=0.05		-0.7838751006492294	-2.187807741092539	K	-		-		-				p>=0.05		p>=0.05		p>=0.05		-0.7838751006492294	-2.187807741092539
293	G	-		p>=0.05		p>=0.05			-0.7167553287826618	G	-		p>=0.05		p>=0.05			-0.5365037514169068	-		p>=0.05		p>=0.05			-1.2532590801995687
294	E	p>=0.05		p>=0.05		p>=0.05		-0.6496355569160942	-0.4381607593445698	E	p>=0.05		p>=0.05		p>=0.05		-0.2852851572555251	-0.5528557641478615	p>=0.05		p>=0.05		p>=0.05		-0.9349207141716194	-0.9910165234924313
295	P	-		p>=0.05		p>=0.05			-0.4381607593445698	P	p>=0.05		p>=0.05		p>=0.05		-0.7840806803322927	-0.7026936348146633	p>=0.05		p>=0.05		p>=0.05		-0.7840806803322927	-1.140854394159233
296	H	p>=0.05		p>=0.05		p>=0.05		-0.2266859617730453	-0.3207967471113405	H	p>=0.05		p>=0.05		p>=0.05		-0.3543348734253397	-0.2359333289245048	p>=0.05		p>=0.05		p>=0.05		-0.581020835198385	-0.5567300760358453
297	H	p>=0.05		-		p>=0.05		-0.0860687226448819		H	-		-		-				p>=0.05		-		p>=0.05		-0.0860687226448819	
298	E	-		-		-				E	-		-		-				-		-		-			
299	L	-		-		-				L	-		-		-				-		-		-			
300	P	-		-		-				P	-		-		-				-		-		-			
301	P	-		-		-				P	-		-		-				-		-		-			
302	G	-		-		-				G	p>=0.05		p>=0.05		p>=0.05		-0.359125148941219	-0.6970316511325355	p>=0.05		p>=0.05		p>=0.05		-0.359125148941219	-0.6970316511325355
303	S	-		-		-				S	p>=0.05		p>=0.05		p>=0.05		-2.141049968991971	-0.2225495687017753	p>=0.05		p>=0.05		p>=0.05		-2.141049968991971	-0.2225495687017753
304	T	-		-		-				T	-		p>=0.05		p>=0.05			-0.1542617785820534	-		p>=0.05		p>=0.05			-0.1542617785820534
305	K	-		-		-				K	-		-		-				-		-		-			
306	R	-		-		-				R	-		-		-				-		-		-			
307	A	-		-		-				A	-		-		-				-		-		-			
308	L	-		-		-				L	-		-		-				-		-		-			
309	P	-		-		-				P	-		-		-				-		-		-			
310	N	-		-		-				N	-		-		-				-		-		-			
311	N	-		p>=0.05		p>=0.05			-0.7536007894854184	N	-		-		-				-		p>=0.05		p>=0.05			-0.7536007894854184
312	T	p>=0.05		p>=0.05		p>=0.05		-0.7536007894854184	-0.7536007894854184	T	-		-		-				p>=0.05		p>=0.05		p>=0.05		-0.7536007894854184	-0.7536007894854184
313	S	p>=0.05		p>=0.05		p>=0.05		-0.7536007894854184	-0.4536921638857232	S	-		-		-				p>=0.05		p>=0.05		p>=0.05		-0.7536007894854184	-0.4536921638857232
314	S	-		p>=0.05		p>=0.05			-0.2384601501836625	S	p>=0.05		-		p>=0.05		-0.3606858672361997		p>=0.05		p>=0.05		p>=0.05		-0.3606858672361997	-0.2384601501836625
315	S	p>=0.05		-		p>=0.05		-0.107904748379236		S	-		-		-				p>=0.05		-		p>=0.05		-0.107904748379236	
316	P	-		p>=0.05		p>=0.05			-0.107904748379236	P	-		-		-				-		p>=0.05		p>=0.05			-0.107904748379236
317	Q	-		-		-				Q	-		-		-				-		-		-			
318	P	-		-		-				P	-		-		-				-		-		-			
319	K	p>=0.05		-		p>=0.05		-0.1120385556209561		K	-		-		-				p>=0.05		-		p>=0.05		-0.1120385556209561	
320	K	-		-		-				K	-		-		-				-		-		-			
321	K	-		-		-				K	-		-		-				-		-		-			
322	P	-		-		-				P	-		-		-				-		-		-			
323	L	p>=0.05		p>=0.05		p>=0.05		-0.3112673691910948	-0.5955278719371249	L	-		p>=0.05		p>=0.05			-1.3870738282454955	p>=0.05		p>=0.05		p>=0.05		-0.3112673691910948	-1.9826017001826204
324	D	-		p>=0.05		p>=0.05			-0.5955278719371249	D	p>=0.05		p>=0.05		p>=0.05		-1.3870738282454955	-1.0855772542888942	p>=0.05		p>=0.05		p>=0.05		-1.3870738282454955	-1.681105126226019
325	G	-		p>=0.05		p>=0.05			-0.5955278719371249	G	-		p>=0.05		p>=0.05			-1.0855772542888942	-		p>=0.05		p>=0.05			-1.681105126226019
326	E	p>=0.05		p>=0.05		p>=0.05		-0.879788374683155	-1.2828766575045365	E	-		p>=0.05		p>=0.05			-1.3870738282454955	p>=0.05		p>=0.05		p>=0.05		-0.879788374683155	-2.6699504857500322
327	Y	p>=0.05		p>=0.05		p>=0.05		-2.6575742286393598	-2.384101877096789	Y	-		-		-				p>=0.05		p>=0.05		p>=0.05		-2.6575742286393598	-2.384101877096789
328	F	p>=0.05		p>=0.05		p>=0.05		-3.6149430279678514	-1.6361712075237225	F	-		-		-				p>=0.05		p>=0.05		p>=0.05		-3.6149430279678514	-1.6361712075237225
329	T	-		p>=0.05		p>=0.05			-1.1254696969659037	T	-		-		-				-		p>=0.05		p>=0.05			-1.1254696969659037
330	L	-		p>=0.05		p>=0.05			-0.2151182514935314	L	-		-		-				-		p>=0.05		p>=0.05			-0.2151182514935314
331	Q	p>=0.05		p>=0.05		p>=0.05		-1.794240137023107	-3.09900149430781	Q	-		-		-				p>=0.05		p>=0.05		p>=0.05		-1.794240137023107	-3.09900149430781
332	I	p>=0.05		p>=0.05		p>=0.05		-4.403762851592513	-2.0990180254056985	I	-		p>=0.05		p>=0.05			-2.179924743526773	p>=0.05		p>=0.05		p>=0.05		-4.403762851592513	-4.278942768932471
333	R	-		p>=0.05		p>=0.05			-4.403762851592513	R	p>=0.05		p>=0.05		p>=0.05		-2.179924743526773	-3.271729268361298	p>=0.05		p>=0.05		p>=0.05		-2.179924743526773	-7.6754921199538115
334	G	-		p>=0.05		p>=0.05			-0.7682607926179874	G	p>=0.05		p>=0.05		p>=0.05		-4.363533793195823	-2.3480990829179347	p>=0.05		p>=0.05		p>=0.05		-4.363533793195823	-3.116359875535922
335	R	-		p>=0.05		p>=0.05			-0.4336559401097311	R	-		p>=0.05		p>=0.05			-2.390142667765725	-		p>=0.05		p>=0.05			-2.823798607875456
336	E	p>=0.05		p>=0.05		p>=0.05		-0.7682607926179874	-0.4544917315103089	E	p>=0.05		p>=0.05		p>=0.05		-0.8901817996090562	-2.390142667765725	p>=0.05		p>=0.05		p>=0.05		-1.6584425922270436	-2.8446343992760337
337	R	-		p>=0.05		p>=0.05			-0.4731068269729075	R	p>=0.05		p>=0.05		p>=0.05		-5.325838810144123	-1.868978277854344	p>=0.05		p>=0.05		p>=0.05		-5.325838810144123	-2.3420851048272517
338	F	p>=0.05		p>=0.05		p>=0.05		-0.0990510876014747	-1.2022827638068467	F	-		p>=0.05		p>=0.05			-1.2453393990189745	p>=0.05		p>=0.05		p>=0.05		-0.0990510876014747	-2.4476221628258212
339	E	p>=0.05		p>=0.05		p>=0.05		-0.4961633143114646	-0.5619867462497135	E	-		p>=0.05		p>=0.05			-1.601929051546478	p>=0.05		p>=0.05		p>=0.05		-0.4961633143114646	-2.163915797796191
340	M	p>=0.05		p>=0.05		p>=0.05		-0.5289521133607034	-0.4818045902380299	M	-		p>=0.05		p>=0.05			-1.4812273212001918	p>=0.05		p>=0.05		p>=0.05		-0.5289521133607034	-1.9630319114382218
341	F	p>=0.05		p>=0.05		p>=0.05		-0.9175064233569372	-0.4473477003523637	F	-		p>=0.05		p>=0.05			-0.1996901582188815	p>=0.05		p>=0.05		p>=0.05		-0.9175064233569372	-0.6470378585712452
342	R	-		p>=0.05		p>=0.05			-0.5170070229025416	R	p>=0.05		p>=0.05		p>=0.05		-0.4073748782239123	-0.1996901582188815	p>=0.05		p>=0.05		p>=0.05		-0.4073748782239123	-0.7166971811214231
343	E	p>=0.05		p>=0.05		p>=0.05		-0.3673500125595699	-0.3799763717348083	E	p>=0.05		p>=0.05		p>=0.05		-0.4073748782239123	-0.1996901582188815	p>=0.05		p>=0.05		p>=0.05		-0.7747248907834822	-0.5796665299536898
344	L	p>=0.05		p>=0.05		p>=0.05		-0.2750632509240329	-0.3427324363283346	L	-		p>=0.05		p>=0.05			-3.1645489195269687	p>=0.05		p>=0.05		p>=0.05		-0.2750632509240329	-3.5072813558553033
345	N	-		p>=0.05		p>=0.05			-0.1511411073188004	N	-		p>=0.05		p>=0.05			-3.1645489195269687	-		p>=0.05		p>=0.05			-3.315690026845769
346	E	-		-		-				E	-		p>=0.05		p>=0.05			-3.88130546521664	-		p>=0.05		p>=0.05			-3.88130546521664
347	A	-		-		-				A	p>=0.05		p>=0.05		p>=0.05		-8.678897002133082	-3.621623573931033	p>=0.05		p>=0.05		p>=0.05		-8.678897002133082	-3.621623573931033
348	L	-		p>=0.05		p>=0.05			-1.2489059374310256	L	-		p>=0.05		p>=0.05			-3.621623573931033	-		p>=0.05		p>=0.05			-4.870529511362059
349	E	-		p>=0.05		p>=0.05			-1.3340777531268362	E	p>=0.05		p>=0.05		p>=0.05		-2.557644515292927	-2.7639382318201906	p>=0.05		p>=0.05		p>=0.05		-2.557644515292927	-4.098015984947027
350	L	-		p>=0.05		p>=0.05			-1.8417669846781823	L	-		p>=0.05		p>=0.05			-2.232896944429249	-		p>=0.05		p>=0.05			-4.074663929107431
351	K	p>=0.05		p>=0.05		p>=0.05		-4.580579917103484	-0.9965237234189944	K	-		p>=0.05		p>=0.05			-0.6213969300032909	p>=0.05		p>=0.05		p>=0.05		-4.580579917103484	-1.6179206534222854
352	D	p>=0.05		p>=0.05		p>=0.05		-1.5895932002142683	-0.9965237234189944	D	p>=0.05		p>=0.05		p>=0.05		-0.1908822054876639	-0.3137570530854903	p>=0.05		p>=0.05		p>=0.05		-1.7804754057019323	-1.3102807765044848
353	A	-		p>=0.05		p>=0.05			-1.543655685653061	A	p>=0.05		-		p>=0.05		-0.108731794865483		p>=0.05		p>=0.05		p>=0.05		-0.108731794865483	-1.543655685653061
354	Q	-		p>=0.05		p>=0.05			-0.8112296423269187	Q	-		-		-				-		p>=0.05		p>=0.05			-0.8112296423269187
355	A	-		-		-				A	-		-		-				-		-		-			
356	G	-		-		-				G	-		-		-				-		-		-			
357	K	-		-		-				K	-		-		-				-		-		-			
358	E	p>=0.05		-		p>=0.05		-0.8324277351903369		E	-		-		-				p>=0.05		-		p>=0.05		-0.8324277351903369	
359	P	-		p>=0.05		p>=0.05			-0.8324277351903369	P	-		p>=0.05		p>=0.05			-0.0163199914414062	-		p>=0.05		p>=0.05			-0.848747726631743
360	G	-		-		-				G	p>=0.05		-		p>=0.05		-0.3707730896888525		p>=0.05		-		p>=0.05		-0.3707730896888525	
361	G	-		-		-				G	-		-		-				-		-		-			
362	S	-		-		-				S	-		-		-				-		-		-			
363	R	-		-		-				R	-		-		-				-		-		-			
364	A	-		-		-				A	-		p>=0.05		p>=0.05			-0.2128113229774342	-		p>=0.05		p>=0.05			-0.2128113229774342
365	H	-		p>=0.05		p>=0.05			-0.3611634026610123	H	p>=0.05		-		p>=0.05		-0.113992959186939		p>=0.05		p>=0.05		p>=0.05		-0.113992959186939	-0.3611634026610123
366	S	-		p>=0.05		p>=0.05			-1.095525946713615	S	p>=0.05		-		p>=0.05		-1.19631906390621		p>=0.05		p>=0.05		p>=0.05		-1.19631906390621	-1.095525946713615
367	S	p>=0.05		p>=0.05		p>=0.05		-0.3611634026610123	-1.095525946713615	S	-		p>=0.05		p>=0.05			-0.0054541164235654	p>=0.05		p>=0.05		p>=0.05		-0.3611634026610123	-1.1009800631371802
368	H	p>=0.05		p>=0.05		p>=0.05		-1.8298884907662172	-0.7833680019017655	H	p>=0.05		-		p>=0.05		-0.3352196260984155		p>=0.05		p>=0.05		p>=0.05		-2.1651081168646327	-0.7833680019017655
369	L	-		p>=0.05		p>=0.05			-0.9241028683153498	L	-		p>=0.05		p>=0.05			-0.3352196260984155	-		p>=0.05		p>=0.05			-1.2593224944137653
370	K	p>=0.05		p>=0.05		p>=0.05		-1.174442072465956	-1.0113315519408783	K	-		p>=0.05		p>=0.05			-0.3352196260984155	p>=0.05		p>=0.05		p>=0.05		-1.174442072465956	-1.3465511780392938
371	S	p>=0.05		p>=0.05		p>=0.05		-1.273017602817465	-1.2237298376417105	S	-		-		-				p>=0.05		p>=0.05		p>=0.05		-1.273017602817465	-1.2237298376417105
372	K	-		p>=0.05		p>=0.05			-0.5454548585851602	K	-		-		-				-		p>=0.05		p>=0.05			-0.5454548585851602
373	K	-		-		-				K	-		-		-				-		-		-			
374	G	-		-		-				G	-		-		-				-		-		-			
375	Q	-		-		-				Q	-		-		-				-		-		-			
376	S	-		-		-				S	-		-		-				-		-		-			
377	T	-		-		-				T	-		-		-				-		-		-			
378	S	-		-		-				S	-		-		-				-		-		-			
379	R	-		-		-				R	-		-		-				-		-		-			
380	H	-		p>=0.05		p>=0.05			-0.6431577165856432	H	-		-		-				-		p>=0.05		p>=0.05			-0.6431577165856432
381	K	p>=0.05		p>=0.05		p>=0.05		-0.6431577165856432	-0.1204088624217161	K	-		-		-				p>=0.05		p>=0.05		p>=0.05		-0.6431577165856432	-0.1204088624217161
382	K	-		p>=0.05		p>=0.05			-0.1204088624217161	K	-		-		-				-		p>=0.05		p>=0.05			-0.1204088624217161
383	L	-		p>=0.05		p>=0.05			-0.1801024227738347	L	-		-		-				-		p>=0.05		p>=0.05			-0.1801024227738347
384	M	p>=0.05		p>=0.05		p>=0.05		-0.7625448372898804	-0.7625448372898804	M	-		-		-				p>=0.05		p>=0.05		p>=0.05		-0.7625448372898804	-0.7625448372898804
385	F	-		p>=0.05		p>=0.05			-0.2027380159847363	F	-		-		-				-		p>=0.05		p>=0.05			-0.2027380159847363
386	K	-		-		-				K	-		p>=0.05		p>=0.05			-1.049282466497365	-		p>=0.05		p>=0.05			-1.049282466497365
387	T	-		p>=0.05		p>=0.05			-0.0047309959506875	T	p>=0.05		p>=0.05		p>=0.05		-1.049282466497365	-0.3049222421107529	p>=0.05		p>=0.05		p>=0.05		-1.049282466497365	-0.3096532380614404
388	E	p>=0.05		p>=0.05		p>=0.05		-0.417451946727458	-0.1856308965862352	E	-		p>=0.05		p>=0.05			-0.8807511534838013	p>=0.05		p>=0.05		p>=0.05		-0.417451946727458	-1.0663820500700365
389	G	-		p>=0.05		p>=0.05			-0.417451946727458	G	p>=0.05		p>=0.05		p>=0.05		-2.032408976229898	-0.7964854969770194	p>=0.05		p>=0.05		p>=0.05		-2.032408976229898	-1.2139374437044774
390	P	-		-		-				P	-		p>=0.05		p>=0.05			-1.4298686368665623	-		p>=0.05		p>=0.05			-1.4298686368665623
391	D	-		p>=0.05		p>=0.05			-0.9426300061006178	D	p>=0.05		p>=0.05		p>=0.05		-0.827328297503227	-0.827328297503227	p>=0.05		p>=0.05		p>=0.05		-0.827328297503227	-1.7699583036038447
392	S	p>=0.05		p>=0.05		p>=0.05		-0.9426300061006178	-0.9426300061006178	S	-		p>=0.05		p>=0.05			-1.290771662767504	p>=0.05		p>=0.05		p>=0.05		-0.9426300061006178	-2.233401668868122
393	D	-		p>=0.05		p>=0.05			-0.9426300061006178	D	p>=0.05		p>=0.05		p>=0.05		-1.754215028031781	-1.754215028031781	p>=0.05		p>=0.05		p>=0.05		-1.754215028031781	-2.696845034132399
