ID	Gene	Mutation_list	Mutation_type	sgRNA_score
urn:mavedb:00001245-a-1#1	TP53	K382G;	Missense;	1.447837700070065
urn:mavedb:00001245-a-1#2	TP53	M133T;F134L;	Missense;Missense;	-3.714501089356216
urn:mavedb:00001245-a-1#3	TP53	T102A;Y103C;	Missense;Missense;	-1.304156831536511
urn:mavedb:00001245-a-1#4	TP53	K373R;	Missense;	0.1821078856471442
urn:mavedb:00001245-a-1#5	TP53	F19L;	Missense;	0.8300746827183909
urn:mavedb:00001245-a-1#6	TP53	M133T;	Missense;	-4.364502980952128
urn:mavedb:00001245-a-1#7	TP53	Y107H;	Missense;	-2.404194140302831
urn:mavedb:00001245-a-1#8	TP53	Y103C;	Missense;	-3.842109832994484
urn:mavedb:00001245-a-1#9	TP53	M384V;	Missense;	-0.0934343356734768
urn:mavedb:00001245-a-1#10	TP53		No Mutation;	0.6611831513926658
urn:mavedb:00001245-a-1#11	TP53	M133T;	Missense;	-11.38355944964401
urn:mavedb:00001245-a-1#12	TP53	W53R;	Missense;	-2.403650924051365
urn:mavedb:00001245-a-1#13	TP53	L145P;W146R;	Missense;Missense;	-8.020514192303931
urn:mavedb:00001245-a-1#14	TP53	K351G;	Missense;	-0.1999182073163047
urn:mavedb:00001245-a-1#15	TP53	M384V;	Missense;	-2.036579136916323
urn:mavedb:00001245-a-1#16	TP53	K292G;	Missense;	-0.7838751006492294
urn:mavedb:00001245-a-1#17	TP53	K320G;K321G;	Missense;Missense;	0.3230617533172088
urn:mavedb:00001245-a-1#18	TP53	T387A;E388G;	Missense;Missense;	0.0461901535549877
urn:mavedb:00001245-a-1#19	TP53	E287G;N288G;	Missense;Missense;	-3.305203795510789
urn:mavedb:00001245-a-1#20	TP53	S94P;S95P;	Missense;Missense;	-1.129433976877106
urn:mavedb:00001245-a-1#21	TP53	Q165R;	Missense;	-2.896917644297849
urn:mavedb:00001245-a-1#22	TP53	E358G;	Missense;	0.5431971354072503
urn:mavedb:00001245-a-1#23	TP53	D352G;	Missense;	-1.897107425380356
urn:mavedb:00001245-a-1#24	TP53	S96S;V97A;	Silent;Missense;	-1.762391497290766
urn:mavedb:00001245-a-1#25	TP53	V147A;	Missense;	-1.803412009185337
urn:mavedb:00001245-a-1#26	TP53		No Mutation;	-0.2174134103383798
urn:mavedb:00001245-a-1#27	TP53	E346G;	Missense;	1.252768264186876
urn:mavedb:00001245-a-1#28	TP53	R273R;V274A;	Silent;Missense;	-9.886872453158366
urn:mavedb:00001245-a-1#29	TP53	V172A;	Missense;	0.4333143831634693
urn:mavedb:00001245-a-1#30	TP53	N30S;	Missense;	-0.585694085550681
urn:mavedb:00001245-a-1#31	TP53	M237T;	Missense;	-10.72870132882506
urn:mavedb:00001245-a-1#32	TP53	E258G;	Missense;	-2.993659413718303
urn:mavedb:00001245-a-1#33	TP53	S95P;S96P;	Missense;Missense;	2.504969151552746
urn:mavedb:00001245-a-1#34	TP53	H168R;M169V;	Missense;Missense;	-9.487254285886763
urn:mavedb:00001245-a-1#35	TP53		No Mutation;	-10.88579099473847
urn:mavedb:00001245-a-1#36	TP53	T170A;	Missense;	-0.950913181752066
urn:mavedb:00001245-a-1#37	TP53	V216A;V217A;	Missense;Missense;	-9.672409610908916
urn:mavedb:00001245-a-1#38	TP53	H297R;E298G;	Missense;Missense;	0.5847119346775557
urn:mavedb:00001245-a-1#39	TP53		No Mutation;	0.5136309424894879
urn:mavedb:00001245-a-1#40	TP53		No Mutation;	-0.506001684311075
urn:mavedb:00001245-a-1#41	TP53	Q104R;	Missense;	-1.599365268619115
urn:mavedb:00001245-a-1#42	TP53	H179R;E180G;	Missense;Missense;	-7.291780955257944
urn:mavedb:00001245-a-1#43	TP53	W53R;	Missense;	-3.680214757224966
urn:mavedb:00001245-a-1#44	TP53	L145P;W146R;	Missense;Missense;	-3.138490179403988
urn:mavedb:00001245-a-1#45	TP53	Q331R;	Missense;	-2.734454157355346
urn:mavedb:00001245-a-1#46	TP53	C124R;	Missense;	-8.832403844089098
urn:mavedb:00001245-a-1#47	TP53	N200N;L201P;	Silent;Missense;	3.001906887205442
urn:mavedb:00001245-a-1#48	TP53	G108G;F109P;	Silent;Missense;	-2.274400503463275
urn:mavedb:00001245-a-1#49	TP53	L35P;	Missense;	0.0140931389879205
urn:mavedb:00001245-a-1#50	TP53	K305G;	Missense;	2.023654530811926
urn:mavedb:00001245-a-1#51	TP53	Y234C;N235G;	Missense;Missense;	-4.724920547936221
urn:mavedb:00001245-a-1#52	TP53	Y236C;M237V;	Missense;Missense;	-6.528021940949005
urn:mavedb:00001245-a-1#53	TP53		No Mutation;	0.6408478119639417
urn:mavedb:00001245-a-1#54	TP53	K351G;	Missense;	-0.9995555367645074
urn:mavedb:00001245-a-1#55	TP53	L25P;	Missense;	2.580059652003368
urn:mavedb:00001245-a-1#56	TP53	M384V;	Missense;	-0.1576210392798416
urn:mavedb:00001245-a-1#57	TP53	S261G;	Missense;	-0.7801933921603118
urn:mavedb:00001245-a-1#58	TP53	I195T;	Missense;	-22.60772803942385
urn:mavedb:00001245-a-1#59	TP53	E56G;D57G;	Missense;Missense;	-0.6689366152814669
urn:mavedb:00001245-a-1#60	TP53	K139E;	Missense;	-7.392277495116171
urn:mavedb:00001245-a-1#61	TP53		No Mutation;	0.6227260306864689
urn:mavedb:00001245-a-1#62	TP53		No Mutation;	-2.068569018813956
urn:mavedb:00001245-a-1#63	TP53	T125A;	Missense;	-18.12136286879194
urn:mavedb:00001245-a-1#64	TP53	S95P;	Missense;	-1.271444743719307
urn:mavedb:00001245-a-1#65	TP53	L114S;H115H;	Missense;Silent;	-0.1704438133881074
urn:mavedb:00001245-a-1#66	TP53		No Mutation;	0.097679356811411
urn:mavedb:00001245-a-1#67	TP53		No Mutation;	-2.542716995742839
urn:mavedb:00001245-a-1#68	TP53	N288G;	Missense;	-0.8393929906322684
urn:mavedb:00001245-a-1#69	TP53	D281G;	Missense;	-20.5674859266157
urn:mavedb:00001245-a-1#70	TP53	E286G;	Missense;	-3.903011598657747
urn:mavedb:00001245-a-1#71	TP53	S185G;	Missense;	0.7528616097760222
urn:mavedb:00001245-a-1#72	TP53	L93P;S94P;	Missense;Missense;	0.2853736982370617
urn:mavedb:00001245-a-1#73	TP53		No Mutation;	-1.357994636527996
urn:mavedb:00001245-a-1#74	TP53	A39A;M40V;	Silent;Missense;	-1.247415812052026
urn:mavedb:00001245-a-1#75	TP53	H168R;M169V;	Missense;Missense;	-2.755076421476747
urn:mavedb:00001245-a-1#76	TP53	T304A;K305G;	Missense;Missense;	0.8633474739282019
urn:mavedb:00001245-a-1#77	TP53	R363G;	Missense;	2.926235863310133
urn:mavedb:00001245-a-1#78	TP53	H193R;	Missense;	0.3425763356434814
urn:mavedb:00001245-a-1#79	TP53	K120G;	Missense;	-13.30079157187962
urn:mavedb:00001245-a-1#80	TP53	H368R;	Missense;	-2.091488566044143
urn:mavedb:00001245-a-1#81	TP53		No Mutation;	1.172576447164529
urn:mavedb:00001245-a-1#82	TP53		No Mutation;	0.1910408488508753
urn:mavedb:00001245-a-1#83	TP53	V143A;	Missense;	-0.595028179063537
urn:mavedb:00001245-a-1#84	TP53	E271G;	Missense;	1.359654304970761
urn:mavedb:00001245-a-1#85	TP53	E3G;	Missense;	0.3073509834508487
urn:mavedb:00001245-a-1#86	TP53	S314P;	Missense;	-0.2181282458763378
urn:mavedb:00001245-a-1#87	TP53	S303G;T304A;	Missense;Missense;	0.1105492926280607
urn:mavedb:00001245-a-1#88	TP53	V218A;	Missense;	-11.26834122799801
urn:mavedb:00001245-a-1#89	TP53	C141R;	Missense;	-6.963275033139898
urn:mavedb:00001245-a-1#90	TP53	E294G;	Missense;	-0.6496355569160942
urn:mavedb:00001245-a-1#91	TP53	S127P;	Missense;	-5.622122576451124
urn:mavedb:00001245-a-1#92	TP53	W91R;	Missense;	0.4544988758556358
urn:mavedb:00001245-a-1#93	TP53	F54P;	Missense;	1.89328014116072
urn:mavedb:00001245-a-1#94	TP53		No Mutation;	0.5396085256284608
urn:mavedb:00001245-a-1#95	TP53	E198G;	Missense;	0.8451031442874756
urn:mavedb:00001245-a-1#96	TP53	I255T;	Missense;	-24.01866640536647
urn:mavedb:00001245-a-1#97	TP53	W23R;	Missense;	4.543307859398608
urn:mavedb:00001245-a-1#98	TP53	D186G;	Missense;	0.9578995594154432
urn:mavedb:00001245-a-1#99	TP53	D42D;L43P;	Silent;Missense;	0.637856591167459
urn:mavedb:00001245-a-1#100	TP53	V147A;	Missense;	0.0750087935051297
urn:mavedb:00001245-a-1#101	TP53	M40T;	Missense;	1.310420918904867
urn:mavedb:00001245-a-1#102	TP53	T253A;	Missense;	0.0200683804813625
urn:mavedb:00001245-a-1#103	TP53	S6P;	Missense;	-1.152411690518213
urn:mavedb:00001245-a-1#104	TP53	S183P;	Missense;	-2.658923429715573
urn:mavedb:00001245-a-1#105	TP53		No Mutation;	0.2426037638817187
urn:mavedb:00001245-a-1#106	TP53	P67P;E68G;	Silent;Missense;	-0.7094260204514627
urn:mavedb:00001245-a-1#107	TP53	M160T;	Missense;	1.419363412287307
urn:mavedb:00001245-a-1#108	TP53	Y236H;	Missense;	-22.17525354965887
urn:mavedb:00001245-a-1#109	TP53	N239G;	Missense;	-3.854970662469128
urn:mavedb:00001245-a-1#110	TP53	K386G;	Missense;	0.3570688053204077
urn:mavedb:00001245-a-1#111	TP53	L344P;	Missense;	-0.2750632509240329
urn:mavedb:00001245-a-1#112	TP53	E51G;Q52R;	Missense;Missense;	-1.638231238997734
urn:mavedb:00001245-a-1#113	TP53	T329A;	Missense;	1.364003634036044
urn:mavedb:00001245-a-1#114	TP53	M133T;F134P;	Missense;Missense;	-9.547701018492084
urn:mavedb:00001245-a-1#115	TP53	K319R;K320G;	Missense;Missense;	0.0205384259348411
urn:mavedb:00001245-a-1#116	TP53	F270L;	Missense;	-3.509768112734421
urn:mavedb:00001245-a-1#117	TP53	T312A;S313G;	Missense;Missense;	-0.7536007894854184
urn:mavedb:00001245-a-1#118	TP53	F113P;	Missense;	-6.647062062438625
urn:mavedb:00001245-a-1#119	TP53	T140A;	Missense;	0.4942352245695916
urn:mavedb:00001245-a-1#120	TP53	Q165R;	Missense;	0.3367938602522916
urn:mavedb:00001245-a-1#121	TP53	D352G;	Missense;	-1.282078975048181
urn:mavedb:00001245-a-1#122	TP53	Y236H;M237T;	Missense;Missense;	-18.67422495551184
urn:mavedb:00001245-a-1#123	TP53	S215S;V216A;	Silent;Missense;	-1.201034918882372
urn:mavedb:00001245-a-1#124	TP53	I232V;	Missense;	-3.938705403492089
urn:mavedb:00001245-a-1#125	TP53		No Mutation;	-0.0200758743162445
urn:mavedb:00001245-a-1#126	TP53	N200N;L201P;	Silent;Missense;	-0.5024752118768057
urn:mavedb:00001245-a-1#127	TP53	V272A;	Missense;	-4.745983471654648
urn:mavedb:00001245-a-1#128	TP53	I332T;	Missense;	-4.528344568836272
urn:mavedb:00001245-a-1#129	TP53	S367G;	Missense;	-0.3611634026610123
urn:mavedb:00001245-a-1#130	TP53	M1V;	Missense;	0.1602243028002585
urn:mavedb:00001245-a-1#131	TP53	E258G;	Missense;	-13.84784121607493
urn:mavedb:00001245-a-1#132	TP53	E388G;	Missense;	-0.8810940470099038
urn:mavedb:00001245-a-1#133	TP53	H115H;S116P;	Silent;Missense;	0.2499115709306049
urn:mavedb:00001245-a-1#134	TP53	S121P;	Missense;	-4.220743880652758
urn:mavedb:00001245-a-1#135	TP53	H193R;	Missense;	0.6930186845827256
urn:mavedb:00001245-a-1#136	TP53	P318P;K319G;	Silent;Missense;	0.9302502144301624
urn:mavedb:00001245-a-1#137	TP53	H368R;	Missense;	-1.729553569220289
urn:mavedb:00001245-a-1#138	TP53	V143A;	Missense;	-4.820199967253125
urn:mavedb:00001245-a-1#139	TP53	L26P;	Missense;	0.0998935648889111
urn:mavedb:00001245-a-1#140	TP53	S90P;	Missense;	1.038054931405717
urn:mavedb:00001245-a-1#141	TP53	C141R;	Missense;	-1.603982216057266
urn:mavedb:00001245-a-1#142	TP53	S127P;	Missense;	-14.94085705082838
urn:mavedb:00001245-a-1#143	TP53		No Mutation;	1.352511199837635
urn:mavedb:00001245-a-1#144	TP53	N263N;L264P;	Silent;Missense;	-2.176551510787408
urn:mavedb:00001245-a-1#145	TP53	S166S;Q167R;	Silent;Missense;	-1.931882575754194
urn:mavedb:00001245-a-1#146	TP53	S392P;	Missense;	-0.9426300061006178
urn:mavedb:00001245-a-1#147	TP53	I255T;	Missense;	-6.329261151381913
urn:mavedb:00001245-a-1#148	TP53	Y220H;	Missense;	-5.164756645105907
urn:mavedb:00001245-a-1#149	TP53	S215G;	Missense;	-23.64345463464897
urn:mavedb:00001245-a-1#150	TP53	D42D;L43P;	Silent;Missense;	-0.7194717267756622
urn:mavedb:00001245-a-1#151	TP53	T256A;	Missense;	-0.1966449628596316
urn:mavedb:00001245-a-1#152	TP53	L323P;	Missense;	-0.1771873542494082
urn:mavedb:00001245-a-1#153	TP53	T253A;	Missense;	-3.960900115616717
urn:mavedb:00001245-a-1#154	TP53	E180G;	Missense;	0.7778189998413314
urn:mavedb:00001245-a-1#155	TP53	C242R;	Missense;	-5.903548040701327
urn:mavedb:00001245-a-1#156	TP53	Y236H;	Missense;	-29.93854469411654
urn:mavedb:00001245-a-1#157	TP53	N239D;	Missense;	-31.55995877430913
urn:mavedb:00001245-a-1#158	TP53	K319G;K320G;	Missense;Missense;	0.8101387045360787
urn:mavedb:00001245-a-1#159	TP53	V225A;	Missense;	-2.563051433468005
urn:mavedb:00001245-a-1#160	TP53	Q38Q;A39A;M40V;	Silent;Silent;Missense;	-0.1204059849427543
urn:mavedb:00001245-a-1#161	TP53		No Mutation;	-0.5535309442288259
urn:mavedb:00001245-a-1#162	TP53		No Mutation;	-1.225383173331759
urn:mavedb:00001245-a-1#163	TP53	I332T;	Missense;	-0.8043833234987418
urn:mavedb:00001245-a-1#164	TP53		No Mutation;	-0.1716239427226897
urn:mavedb:00001245-a-1#165	TP53	E68G;	Missense;	-1.66240984214756
urn:mavedb:00001245-a-1#166	TP53		No Mutation;	1.091836326186998
urn:mavedb:00001245-a-1#167	TP53	P318P;K319E;	Silent;Missense;	-2.209081567384907
urn:mavedb:00001245-a-1#168	TP53	S90P;	Missense;	-2.263874374189767
urn:mavedb:00001245-a-1#169	TP53	N263N;L264P;	Silent;Missense;	-11.52251214308553
urn:mavedb:00001245-a-1#170	TP53	K381G;K382E;	Missense;Missense;	-0.6431577165856432
urn:mavedb:00001245-a-1#171	TP53	H233R;	Missense;	-0.2169473423444426
urn:mavedb:00001245-a-1#172	TP53	L323P;	Missense;	-0.4453473841327814
urn:mavedb:00001245-a-1#173	TP53	Q100R;K101G;	Missense;Missense;	0.2329915825268029
urn:mavedb:00001245-a-1#174	TP53	Q354R;	Missense;	2.026953665506684
urn:mavedb:00001245-a-1#175	TP53	H178R;H179R;	Missense;Missense;	-1.803065882888024
urn:mavedb:00001245-a-1#176	TP53		No Mutation;	-2.151548357497746
urn:mavedb:00001245-a-1#177	TP53		No Mutation;	-0.7900795548297774
urn:mavedb:00001245-a-1#178	TP53	D48G;	Missense;	0.3872567781539262
urn:mavedb:00001245-a-1#179	TP53		No Mutation;	0.5217851503944707
urn:mavedb:00001245-a-1#180	TP53	D48G;	Missense;	0.6801861339896315
urn:mavedb:00001245-a-1#181	TP53		No Mutation;	-0.71219586689997
urn:mavedb:00001245-a-1#182	TP53	Q331R;	Missense;	-2.027806762253284
urn:mavedb:00001245-a-1#183	TP53	R342R;E343G;	Silent;Missense;	-0.2580890530141716
urn:mavedb:00001245-a-1#184	TP53	Q5R;	Missense;	1.263625643020395
urn:mavedb:00001245-a-1#185	TP53	M160V;	Missense;	-1.507649237700646
urn:mavedb:00001245-a-1#186	TP53	M246T;	Missense;	-13.23073538128084
urn:mavedb:00001245-a-1#187	TP53	Y220C;E221G;	Missense;Missense;	-14.00984310702597
urn:mavedb:00001245-a-1#188	TP53	F270P;	Missense;	1.540114069366215
urn:mavedb:00001245-a-1#189	TP53	H296R;H297R;	Missense;Missense;	-1.042064920874099
urn:mavedb:00001245-a-1#190	TP53	Q192R;H193R;	Missense;Missense;	-0.9114144839349594
urn:mavedb:00001245-a-1#191	TP53	Q192R;	Missense;	-3.204076687379195
urn:mavedb:00001245-a-1#192	TP53	K370G;	Missense;	-1.174442072465956
urn:mavedb:00001245-a-1#193	TP53	E224G;	Missense;	-1.460724759239002
urn:mavedb:00001245-a-1#194	TP53	M243V;	Missense;	-2.002578586324245
urn:mavedb:00001245-a-1#195	TP53	S260P;	Missense;	-0.7627912915756924
urn:mavedb:00001245-a-1#196	TP53	R280G;	Missense;	-18.55662287729821
urn:mavedb:00001245-a-1#197	TP53	Q331R;	Missense;	-0.6204594914606907
urn:mavedb:00001245-a-1#198	TP53	Q100R;	Missense;	-1.548387295380403
urn:mavedb:00001245-a-1#199	TP53		No Mutation;	0.6327926449721317
urn:mavedb:00001245-a-1#200	TP53	E343G;	Missense;	-0.4766109721049683
urn:mavedb:00001245-a-1#201	TP53	E198G;	Missense;	0.5338252684916879
urn:mavedb:00001245-a-1#202	TP53	M160V;	Missense;	3.002758065517867
urn:mavedb:00001245-a-1#203	TP53	V157A;	Missense;	-26.06249840382878
urn:mavedb:00001245-a-1#204	TP53		No Mutation;	0.8986480063780735
urn:mavedb:00001245-a-1#205	TP53	N268G;S269G;	Missense;Missense;	-0.7946838625696547
urn:mavedb:00001245-a-1#206	TP53	V157A;	Missense;	-5.505874931141141
urn:mavedb:00001245-a-1#207	TP53	L194P;I195T;	Missense;Missense;	-13.36883335832096
urn:mavedb:00001245-a-1#208	TP53	I332T;	Missense;	-14.47620021762617
urn:mavedb:00001245-a-1#209	TP53	L35P;	Missense;	0.2825215292016519
urn:mavedb:00001245-a-1#210	TP53	T155A;	Missense;	-1.013882191908405
urn:mavedb:00001245-a-1#211	TP53	M246T;	Missense;	-29.0477657590358
urn:mavedb:00001245-a-1#212	TP53	M169T;	Missense;	-0.8794956050511901
urn:mavedb:00001245-a-1#213	TP53	E11G;	Missense;	0.5003138217696497
urn:mavedb:00001245-a-1#214	TP53	K305R;R306R;	Missense;Silent;	0.5962498537723051
urn:mavedb:00001245-a-1#215	TP53	K164G;	Missense;	-0.014859661962342
urn:mavedb:00001245-a-1#216	TP53	E221G;	Missense;	-0.2146621759774467
urn:mavedb:00001245-a-1#217	TP53	H296R;H297R;	Missense;Missense;	0.5886929973280084
urn:mavedb:00001245-a-1#218	TP53	T253A;I254V;	Missense;Missense;	-6.237038990446442
urn:mavedb:00001245-a-1#219	TP53		No Mutation;	-10.71129112499885
urn:mavedb:00001245-a-1#220	TP53	P13P;L14P;	Silent;Missense;	-0.0622828114516089
urn:mavedb:00001245-a-1#221	TP53	S183S;D184G;S185G;	Silent;Missense;Missense;	-0.5970011192903397
urn:mavedb:00001245-a-1#222	TP53	M1T;	Missense;	1.958820998650239
urn:mavedb:00001245-a-1#223	TP53	M1T;	Missense;	0.5862726496409887
urn:mavedb:00001245-a-1#224	TP53	F338P;	Missense;	-0.0990510876014747
urn:mavedb:00001245-a-1#225	TP53		No Mutation;	-0.6221050476820235
urn:mavedb:00001245-a-1#226	TP53	L194L;I195T;	Silent;Missense;	-20.45191060618997
urn:mavedb:00001245-a-1#227	TP53	E28G;N29G;	Missense;Missense;	0.6310336709456844
urn:mavedb:00001245-a-1#228	TP53	F19P;S20P;	Missense;Missense;	4.047229933530714
urn:mavedb:00001245-a-1#229	TP53	L14P;S15S;	Missense;Silent;	1.362464543347326
urn:mavedb:00001245-a-1#230	TP53	C182R;S183P;	Missense;Missense;	-0.992546567095771
urn:mavedb:00001245-a-1#231	TP53		No Mutation;	-0.7112398833703759
urn:mavedb:00001245-a-1#232	TP53	E224G;	Missense;	-0.1987105627576448
urn:mavedb:00001245-a-1#233	TP53	M243V;	Missense;	-1.630795070766599
urn:mavedb:00001245-a-1#234	TP53		No Mutation;	-0.8467848693895575
urn:mavedb:00001245-a-1#235	TP53	E258G;D259G;	Missense;Missense;	-7.020034058199118
urn:mavedb:00001245-a-1#236	TP53	K357G;	Missense;	2.401100495752274
urn:mavedb:00001245-a-1#237	TP53		No Mutation;	0.3723261600734091
urn:mavedb:00001245-a-1#238	TP53		No Mutation;	-1.014763345560266
urn:mavedb:00001245-a-1#239	TP53		No Mutation;	0.0246593552417933
urn:mavedb:00001245-a-1#240	TP53		No Mutation;	-0.0519115446094095
urn:mavedb:00001245-a-1#241	TP53		No Mutation;	1.586903919913871
urn:mavedb:00001245-a-1#242	TP53	T123A;	Missense;	-1.176820706304824
urn:mavedb:00001245-a-1#243	TP53	V197A;	Missense;	-3.580841598559704
urn:mavedb:00001245-a-1#244	TP53	L257P;	Missense;	-13.74062701052863
urn:mavedb:00001245-a-1#245	TP53	Q100R;	Missense;	-0.9311669323946108
urn:mavedb:00001245-a-1#246	TP53		No Mutation;	-1.216323984232926
urn:mavedb:00001245-a-1#247	TP53	E28G;	Missense;	0.4959241038205519
urn:mavedb:00001245-a-1#248	TP53	E339G;M340V;	Missense;Missense;	-0.4961633143114646
urn:mavedb:00001245-a-1#249	TP53	H115R;	Missense;	-0.4263534499306207
urn:mavedb:00001245-a-1#250	TP53	E349G;	Missense;	2.015451051866124
urn:mavedb:00001245-a-1#251	TP53	S37P;	Missense;	-0.5565219607934336
urn:mavedb:00001245-a-1#252	TP53	I162T;Y163H;	Missense;Missense;	-15.2463471970349
urn:mavedb:00001245-a-1#253	TP53	F19P;	Missense;	1.394562138169809
urn:mavedb:00001245-a-1#254	TP53		No Mutation;	-8.212230597946858
urn:mavedb:00001245-a-1#255	TP53		No Mutation;	6.991222272475567
urn:mavedb:00001245-a-1#256	TP53		No Mutation;	0.452729521032762
urn:mavedb:00001245-a-1#257	TP53	K351G;	Missense;	-12.54226600722964
urn:mavedb:00001245-a-1#258	TP53	D57G;	Missense;	0.8288739613204956
urn:mavedb:00001245-a-1#259	TP53	E287G;N288G;	Missense;Missense;	-4.228741746044637
urn:mavedb:00001245-a-1#260	TP53	S94P;S95P;	Missense;Missense;	-1.743473502930242
urn:mavedb:00001245-a-1#261	TP53	L111P;	Missense;	-24.71640329570546
urn:mavedb:00001245-a-1#262	TP53	E358G;	Missense;	-1.922700754413418
urn:mavedb:00001245-a-1#263	TP53	V97A;	Missense;	-3.301374561903514
urn:mavedb:00001245-a-1#264	TP53	V147A;	Missense;	-9.664457291734491
urn:mavedb:00001245-a-1#265	TP53	E346G;	Missense;	-0.8747883811324729
urn:mavedb:00001245-a-1#266	TP53	S95S;S96P;	Silent;Missense;	-1.065108760855926
urn:mavedb:00001245-a-1#267	TP53	M44T;L45P;	Missense;Missense;	-3.483530949742827
urn:mavedb:00001245-a-1#268	TP53	L93P;	Missense;	0.3921147674114248
urn:mavedb:00001245-a-1#269	TP53		No Mutation;	2.788532329164813
urn:mavedb:00001245-a-1#270	TP53	G108G;F109P;	Silent;Missense;	-13.8324542517982
urn:mavedb:00001245-a-1#271	TP53	N268G;	Missense;	-0.7315294092703781
urn:mavedb:00001245-a-1#272	TP53	N288G;	Missense;	-1.290794783735084
urn:mavedb:00001245-a-1#273	TP53	S314P;S315P;	Missense;Missense;	0.5611674491050737
urn:mavedb:00001245-a-1#274	TP53	M340V;	Missense;	-0.1731866024137084
urn:mavedb:00001245-a-1#275	TP53		No Mutation;	-0.0891446123362171
urn:mavedb:00001245-a-1#276	TP53	Q5R;	Missense;	1.269997937797808
urn:mavedb:00001245-a-1#277	TP53		No Mutation;	2.583389089599294
urn:mavedb:00001245-a-1#278	TP53	I251T;	Missense;	-16.03824692618877
urn:mavedb:00001245-a-1#279	TP53		No Mutation;	1.273181294751279
urn:mavedb:00001245-a-1#280	TP53	Y126H;	Missense;	-36.51479450365944
urn:mavedb:00001245-a-1#281	TP53		No Mutation;	0.2949132236887282
urn:mavedb:00001245-a-1#282	TP53	S185G;D186G;	Missense;Missense;	-0.6046477341302097
urn:mavedb:00001245-a-1#283	TP53	I50V;E51G;	Missense;Missense;	0.6283199754843317
urn:mavedb:00001245-a-1#284	TP53	E62G;	Missense;	-1.064606675053749
urn:mavedb:00001245-a-1#285	TP53	L93P;S94P;	Missense;Missense;	3.864892222584162
urn:mavedb:00001245-a-1#286	TP53	D42G;	Missense;	-0.7356791264522307
urn:mavedb:00001245-a-1#287	TP53	M160T;	Missense;	0.0570241174728068
urn:mavedb:00001245-a-1#288	TP53	L252P;	Missense;	-14.8228105666466
urn:mavedb:00001245-a-1#289	TP53		No Mutation;	0.1332714670028324
urn:mavedb:00001245-a-1#290	TP53	M44V;	Missense;	-0.4974173460833079
urn:mavedb:00001245-a-1#291	TP53	T284T;E285G;	Silent;Missense;	-2.290565115847522
urn:mavedb:00001245-a-1#292	TP53		No Mutation;	-2.633336375525183
urn:mavedb:00001245-a-1#293	TP53	M169V;T170A;	Missense;Missense;	-8.007489728895434
urn:mavedb:00001245-a-1#294	TP53		No Mutation;	0.4401003123757919
urn:mavedb:00001245-a-1#295	TP53	Y107C;	Missense;	-4.140225918368854
urn:mavedb:00001245-a-1#296	TP53	S240S;S241P;	Silent;Missense;	-17.19034502162501
urn:mavedb:00001245-a-1#297	TP53		No Mutation;	-0.808493815781754
urn:mavedb:00001245-a-1#298	TP53		No Mutation;	1.397680881815975
urn:mavedb:00001245-a-1#299	TP53	D42D;L43P;	Silent;Missense;	-1.798139876566781
urn:mavedb:00001245-a-1#300	TP53	V225A;	Missense;	-1.363496969288804
urn:mavedb:00001245-a-1#301	TP53	K120G;	Missense;	0.840781204603844
urn:mavedb:00001245-a-1#302	TP53	H368R;	Missense;	-1.66862333703422
urn:mavedb:00001245-a-1#303	TP53	V73A;	Missense;	0.7475598998713093
urn:mavedb:00001245-a-1#304	TP53	P67P;E68G;	Silent;Missense;	0.1516645217546751
urn:mavedb:00001245-a-1#305	TP53	S90P;W91R;	Missense;Missense;	-5.273897730317104
urn:mavedb:00001245-a-1#306	TP53	M1V;E2G;	Missense;Missense;	-5.115564788347107
urn:mavedb:00001245-a-1#307	TP53		No Mutation;	2.11165866256581
urn:mavedb:00001245-a-1#308	TP53	R110R;L111P;	Silent;Missense;	-29.35600578142328
urn:mavedb:00001245-a-1#309	TP53	Q354R;	Missense;	1.051458455210454
urn:mavedb:00001245-a-1#310	TP53	V172V;V173A;	Silent;Missense;	-7.26960408221856
urn:mavedb:00001245-a-1#311	TP53	V173A;	Missense;	-33.59863588188775
urn:mavedb:00001245-a-1#312	TP53	V157A;	Missense;	-15.68491348061013
urn:mavedb:00001245-a-1#313	TP53	V157A;	Missense;	-13.44708265988702
urn:mavedb:00001245-a-1#314	TP53	N288N;L289P;	Silent;Missense;	-3.373137388842941
urn:mavedb:00001245-a-1#315	TP53		No Mutation;	0.8501685502598405
urn:mavedb:00001245-a-1#316	TP53		No Mutation;	-0.0938436943630775
urn:mavedb:00001245-a-1#317	TP53	R65G;	Missense;	1.303246839670469
urn:mavedb:00001245-a-1#318	TP53	T81A;	Missense;	-0.3420757720371015
urn:mavedb:00001245-a-1#319	TP53	V10A;	Missense;	1.95880012946149
urn:mavedb:00001245-a-1#320	TP53	I332V;	Missense;	-0.0870226813590569
urn:mavedb:00001245-a-1#321	TP53		No Mutation;	0.8015478410894582
urn:mavedb:00001245-a-1#322	TP53	Y163H;	Missense;	-31.66054609783725
urn:mavedb:00001245-a-1#323	TP53	M340T;F341L;	Missense;Missense;	-0.9175064233569372
urn:mavedb:00001245-a-1#324	TP53		No Mutation;	-2.162852555151993
urn:mavedb:00001245-a-1#325	TP53	E198E;G199G;N200D;	Silent;Silent;Missense;	-0.4958960440405846
urn:mavedb:00001245-a-1#326	TP53	K357R;E358G;	Missense;Missense;	-1.117779586564843
urn:mavedb:00001245-a-1#327	TP53	V97A;P98P;	Missense;Silent;	-3.805333999300004
urn:mavedb:00001245-a-1#328	TP53		No Mutation;	-12.24504391569519
urn:mavedb:00001245-a-1#329	TP53	L369P;	Missense;	0.2320219582861238
urn:mavedb:00001245-a-1#330	TP53	E326G;Y327C;	Missense;Missense;	-1.562459213966892
urn:mavedb:00001245-a-1#331	TP53	S314P;S315P;	Missense;Missense;	0.0953360587122651
urn:mavedb:00001245-a-1#332	TP53		No Mutation;	1.734825649016537
urn:mavedb:00001245-a-1#333	TP53		No Mutation;	-0.5835998242295657
urn:mavedb:00001245-a-1#334	TP53	R363G;	Missense;	0.8000910093370014
urn:mavedb:00001245-a-1#335	TP53	Y126H;	Missense;	-31.45555284184956
urn:mavedb:00001245-a-1#336	TP53	D42G;	Missense;	0.3969297851906792
urn:mavedb:00001245-a-1#337	TP53	L35P;	Missense;	0.7137386026012057
urn:mavedb:00001245-a-1#338	TP53	V274A;C275R;	Missense;Missense;	-16.20756715176908
urn:mavedb:00001245-a-1#339	TP53	T155A;	Missense;	-0.2806078746397274
urn:mavedb:00001245-a-1#340	TP53	S106G;Y107C;	Missense;Missense;	-7.436477847286999
urn:mavedb:00001245-a-1#341	TP53		No Mutation;	-4.701349601514491
urn:mavedb:00001245-a-1#342	TP53	M66T;	Missense;	-0.1252616612565377
urn:mavedb:00001245-a-1#343	TP53	K139G;T140A;	Missense;Missense;	-5.107937576693065
urn:mavedb:00001245-a-1#344	TP53	G187G;L188P;	Silent;Missense;	1.410254622443197
urn:mavedb:00001245-a-1#345	TP53	S90P;W91R;	Missense;Missense;	-2.832110684265133
urn:mavedb:00001245-a-1#346	TP53	L137P;	Missense;	0.8488043472302418
urn:mavedb:00001245-a-1#347	TP53	I162V;	Missense;	-3.946881704926088
urn:mavedb:00001245-a-1#348	TP53	M160T;	Missense;	0.6141261152498209
urn:mavedb:00001245-a-1#349	TP53	K357E;	Missense;	2.874824553767096
urn:mavedb:00001245-a-1#350	TP53	P98P;S99P;	Silent;Missense;	-4.580906949013593
urn:mavedb:00001245-a-1#351	TP53	G266G;N268D;	Silent;Missense;	-0.269642777340387
urn:mavedb:00001245-a-1#352	TP53	S37P;	Missense;	1.719002990506368
urn:mavedb:00001245-a-1#353	TP53	S33P;	Missense;	0.6645825659914992
urn:mavedb:00001245-a-1#354	TP53	R280G;D281G;	Missense;Missense;	-4.184169623533591
urn:mavedb:00001245-a-1#355	TP53	S315P;	Missense;	-0.980217752955047
urn:mavedb:00001245-a-1#356	TP53		No Mutation;	-0.9479783343796804
urn:mavedb:00001245-a-1#357	TP53		No Mutation;	0.1989458382855433
urn:mavedb:00001245-a-1#358	TP53	C176R;	Missense;	0.2636212418190968
urn:mavedb:00001245-a-1#359	TP53	S106G;	Missense;	-5.40940150119079
urn:mavedb:00001245-a-1#360	TP53	S362G;R363G;	Missense;Missense;	1.682818895953325
urn:mavedb:00001245-a-1#361	TP53	S362G;	Missense;	3.717378774532656
urn:mavedb:00001245-a-1#362	TP53	Y327Y;F328P;	Silent;Missense;	-4.434565611952369
urn:mavedb:00001245-a-1#363	TP53	C229R;	Missense;	-18.37953873341225
urn:mavedb:00001245-a-1#364	TP53		No Mutation;	0.7503812282783504
urn:mavedb:00001245-a-1#365	TP53		No Mutation;	-0.0233332227924159
urn:mavedb:00001245-a-1#366	TP53		No Mutation;	0.7201366464266831
urn:mavedb:00001245-a-1#367	TP53		No Mutation;	-1.017347337559458
urn:mavedb:00001245-a-1#368	TP53	N239S;S240G;	Missense;Missense;	-5.288309847100049
urn:mavedb:00001245-a-1#369	TP53	N263S;L264L;	Missense;Silent;	0.9695593224599052
urn:mavedb:00001245-a-1#370	TP53	C229R;	Missense;	-21.06312229170611
urn:mavedb:00001245-a-1#371	TP53	I162T;	Missense;	-2.5324165196311
urn:mavedb:00001245-a-1#372	TP53		No Mutation;	-0.5688587668200092
urn:mavedb:00001245-a-1#373	TP53	S121P;V122A;	Missense;Missense;	0.6408080643682315
urn:mavedb:00001245-a-1#374	TP53		No Mutation;	0.4236274754465021
urn:mavedb:00001245-a-1#375	TP53	Q38R;	Missense;	1.903708755837235
urn:mavedb:00001245-a-1#376	TP53	E11G;	Missense;	0.6992967138164389
urn:mavedb:00001245-a-1#377	TP53	L257P;	Missense;	-28.01928464626104
urn:mavedb:00001245-a-1#378	TP53	Y327H;F328P;	Missense;Missense;	-6.699098849955498
urn:mavedb:00001245-a-1#379	TP53	E336G;	Missense;	-0.7682607926179874
urn:mavedb:00001245-a-1#380	TP53	R174G;	Missense;	0.1712371340247635
urn:mavedb:00001245-a-1#381	TP53		No Mutation;	0.8623616782081437
urn:mavedb:00001245-a-1#382	TP53	T123T;C124R;	Silent;Missense;	-14.02597986054089
urn:mavedb:00001245-a-1#383	TP53		No Mutation;	1.074326012706126
urn:mavedb:00001245-a-1#384	TP53	Y220C;	Missense;	0.673250634357284
urn:mavedb:00001245-a-1#385	TP53	E198G;	Missense;	-8.828413386731379
urn:mavedb:00001245-a-1#386	TP53	I232T;	Missense;	-20.47643690686215
urn:mavedb:00001245-a-1#387	TP53		No Mutation;	-0.7242483300747425
urn:mavedb:00001245-a-1#388	TP53		No Mutation;	-0.1674677545027489
urn:mavedb:00001245-a-1#389	TP53	I255T;	Missense;	-22.77016292794247
urn:mavedb:00001245-a-1#390	TP53	D148D;S149P;	Silent;Missense;	-5.470342957804026
urn:mavedb:00001245-a-1#391	TP53	E204G;	Missense;	-13.31327919220816
urn:mavedb:00001245-a-1#392	TP53	M237T;C238R;	Missense;Missense;	-7.968566766341542
urn:mavedb:00001245-a-1#393	TP53	D49D;I50T;	Silent;Missense;	-2.248028343416789
urn:mavedb:00001245-a-1#394	TP53	D148G;	Missense;	-0.3273301216221316
urn:mavedb:00001245-a-1#395	TP53	F134F;C135R;	Silent;Missense;	-26.89120016854111
urn:mavedb:00001245-a-1#396	TP53	L308P;	Missense;	2.079906401641324
urn:mavedb:00001245-a-1#397	TP53	Y234H;	Missense;	-17.12326074311355
urn:mavedb:00001245-a-1#398	TP53		No Mutation;	-0.8219015275898973
urn:mavedb:00001245-a-1#399	TP53		No Mutation;	0.5095539437701204
urn:mavedb:00001245-a-1#400	TP53	D186G;	Missense;	-0.4407589181935413
urn:mavedb:00001245-a-1#401	TP53	I232T;	Missense;	-28.49935747703956
urn:mavedb:00001245-a-1#402	TP53	N263D;	Missense;	-2.892699502116534
urn:mavedb:00001245-a-1#403	TP53		No Mutation;	-1.054272915381627
urn:mavedb:00001245-a-1#404	TP53	S183P;	Missense;	0.6562690189357775
urn:mavedb:00001245-a-1#405	TP53	V172A;	Missense;	-0.6381974508887577
urn:mavedb:00001245-a-1#406	TP53	Q167R;H168R;	Missense;Missense;	-2.978046416208914
urn:mavedb:00001245-a-1#407	TP53	H297R;	Missense;	-0.4756149017109927
urn:mavedb:00001245-a-1#408	TP53	D21G;	Missense;	6.831267648961389
urn:mavedb:00001245-a-1#409	TP53		No Mutation;	-0.3286362635799328
urn:mavedb:00001245-a-1#410	TP53	T256A;	Missense;	-12.12052743320585
urn:mavedb:00001245-a-1#411	TP53	V197A;	Missense;	-2.820720463808741
urn:mavedb:00001245-a-1#412	TP53	P60P;D61G;	Silent;Missense;	-0.2746837647706216
urn:mavedb:00001245-a-1#413	TP53	M1T;	Missense;	4.8318498892434
urn:mavedb:00001245-a-1#414	TP53	M40T;	Missense;	0.1699035027490716
urn:mavedb:00001245-a-1#415	TP53	H115H;S116P;	Silent;Missense;	-0.2058099765154794
urn:mavedb:00001245-a-1#416	TP53		No Mutation;	-0.8604838522889383
urn:mavedb:00001245-a-1#417	TP53		No Mutation;	-0.9237306810013252
urn:mavedb:00001245-a-1#418	TP53		No Mutation;	-0.2417621130226593
urn:mavedb:00001245-a-1#419	TP53	S9G;	Missense;	1.180243363058062
urn:mavedb:00001245-a-1#420	TP53	Q192R;	Missense;	-0.672078867770255
urn:mavedb:00001245-a-1#421	TP53	V10A;	Missense;	0.2615539248855505
urn:mavedb:00001245-a-1#422	TP53	L194P;I195T;	Missense;Missense;	-19.97568185772205
urn:mavedb:00001245-a-1#423	TP53	S6P;	Missense;	0.5959338083666471
urn:mavedb:00001245-a-1#424	TP53	C182R;S183P;	Missense;Missense;	-1.067909350652729
urn:mavedb:00001245-a-1#425	TP53	E28E;N29G;N30D;	Silent;Missense;Missense;	0.0755059800340623
urn:mavedb:00001245-a-1#426	TP53	Y327H;F328L;	Missense;Missense;	0.2888353780043129
urn:mavedb:00001245-a-1#427	TP53		No Mutation;	-1.344002047544864
urn:mavedb:00001245-a-1#428	TP53	E171G;	Missense;	-3.083620099908191
urn:mavedb:00001245-a-1#429	TP53	C182R;	Missense;	-0.5930168995686481
urn:mavedb:00001245-a-1#430	TP53		No Mutation;	-2.875696500701046
urn:mavedb:00001245-a-1#431	TP53		No Mutation;	-2.097334381381371
urn:mavedb:00001245-a-1#432	TP53		No Mutation;	0.4407184636696134
urn:mavedb:00001245-a-1#433	TP53	T125A;	Missense;	-18.94268033151333
urn:mavedb:00001245-a-1#434	TP53	I332V;	Missense;	-2.122863466642325
urn:mavedb:00001245-a-1#435	TP53		No Mutation;	0.5178141537459885
urn:mavedb:00001245-a-1#436	TP53	S166P;	Missense;	-1.231789481389287
urn:mavedb:00001245-a-1#437	TP53	G325G;E326G;	Silent;Missense;	-0.1971175353994178
urn:mavedb:00001245-a-1#438	TP53	F134P;C135R;	Missense;Missense;	1.238359268742623
urn:mavedb:00001245-a-1#439	TP53	R280G;	Missense;	-13.54184980641737
urn:mavedb:00001245-a-1#440	TP53		No Mutation;	-0.5105935051116014
urn:mavedb:00001245-a-1#441	TP53		No Mutation;	1.37328080344299
urn:mavedb:00001245-a-1#442	TP53	N239G;S240G;	Missense;Missense;	-2.83283418598629
urn:mavedb:00001245-a-1#443	TP53		No Mutation;	-2.938283076719616
urn:mavedb:00001245-a-1#444	TP53		No Mutation;	-1.081874609886665
urn:mavedb:00001245-a-1#445	TP53	N239G;	Missense;	-3.835093953988569
urn:mavedb:00001245-a-1#446	TP53	C238R;	Missense;	-15.22290505394156
urn:mavedb:00001245-a-1#447	TP53	L130P;	Missense;	-5.054963965278737
urn:mavedb:00001245-a-1#448	TP53	T55A;E56G;	Missense;Missense;	0.9143264912319364
urn:mavedb:00001245-a-1#449	TP53		No Mutation;	-1.483837964321662
urn:mavedb:00001245-a-1#450	TP53	L26P;P27P;	Missense;Silent;	-1.276879484476388
urn:mavedb:00001245-a-1#451	TP53	L257P;	Missense;	-5.752235181506267
urn:mavedb:00001245-a-1#452	TP53		No Mutation;	0.5438829967699603
urn:mavedb:00001245-a-1#453	TP53	S99P;	Missense;	-2.327878118364497
urn:mavedb:00001245-a-1#454	TP53	T118A;	Missense;	0.6316521139047042
urn:mavedb:00001245-a-1#455	TP53	E271G;	Missense;	1.594014934400196
urn:mavedb:00001245-a-1#456	TP53	D148G;	Missense;	-3.577523229852412
urn:mavedb:00001245-a-1#457	TP53	T125A;	Missense;	-13.6074048623712
urn:mavedb:00001245-a-1#458	TP53	L289P;	Missense;	-3.810343374228757
urn:mavedb:00001245-a-1#459	TP53	E349G;	Missense;	-0.7257067252997124
urn:mavedb:00001245-a-1#460	TP53	S371P;	Missense;	-1.453113402164005
urn:mavedb:00001245-a-1#461	TP53	F134S;C135R;	Missense;Missense;	-0.2675663520033387
urn:mavedb:00001245-a-1#462	TP53	L308P;	Missense;	-1.865526148382036
urn:mavedb:00001245-a-1#463	TP53	S20S;D21G;	Silent;Missense;	3.000879732342042
urn:mavedb:00001245-a-1#464	TP53	Q136R;	Missense;	1.127573606713645
urn:mavedb:00001245-a-1#465	TP53	S371P;	Missense;	-1.092921803470924
