unipos	unires	BRAF_DebCet LFC hit	BRAF_DebCet LFC hit cluster	BRAF_DebCet LFC3D hit	BRAF_DebCet LFC3D hit cluster	BRAF_DebCet union hit	BRAF_DebCet union hit cluster	BRAF_DebCet_LFC	BRAF_DebCet_LFC3D
1	M	-		-		-			
2	A	-		-		-			
3	A	-		-		-			
4	L	-		-		-			
5	S	-		-		-			
6	G	-		-		-			
7	G	-		-		-			
8	G	-		-		-			
9	G	-		-		-			
10	G	-		-		-			
11	G	-		-		-			
12	A	p>=0.05		-		p>=0.05		0.2556829292578424	
13	E	-		p>=0.05		p>=0.05			0.3330007809300074
14	P	p<0.05	11.0	-		p<0.05	12.0	1.81374316353218	
15	G	-		p<0.05	26.0	p<0.05	12.0		0.4173180145107267
16	Q	p>=0.05		-		p>=0.05		0.22340448	
17	A	-		p>=0.05		p>=0.05			0.2481334507186263
18	L	p>=0.05		p<0.05	5.0	p<0.05	26.0	0.55713465	0.3674251796075152
19	F	p>=0.05		p<0.05	5.0	p<0.05	26.0	0.5812796666666666	0.4695161077777778
20	N	p>=0.05		p<0.05	5.0	p<0.05	26.0	0.2701340066666666	0.4765634744444444
21	G	p>=0.05		p<0.05	5.0	p<0.05	26.0	0.57827675	0.4038239966666666
22	D	p>=0.05		p<0.05	5.0	p<0.05	26.0	0.3630612333333333	0.4244050325396825
23	M	p>=0.05		p<0.05	5.0	p<0.05	26.0	0.3318771142857143	0.4112862818730158
24	E	p>=0.05		p<0.05	5.0	p<0.05	26.0	0.538920498	0.3961753022289618
25	P	p>=0.05		p<0.05	5.0	p<0.05	26.0	0.317728294401171	0.393403071467057
26	E	p>=0.05		p>=0.05		p>=0.05		0.323560422	0.2562437321337237
27	A	p>=0.05		p>=0.05		p>=0.05		0.12744248	0.2539986006666667
28	G	p>=0.05		p>=0.05		p>=0.05		0.3109929	0.2498094266666667
29	A	p>=0.05		p>=0.05		p>=0.05		0.3109929	0.2511154222222222
30	G	p>=0.05		p>=0.05		p>=0.05		0.1313604666666667	0.2433025218217545
31	A	p>=0.05		-		p>=0.05		0.2875541987985969	
32	G	-		-		-			
33	A	-		-		-			
34	A	-		p>=0.05		p>=0.05			0.0945460793893003
35	A	p>=0.05		p>=0.05		p>=0.05		0.4699796610994998	0.2783328489435796
36	S	p>=0.05		p<0.05	31.0	p<0.05	16.0	0.388087696998641	0.4277587760801385
37	S	p>=0.05		p<0.05	31.0	p<0.05	16.0	0.4252089701422747	0.3916654072026493
38	A	p>=0.05		p<0.05	31.0	p<0.05	16.0	0.3616995544670321	0.3756471940896862
39	A	p>=0.05		p>=0.05		p>=0.05		0.3400330576597518	0.2930513359029884
40	D	p>=0.05		p>=0.05		p>=0.05		0.1774213955821813	0.252466473285961
41	P	p>=0.05		p>=0.05		p>=0.05		0.2201040676316334	0.158510283871023
42	A	p>=0.05		p>=0.05		p>=0.05		0.2723073722702774	0.2970743961371829
43	I	-		p>=0.05		p>=0.05			0.1648048635401527
44	P	p>=0.05		p>=0.05		p>=0.05		0.926343474672339	0.1537450227218566
45	E	p>=0.05		p>=0.05		p>=0.05		0.2220617666666667	0.1537450227218566
46	E	-		p>=0.05		p>=0.05			0.1684306016011345
47	V	-		p>=0.05		p>=0.05			0.3138451416011345
48	W	-		p>=0.05		p>=0.05			0.2570432933333333
49	N	p>=0.05		p>=0.05		p>=0.05		0.3457352666666667	0.302082155
50	I	p>=0.05		p<0.05	15.0	p<0.05	21.0	0.691281	0.495935915
51	K	p>=0.05		p<0.05	15.0	p<0.05	21.0	0.6423342333333334	0.4721254291666668
52	Q	p>=0.05		p<0.05	15.0	p<0.05	21.0	0.447256075	0.4721254291666668
53	M	p>=0.05		p>=0.05		p>=0.05		0.353073	0.203093831551971
54	I	p>=0.05		p>=0.05		p>=0.05		0.353073	0.1217293034772995
55	K	-		-		-			
56	L	p>=0.05		-		p>=0.05		0.2985775	
57	T	-		-		-			
58	Q	-		-		-			
59	E	-		-		-			
60	H	-		-		-			
61	I	-		-		-			
62	E	-		-		-			
63	A	-		-		-			
64	L	-		-		-			
65	L	-		-		-			
66	D	p>=0.05		-		p>=0.05		0.1477458569999999	
67	K	p>=0.05		-		p>=0.05		0.1418566	
68	F	-		-		-			
69	G	p>=0.05		-		p>=0.05		0.8236009	
70	G	p>=0.05		p<0.05	29.0	p<0.05	31.0	0.8034613500000001	0.813531125
71	E	-		p>=0.05		p>=0.05			0.3170275109293365
72	H	-		-		-			
73	N	-		-		-			
74	P	-		p>=0.05		p>=0.05			0.0087178914923445
75	P	p>=0.05		p>=0.05		p>=0.05		0.3851058807596876	0.0055061855903943
76	S	p>=0.05		p>=0.05		p>=0.05		0.2627675334749382	0.1821686328469251
77	I	-		p>=0.05		p>=0.05			0.1973049520335179
78	Y	p>=0.05		p>=0.05		p>=0.05		0.2221034	0.1640359080293282
79	L	p>=0.05		p>=0.05		p>=0.05		0.5546646	0.1324544833535626
80	E	p>=0.05		p>=0.05		p>=0.05		0.3629381	0.0909531785714285
81	A	p>=0.05		p>=0.05		p>=0.05		0.1073534	0.0592294562499999
82	Y	-		p>=0.05		p>=0.05			0.1466857336165162
83	E	-		p>=0.05		p>=0.05			0.1516105773665162
84	E	-		p>=0.05		p>=0.05			0.1214209312760185
85	Y	p>=0.05		p>=0.05		p>=0.05		0.18585196893213	0.1237655198220216
86	T	p>=0.05		p>=0.05		p>=0.05		0.2392323	0.162288103786426
87	S	p>=0.05		-		p>=0.05		0.57693445	
88	K	-		p>=0.05		p>=0.05			0.0473669823289694
89	L	-		p>=0.05		p>=0.05			0.0682796241630301
90	D	-		p>=0.05		p>=0.05			0.0305798952092101
91	A	p>=0.05		-		p>=0.05		0.4321187927127174	
92	L	p>=0.05		p>=0.05		p>=0.05		0.1728428333333333	0.0031177376743418
93	Q	p>=0.05		-		p>=0.05		0.168306	
94	Q	p>=0.05		p>=0.05		p>=0.05		0.0879126666666666	0.1118133275303882
95	R	p>=0.05		-		p>=0.05		0.3548287333333333	
96	E	-		-		-			
97	Q	-		-		-			
98	Q	-		-		-			
99	L	-		-		-			
100	L	-		-		-			
101	E	-		-		-			
102	S	-		-		-			
103	L	-		-		-			
104	G	p>=0.05		-		p>=0.05		0.05742407	
105	N	-		p>=0.05		p>=0.05			0.0580878308400545
106	G	-		p>=0.05		p>=0.05			0.299024385
107	T	p>=0.05		-		p>=0.05		0.5406247	
108	D	-		p>=0.05		p>=0.05			0.1128723999999999
109	F	p>=0.05		p>=0.05		p>=0.05		0.5406247	0.0605405666666666
110	S	p>=0.05		p>=0.05		p>=0.05		0.3836292	0.2976396833333333
111	V	-		-		-			
112	S	-		-		-			
113	S	p>=0.05		-		p>=0.05		0.2096992333333333	
114	S	-		-		-			
115	A	-		-		-			
116	S	p>=0.05		-		p>=0.05		0.1473913	
117	M	-		-		-			
118	D	-		-		-			
119	T	-		-		-			
120	V	-		-		-			
121	T	p>=0.05		p>=0.05		p>=0.05		0.498954583838202	0.100094829225468
122	S	p>=0.05		p>=0.05		p>=0.05		0.498954583838202	0.2907767225588013
123	S	-		p>=0.05		p>=0.05			0.1549783629462711
124	S	p>=0.05		p>=0.05		p>=0.05		0.0915595050006112	0.1215714908061387
125	S	p>=0.05		p>=0.05		p>=0.05		0.398733967417805	0.2378890855377654
126	S	p>=0.05		p>=0.05		p>=0.05		0.22337378419488	0.0706532005375616
127	S	-		-		-			
128	L	-		-		-			
129	S	-		-		-			
130	V	-		-		-			
131	L	-		-		-			
132	P	-		-		-			
133	S	-		-		-			
134	S	-		-		-			
135	L	-		-		-			
136	S	p>=0.05		p>=0.05		p>=0.05		0.2382459	0.1046553611111111
137	V	p>=0.05		p>=0.05		p>=0.05		0.2083620333333333	0.0784012666666666
138	F	-		p>=0.05		p>=0.05			0.1039698166666666
139	Q	p>=0.05		p>=0.05		p>=0.05		0.3149515499999999	0.2384696817460317
140	N	p>=0.05		p<0.05	16.0	p<0.05	17.0	0.6118616285714286	0.3628978819931696
141	P	p>=0.05		p<0.05	16.0	p<0.05	17.0	0.16188046740808	0.4374712098945162
142	T	p>=0.05		p<0.05	16.0	p<0.05	17.0	0.53867153370404	0.35027600055606
143	D	-		p<0.05	16.0	p<0.05	17.0		0.56686696685202
144	V	p>=0.05		p>=0.05		p>=0.05		0.5950624	0.2517200495599386
145	A	-		-		-			
146	R	-		-		-			
147	S	-		-		-			
148	N	-		-		-			
149	P	-		-		-			
150	K	-		-		-			
151	S	-		-		-			
152	P	-		-		-			
153	Q	-		-		-			
154	K	-		-		-			
155	P	-		-		-			
156	I	-		p>=0.05		p>=0.05			0.0865560869180604
157	V	-		p<0.05	17.0	p<0.05	25.0		0.3815681326869888
158	R	-		-		-			
159	V	-		-		-			
160	F	-		-		-			
161	L	-		-		-			
162	P	p>=0.05		-		p>=0.05		0.9918472870995232	
163	N	-		-		-			
164	K	-		-		-			
165	Q	-		-		-			
166	R	-		-		-			
167	T	p>=0.05		p>=0.05		p>=0.05		0.6484334185011067	0.0787422479586099
168	V	p>=0.05		p>=0.05		p>=0.05		0.63092924	0.2322325195003688
169	V	-		p>=0.05		p>=0.05			0.1707977330833931
170	P	p>=0.05		p>=0.05		p>=0.05		0.0784942592501795	0.1268971784573708
171	A	p>=0.05		-		p>=0.05		0.499227576121933	
172	R	-		-		-			
173	C	-		-		-			
174	G	-		-		-			
175	V	-		-		-			
176	T	-		-		-			
177	V	-		-		-			
178	R	-		-		-			
179	D	-		-		-			
180	S	-		-		-			
181	L	-		-		-			
182	K	-		-		-			
183	K	-		p>=0.05		p>=0.05			0.0599000643333333
184	A	p>=0.05		-		p>=0.05		0.33224626	
185	L	p>=0.05		-		p>=0.05		0.3848892333333333	
186	M	p>=0.05		-		p>=0.05		0.12811075	
187	M	-		-		-			
188	R	-		-		-			
189	G	-		-		-			
190	L	-		-		-			
191	I	-		-		-			
192	P	-		-		-			
193	E	-		-		-			
194	C	p>=0.05		-		p>=0.05		1.069059	
195	C	p>=0.05		-		p>=0.05		1.069059	
196	A	p>=0.05		p<0.05	2.0	p<0.05	2.0	0.2271183749999999	0.3555235520833333
197	V	p>=0.05		p>=0.05		p>=0.05		0.0784017833333333	0.0313042329081632
198	Y	-		-		-			
199	R	-		-		-			
200	I	-		-		-			
201	Q	-		-		-			
202	D	-		-		-			
203	G	-		-		-			
204	E	-		-		-			
205	K	-		-		-			
206	K	-		-		-			
207	P	-		-		-			
208	I	p>=0.05		p>=0.05		p>=0.05		0.2556985	0.0072141884999999
209	G	p>=0.05		p<0.05	30.0	p<0.05	24.0	0.2789755	0.4191057083333333
210	W	-		-		-			
211	D	p>=0.05		-		p>=0.05		0.5887759	
212	T	p>=0.05		-		p>=0.05		0.5529729333333333	
213	D	p>=0.05		-		p>=0.05		0.2132254275	
214	I	p>=0.05		-		p>=0.05		0.3630456793333333	
215	S	-		-		-			
216	W	-		-		-			
217	L	-		-		-			
218	T	p>=0.05		p>=0.05		p>=0.05		0.5752374	0.0229854437317047
219	G	p>=0.05		p>=0.05		p>=0.05		0.6808494	0.289812995
220	E	p>=0.05		p>=0.05		p>=0.05		0.1001954799999999	0.1422763106666666
221	E	-		-		-			
222	L	p>=0.05		-		p>=0.05		0.2771287699999999	
223	H	p>=0.05		-		p>=0.05		0.1874007628571428	
224	V	p>=0.05		p>=0.05		p>=0.05		0.04751505	0.0264582713679268
225	E	-		p<0.05	2.0	p<0.05	2.0		0.5838849280248807
226	V	-		p<0.05	2.0	p<0.05	2.0		0.6996042833333332
227	L	-		p<0.05	2.0	p<0.05	2.0		0.6996042833333332
228	E	-		-		-			
229	N	-		-		-			
230	V	-		p>=0.05		p>=0.05			0.0854728636666666
231	P	p>=0.05		p>=0.05		p>=0.05		0.005901541	0.1234713553333333
232	L	p>=0.05		p>=0.05		p>=0.05		0.2898222	0.1234713553333333
233	T	p>=0.05		-		p>=0.05		0.0746903249999999	
234	T	p>=0.05		-		p>=0.05		0.3218765	
235	H	p>=0.05		p>=0.05		p>=0.05		0.3218765	0.069640313
236	N	-		p>=0.05		p>=0.05			0.2246391216666667
237	F	p>=0.05		p>=0.05		p>=0.05		0.3735939	0.227223508125
238	V	-		p>=0.05		p>=0.05			0.1129260141666666
239	R	-		p>=0.05		p>=0.05			0.1914932375
240	K	-		p<0.05	1.0	p<0.05	1.0		0.4947981583333333
241	T	-		p<0.05	1.0	p<0.05	1.0		0.987847
242	F	-		p<0.05	1.0	p<0.05	1.0		0.874286
243	F	-		-		-			
244	T	-		-		-			
245	L	-		p>=0.05		p>=0.05			0.1554677
246	A	p>=0.05		p<0.05	1.0	p<0.05	1.0	0.1554677	0.8387732333333333
247	F	-		p<0.05	1.0	p<0.05	1.0		0.5306445926666667
248	C	p>=0.05		p<0.05	1.0	p<0.05	1.0	0.4107313633333333	0.3994557316666666
249	D	p>=0.05		p>=0.05		p>=0.05		0.8100226633333333	0.2356348173333333
250	F	p>=0.05		p<0.05	1.0	p<0.05	1.0	0.36637556	0.3954714906666666
251	C	p>=0.05		p>=0.05		p>=0.05		0.6640559666666667	0.2918336975
252	R	-		p<0.05	1.0	p<0.05	1.0		0.3954714906666666
253	K	-		p<0.05	1.0	p<0.05	1.0		0.4953463074999999
254	L	p<0.05	1.0	p<0.05	1.0	p<0.05	1.0	1.180426	0.8387732333333333
255	L	p<0.05	1.0	p<0.05	1.0	p<0.05	1.0	1.180426	0.8171241772222223
256	F	p>=0.05		p<0.05	1.0	p<0.05	1.0	0.874286	1.05204
257	Q	p>=0.05		p<0.05	1.0	p<0.05	1.0	1.101408	0.95222475
258	G	p>=0.05		p>=0.05		p>=0.05		0.652779	0.1917126825
259	F	-		p>=0.05		p>=0.05			0.1311651085
260	R	p>=0.05		p>=0.05		p>=0.05		0.2349766675	0.0362833754761904
261	C	-		p>=0.05		p>=0.05			0.1775437761904762
262	Q	-		-		-			
263	T	-		p>=0.05		p>=0.05			0.0809087761111111
264	C	p>=0.05		p>=0.05		p>=0.05		0.26202638	0.0271759451666666
265	G	p>=0.05		p>=0.05		p>=0.05		0.0022529833333333	0.1094672066666666
266	Y	p>=0.05		p>=0.05		p>=0.05		0.0696330374999999	0.0687014388888889
267	K	-		p>=0.05		p>=0.05			0.1847762295238095
268	F	p>=0.05		p>=0.05		p>=0.05		0.1729898	0.1060235097222222
269	H	-		p>=0.05		p>=0.05			0.079665155
270	Q	-		-		-			
271	R	-		-		-			
272	C	-		-		-			
273	S	-		-		-			
274	T	-		-		-			
275	E	-		-		-			
276	V	p>=0.05		-		p>=0.05		0.380362375	
277	P	-		p>=0.05		p>=0.05			0.0006118375
278	L	-		-		-			
279	M	-		-		-			
280	C	-		-		-			
281	V	-		-		-			
282	N	-		-		-			
283	Y	p>=0.05		-		p>=0.05		0.0217409799999999	
284	D	-		-		-			
285	Q	-		-		-			
286	L	-		p>=0.05		p>=0.05			0.23404004625
287	D	-		p>=0.05		p>=0.05			0.3048064016666666
288	L	-		p<0.05	11.0	p<0.05	10.0		0.5818280050000001
289	L	p>=0.05		p<0.05	11.0	p<0.05	10.0	0.8973518	0.5870864287500001
290	F	p>=0.05		p<0.05	11.0	p<0.05	10.0	0.167708975	0.479516629
291	V	p>=0.05		p<0.05	11.0	p<0.05	10.0	0.68042324	0.479516629
292	S	p>=0.05		p<0.05	11.0	p<0.05	10.0	0.6028617	0.4078034291666666
293	K	-		p>=0.05		p>=0.05			0.1345537
294	F	p>=0.05		p>=0.05		p>=0.05		0.04923743	0.1217116
295	F	p>=0.05		-		p>=0.05		0.04923743	
296	E	-		-		-			
297	H	p>=0.05		-		p>=0.05		0.0446589999999999	
298	H	-		-		-			
299	P	-		-		-			
300	I	-		-		-			
301	P	-		-		-			
302	Q	-		-		-			
303	E	-		-		-			
304	E	-		-		-			
305	A	p>=0.05		p>=0.05		p>=0.05		0.3956969857142857	0.0696746745714285
306	S	-		p>=0.05		p>=0.05			0.1610392272380952
307	L	p>=0.05		p>=0.05		p>=0.05		0.111382908	0.267232282
308	A	p>=0.05		p>=0.05		p>=0.05		0.71427615	0.3061268526666666
309	E	p>=0.05		p<0.05	19.0	p<0.05	19.0	0.0927215	0.3737578583333333
310	T	p>=0.05		p>=0.05		p>=0.05		0.314275925	0.1962882494444444
311	A	p>=0.05		p>=0.05		p>=0.05		0.1818673233333333	0.2128517161111111
312	L	p>=0.05		p>=0.05		p>=0.05		0.1424119	0.1621396116666666
313	T	-		-		-			
314	S	-		-		-			
315	G	p>=0.05		-		p>=0.05		0.1629911	
316	S	-		p>=0.05		p>=0.05			0.1163463786666666
317	S	p>=0.05		p>=0.05		p>=0.05		0.1985536	0.2067273786666666
318	P	p>=0.05		p>=0.05		p>=0.05		0.4341340999999999	0.2487854222222222
319	S	p>=0.05		p>=0.05		p>=0.05		0.1136685666666666	0.1516499622222222
320	A	-		p>=0.05		p>=0.05			0.2054564733333333
321	P	p>=0.05		p>=0.05		p>=0.05		0.5955536333333333	0.2514510857777778
322	A	p>=0.05		p>=0.05		p>=0.05		0.251652404	0.2660232295873015
323	S	-		p>=0.05		p>=0.05			0.1202270036613756
324	D	p>=0.05		-		p>=0.05		0.1581649555555555	
325	S	-		-		-			
326	I	-		-		-			
327	G	p>=0.05		p>=0.05		p>=0.05		0.2667618	0.07844285
328	P	-		p<0.05	4.0	p<0.05	7.0		0.52221795
329	Q	p>=0.05		p<0.05	4.0	p<0.05	7.0	0.7776741	0.7964315666666667
330	I	p>=0.05		p<0.05	4.0	p<0.05	7.0	0.8151890333333334	0.8953107944444444
331	L	p>=0.05		p<0.05	4.0	p<0.05	7.0	1.09306925	0.9541291416666668
332	T	-		p<0.05	4.0	p<0.05	7.0		0.67172114375
333	S	p>=0.05		p>=0.05		p>=0.05		0.2503730375	0.2503730375
334	P	-		p>=0.05		p>=0.05			0.09364439375
335	S	-		p>=0.05		p>=0.05			0.31907075
336	P	p>=0.05		p<0.05	18.0	p<0.05	18.0	0.7012257500000001	0.4464557500000001
337	S	p>=0.05		p<0.05	18.0	p<0.05	18.0	0.7012257500000001	0.6161617666666667
338	K	p>=0.05		p<0.05	18.0	p<0.05	18.0	0.4460338	0.573629775
339	S	-		p<0.05	18.0	p<0.05	18.0		0.4460338
340	I	p>=0.05		-		p>=0.05		0.4460338	
341	P	-		-		-			
342	I	-		-		-			
343	P	-		-		-			
344	Q	-		-		-			
345	P	-		-		-			
346	F	-		-		-			
347	R	-		p>=0.05		p>=0.05			0.2256593111111111
348	P	p>=0.05		p>=0.05		p>=0.05		0.748675	0.1948842111111111
349	A	-		p>=0.05		p>=0.05			0.0613903564444444
350	D	-		-		-			
351	E	-		-		-			
352	D	p>=0.05		p>=0.05		p>=0.05		0.1352890108333333	0.0378721173611111
353	H	p>=0.05		p>=0.05		p>=0.05		0.33288655625	0.0859713996944444
354	R	-		p>=0.05		p>=0.05			0.2687167249722222
355	N	p>=0.05		p<0.05	32.0	p<0.05	15.0	0.6835249866666666	0.4960842062222221
356	Q	p>=0.05		p<0.05	32.0	p<0.05	15.0	1.014989	0.8492569933333333
357	F	-		p<0.05	32.0	p<0.05	15.0		0.74808415
358	G	p>=0.05		p<0.05	32.0	p<0.05	15.0	0.4811793	0.4811793
359	Q	-		p>=0.05		p>=0.05			0.1657236249999999
360	R	-		-		-			
361	D	-		-		-			
362	R	-		-		-			
363	S	p>=0.05		p<0.05	20.0	p<0.05	22.0	0.193689	0.9409830333333332
364	S	p<0.05	0.0	p<0.05	20.0	p<0.05	22.0	3.4099035	1.7889442777777778
365	S	p<0.05	0.0	p<0.05	20.0	p<0.05	22.0	1.7632403333333333	1.3283363333333331
366	A	p<0.05	0.0	p<0.05	20.0	p<0.05	22.0	1.2404635	0.6344806111111111
367	P	-		p<0.05	20.0	p<0.05	22.0		0.84490385
368	N	-		p>=0.05		p>=0.05			0.2539208166666667
369	V	p>=0.05		-		p>=0.05		0.2539208166666667	
370	H	p>=0.05		p>=0.05		p>=0.05		0.1956608	0.1888053055555556
371	I	p>=0.05		p>=0.05		p>=0.05		0.1168343	0.284067
372	N	p>=0.05		p>=0.05		p>=0.05		0.5397059	0.2140446266666666
373	T	-		p>=0.05		p>=0.05			0.236507924
374	I	p>=0.05		p>=0.05		p>=0.05		0.184224192	0.0137146217777777
375	E	-		-		-			
376	P	-		-		-			
377	V	-		-		-			
378	N	p>=0.05		p>=0.05		p>=0.05		0.14676542	0.1194724233333333
379	I	p>=0.05		-		p>=0.05		0.3291297	
380	D	p>=0.05		-		p>=0.05		0.2574360333333333	
381	D	-		-		-			
382	L	p>=0.05		-		p>=0.05		0.6164757	
383	I	-		-		-			
384	R	-		-		-			
385	D	-		-		-			
386	Q	-		-		-			
387	G	-		-		-			
388	F	p>=0.05		-		p>=0.05		0.5418472	
389	R	-		p>=0.05		p>=0.05			0.0807383166666666
390	G	-		-		-			
391	D	p>=0.05		p>=0.05		p>=0.05		0.1209681	0.0135509
392	G	-		p>=0.05		p>=0.05			0.0404052
393	G	-		-		-			
394	S	-		-		-			
395	T	-		-		-			
396	T	-		-		-			
397	G	-		-		-			
398	L	-		-		-			
399	S	-		-		-			
400	A	p>=0.05		-		p>=0.05		0.4865158333333333	
401	T	-		p<0.05	9.0	p<0.05	5.0		0.6677919833333333
402	P	p>=0.05		p<0.05	9.0	p<0.05	5.0	0.8490681333333333	0.8907751833333333
403	P	p>=0.05		p<0.05	9.0	p<0.05	5.0	0.9324822333333334	1.0835701222222225
404	A	p<0.05	7.0	p<0.05	9.0	p<0.05	5.0	1.46916	1.0266479888888889
405	S	p>=0.05		p>=0.05		p>=0.05		0.6783017333333333	0.2084497244444444
406	L	-		-		-			
407	P	-		-		-			
408	G	p>=0.05		-		p>=0.05		0.1897821571428571	
409	S	-		-		-			
410	L	-		-		-			
411	T	p>=0.05		-		p>=0.05		0.7098476	
412	N	-		p>=0.05		p>=0.05			0.1419967733333333
413	V	p>=0.05		-		p>=0.05		0.24050492	
414	K	-		-		-			
415	A	-		-		-			
416	L	-		-		-			
417	Q	-		-		-			
418	K	-		-		-			
419	S	-		-		-			
420	P	-		-		-			
421	G	-		p>=0.05		p>=0.05			0.1280746838888889
422	P	p>=0.05		-		p>=0.05		0.5033473	
423	Q	-		-		-			
424	R	p>=0.05		-		p>=0.05		0.44794665	
425	E	p>=0.05		p<0.05	23.0	p<0.05	29.0	0.4983608499999999	0.5237558666666667
426	R	p>=0.05		p>=0.05		p>=0.05		0.6249601	0.3110120166666667
427	K	-		p>=0.05		p>=0.05			0.28998604
428	S	p>=0.05		p>=0.05		p>=0.05		0.43528292	0.2804322066666667
429	S	p>=0.05		p<0.05	8.0	p<0.05	8.0	0.5962986	0.5886991511111112
430	S	p>=0.05		p<0.05	8.0	p<0.05	8.0	0.7345159333333333	0.5306954611111111
431	S	p>=0.05		p<0.05	8.0	p<0.05	8.0	0.26127185	0.3950573777777778
432	S	p>=0.05		-		p>=0.05		0.18938435	
433	E	p>=0.05		-		p>=0.05		0.0309955733333333	
434	D	-		-		-			
435	R	-		-		-			
436	N	-		-		-			
437	R	p>=0.05		-		p>=0.05		0.0779805833333333	
438	M	-		-		-			
439	K	-		p>=0.05		p>=0.05			0.06513535
440	T	p>=0.05		p>=0.05		p>=0.05		0.2274826666666666	0.3153790333333333
441	L	p>=0.05		p>=0.05		p>=0.05		0.4032753999999999	0.3153790333333333
442	G	-		p>=0.05		p>=0.05			0.3085844166666667
443	R	p>=0.05		p>=0.05		p>=0.05		0.4800797	0.3017898
444	R	p>=0.05		p>=0.05		p>=0.05		0.1234999	0.0996776388888888
445	D	-		-		-			
446	S	-		-		-			
447	S	-		-		-			
448	D	p>=0.05		-		p>=0.05		0.4979986	
449	D	p>=0.05		-		p>=0.05		0.96294862	
450	W	p>=0.05		p<0.05	28.0	p<0.05	20.0	0.62157705	0.7044629840000001
451	E	p>=0.05		-		p>=0.05		0.82038635	
452	I	p>=0.05		-		p>=0.05		0.7352853	
453	P	-		p>=0.05		p>=0.05			0.1078518416666666
454	D	-		p<0.05	21.0	p<0.05	0.0		0.50650393125
455	G	-		-		-			
456	Q	-		-		-			
457	I	-		-		-			
458	T	p>=0.05		-		p>=0.05		0.312159775	
459	V	p>=0.05		-		p>=0.05		0.1119501449999999	
460	G	-		-		-			
461	Q	p>=0.05		-		p>=0.05		0.1109765	
462	R	-		-		-			
463	I	p>=0.05		-		p>=0.05		0.35874037	
464	G	p>=0.05		p>=0.05		p>=0.05		0.4493442	0.0892584561111111
465	S	-		-		-			
466	G	-		-		-			
467	S	p>=0.05		-		p>=0.05		0.109796015	
468	F	-		-		-			
469	G	-		-		-			
470	T	p>=0.05		-		p>=0.05		0.322962565	
471	V	p>=0.05		p>=0.05		p>=0.05		0.254298535	0.0244353576190476
472	Y	-		-		-			
473	K	-		-		-			
474	G	-		-		-			
475	K	-		-		-			
476	W	-		-		-			
477	H	-		-		-			
478	G	-		-		-			
479	D	p>=0.05		p>=0.05		p>=0.05		0.0042205	0.0221841219999999
480	V	p<0.05	8.0	-		p<0.05	32.0	1.5301239	
481	A	p>=0.05		-		p>=0.05		0.3277946714285714	
482	V	p>=0.05		-		p>=0.05		0.7504908666666666	
483	K	-		-		-			
484	M	-		-		-			
485	L	-		-		-			
486	N	-		-		-			
487	V	-		p>=0.05		p>=0.05			0.0446151261111111
488	T	p>=0.05		p>=0.05		p>=0.05		0.0565295933333333	0.0744012941666666
489	A	p>=0.05		p>=0.05		p>=0.05		0.092272995	0.0446151261111111
490	P	-		p>=0.05		p>=0.05			0.19907310625
491	T	p>=0.05		p<0.05	6.0	p<0.05	6.0	0.6137687	0.4041933966666666
492	P	p>=0.05		p<0.05	6.0	p<0.05	6.0	0.6137687	0.4442484466666666
493	Q	-		p<0.05	6.0	p<0.05	6.0		0.4442484466666666
494	Q	-		p>=0.05		p>=0.05			0.2824204522222222
495	L	p>=0.05		p>=0.05		p>=0.05		0.10520794	0.1531111613333333
496	Q	-		p<0.05	6.0	p<0.05	6.0		0.3885612433333333
497	A	p>=0.05		p<0.05	6.0	p<0.05	6.0	0.3958751333333333	0.3885612433333333
498	F	-		p>=0.05		p>=0.05			0.1834893527777778
499	K	p<0.05	9.0	p>=0.05		p<0.05	6.0	2.617932	0.1991456353333333
500	N	-		p>=0.05		p>=0.05			0.1991456353333333
501	E	-		p>=0.05		p>=0.05			0.1499632608333334
502	V	-		p<0.05	14.0	p<0.05	6.0		0.7397572000000001
503	G	-		p>=0.05		p>=0.05			0.00416715
504	V	-		p>=0.05		p>=0.05			0.2861795666666667
505	L	p<0.05	3.0	p<0.05	14.0	p<0.05	6.0	2.024837	0.8502044000000001
506	R	-		p<0.05	14.0	p<0.05	6.0		0.8502044000000001
507	K	-		p<0.05	14.0	p<0.05	6.0		0.8502044000000001
508	T	-		p<0.05	14.0	p<0.05	6.0		0.8502044000000001
509	R	-		-		-			
510	H	-		-		-			
511	V	-		-		-			
512	N	-		-		-			
513	I	-		-		-			
514	L	-		-		-			
515	L	-		-		-			
516	F	-		-		-			
517	M	-		-		-			
518	G	p>=0.05		-		p>=0.05		0.6194043	
519	Y	-		-		-			
520	S	-		p>=0.05		p>=0.05			0.3370593485491073
521	T	p>=0.05		p<0.05	3.0	p<0.05	0.0	0.2706358571428571	0.8345814392857144
522	K	p<0.05	12.0	p>=0.05		p<0.05	0.0	2.56447	0.2864089964285715
523	P	p>=0.05		p<0.05	3.0	p<0.05	0.0	0.4806755	1.52257275
524	Q	-		p<0.05	3.0	p<0.05	0.0		1.3937914642857143
525	L	p<0.05	5.0	p>=0.05		p<0.05	0.0	2.2593845000000004	0.0903579476785715
526	A	-		-		-			
527	I	-		-		-			
528	V	-		-		-			
529	T	-		-		-			
530	Q	p>=0.05		-		p>=0.05		0.2515195	
531	W	p>=0.05		p>=0.05		p>=0.05		0.0291114999999999	0.2845680785714286
532	C	-		p<0.05	0.0	p<0.05	3.0		0.7662541333333334
533	E	p<0.05	2.0	p<0.05	0.0	p<0.05	3.0	2.1682895	0.9505397916666668
534	G	p<0.05	2.0	-		p<0.05	3.0	1.8910836666666664	
535	S	-		-		-			
536	S	p<0.05	10.0	-		p<0.05	9.0	1.203698	
537	L	-		-		-			
538	Y	-		-		-			
539	H	p>=0.05		-		p>=0.05		0.1144917666666666	
540	H	p>=0.05		-		p>=0.05		0.0421468079999999	
541	L	-		-		-			
542	H	-		-		-			
543	I	p>=0.05		p<0.05	12.0	p<0.05	28.0	0.7183233	0.5772608499999999
544	I	p<0.05	4.0	p<0.05	12.0	p<0.05	28.0	1.2697799	0.5308931282666667
545	E	p>=0.05		-		p>=0.05		0.2064484333333333	
546	T	p>=0.05		-		p>=0.05		0.4177672	
547	K	-		p<0.05	7.0	p<0.05	14.0		0.65467875
548	F	p>=0.05		p<0.05	7.0	p<0.05	14.0	0.8915903000000001	0.6613173333333333
549	E	p>=0.05		p<0.05	7.0	p<0.05	14.0	0.6745945	0.4865661039999999
550	M	p>=0.05		p<0.05	7.0	p<0.05	14.0	0.29971147	0.4667542039999999
551	I	p>=0.05		p<0.05	7.0	p<0.05	14.0	0.256428275	0.3647257366666666
552	K	p>=0.05		p>=0.05		p>=0.05		0.310505975	0.2166690219047619
553	L	p>=0.05		-		p>=0.05		0.7925308	
554	I	-		-		-			
555	D	-		-		-			
556	I	-		-		-			
557	A	-		-		-			
558	R	-		-		-			
559	Q	-		-		-			
560	T	-		-		-			
561	A	-		-		-			
562	Q	-		-		-			
563	G	-		-		-			
564	M	p>=0.05		-		p>=0.05		0.4566804249999999	
565	D	p>=0.05		-		p>=0.05		0.4139562666666666	
566	Y	-		p>=0.05		p>=0.05			0.0999277312499999
567	L	-		-		-			
568	H	-		-		-			
569	A	p>=0.05		-		p>=0.05		0.1776337	
570	K	-		-		-			
571	S	-		-		-			
572	I	-		-		-			
573	I	-		-		-			
574	H	-		-		-			
575	R	-		-		-			
576	D	-		-		-			
577	L	p>=0.05		-		p>=0.05		0.1814187333333333	
578	K	-		-		-			
579	S	-		-		-			
580	N	-		-		-			
581	N	p>=0.05		-		p>=0.05		0.3400184	
582	I	-		-		-			
583	F	-		-		-			
584	L	-		-		-			
585	H	p>=0.05		p<0.05	0.0	p<0.05	3.0	0.1781476	0.4481439502083334
586	E	p<0.05	6.0	p<0.05	0.0	p<0.05	3.0	1.3904186	0.39280687375
587	D	p>=0.05		p<0.05	0.0	p<0.05	3.0	0.1942312199999999	0.38136443875
588	L	-		p>=0.05		p>=0.05			0.0258952091666666
589	T	p>=0.05		-		p>=0.05		0.13237786	
590	V	p>=0.05		-		p>=0.05		0.43582105	
591	K	-		-		-			
592	I	-		-		-			
593	G	-		-		-			
594	D	-		-		-			
595	F	-		-		-			
596	G	-		-		-			
597	L	-		-		-			
598	A	p>=0.05		-		p>=0.05		0.3274922999999999	
599	T	-		-		-			
600	V	-		-		-			
601	K	-		-		-			
602	S	p>=0.05		-		p>=0.05		0.4044766	
603	R	p>=0.05		-		p>=0.05		0.9598986	
604	W	-		-		-			
605	S	-		-		-			
606	G	-		-		-			
607	S	p>=0.05		p<0.05	22.0	p<0.05	4.0	0.394197315	0.429368865
608	H	p>=0.05		p<0.05	22.0	p<0.05	4.0	0.464540415	0.41057681
609	Q	p>=0.05		p<0.05	22.0	p<0.05	4.0	0.3729927	0.4187665575
610	F	-		-		-			
611	E	-		-		-			
612	Q	-		-		-			
613	L	p>=0.05		-		p>=0.05		0.0337077883333333	
614	S	-		-		-			
615	G	p>=0.05		p>=0.05		p>=0.05		0.4012725	0.0878012037499999
616	S	-		-		-			
617	I	-		p>=0.05		p>=0.05			0.1283912666666666
618	L	-		p>=0.05		p>=0.05			0.1283912666666666
619	W	p>=0.05		p>=0.05		p>=0.05		0.773474	0.0284531102777777
620	M	p>=0.05		-		p>=0.05		0.6283906666666667	
621	A	-		-		-			
622	P	-		-		-			
623	E	-		-		-			
624	V	p>=0.05		-		p>=0.05		0.1263969743333333	
625	I	p>=0.05		-		p>=0.05		0.7955171	
626	R	-		-		-			
627	M	-		-		-			
628	Q	-		-		-			
629	D	-		-		-			
630	K	-		-		-			
631	N	p>=0.05		-		p>=0.05		0.3243345	
632	P	-		-		-			
633	Y	p>=0.05		p>=0.05		p>=0.05		0.6116730499999999	0.1289637279999999
634	S	p>=0.05		p<0.05	25.0	p<0.05	23.0	1.038366	0.4352716349999999
635	F	-		-		-			
636	Q	p>=0.05		-		p>=0.05		0.5529471	
637	S	-		-		-			
638	D	-		-		-			
639	V	-		-		-			
640	Y	-		-		-			
641	A	-		-		-			
642	F	-		-		-			
643	G	-		-		-			
644	I	p>=0.05		-		p>=0.05		0.03575838	
645	V	p>=0.05		-		p>=0.05		0.1136315	
646	L	p>=0.05		-		p>=0.05		0.1136315	
647	Y	-		-		-			
648	E	-		-		-			
649	L	-		-		-			
650	M	-		-		-			
651	T	-		-		-			
652	G	-		-		-			
653	Q	-		-		-			
654	L	-		-		-			
655	P	-		-		-			
656	Y	-		-		-			
657	S	p>=0.05		-		p>=0.05		0.0076312666666666	
658	N	p>=0.05		p>=0.05		p>=0.05		0.1388234633333333	0.01433445
659	I	-		-		-			
660	N	-		-		-			
661	N	-		-		-			
662	R	-		-		-			
663	D	-		-		-			
664	Q	p>=0.05		-		p>=0.05		0.02870336	
665	I	-		-		-			
666	I	-		-		-			
667	F	-		-		-			
668	M	-		-		-			
669	V	-		-		-			
670	G	p>=0.05		-		p>=0.05		0.20362095	
671	R	-		-		-			
672	G	-		-		-			
673	Y	-		-		-			
674	L	-		-		-			
675	S	-		-		-			
676	P	-		-		-			
677	D	-		-		-			
678	L	-		-		-			
679	S	-		-		-			
680	K	-		-		-			
681	V	-		-		-			
682	R	-		-		-			
683	S	-		-		-			
684	N	p>=0.05		-		p>=0.05		0.6047684	
685	C	-		-		-			
686	P	p>=0.05		-		p>=0.05		0.0390205	
687	K	p>=0.05		p<0.05	10.0	p<0.05	13.0	0.704098	0.5089782921428572
688	A	-		p<0.05	10.0	p<0.05	13.0		0.4876596670476191
689	M	p>=0.05		p<0.05	10.0	p<0.05	13.0	0.77585594	0.5235015225396826
690	K	p>=0.05		p<0.05	10.0	p<0.05	13.0	0.5169387285714285	0.6149447350396825
691	R	p>=0.05		p<0.05	10.0	p<0.05	13.0	0.4023851666666667	0.5737294794841269
692	L	p>=0.05		p<0.05	10.0	p<0.05	13.0	0.7027108	0.5779954681292516
693	M	p>=0.05		p<0.05	10.0	p<0.05	13.0	0.587679775	0.3741134171130952
694	A	p>=0.05		p<0.05	10.0	p<0.05	13.0	0.4568064666666666	0.477384444047619
695	E	p>=0.05		p<0.05	10.0	p<0.05	13.0	0.6035914	0.4675628773809523
696	C	p>=0.05		-		p>=0.05		0.3147139	
697	L	p>=0.05		p>=0.05		p>=0.05		0.2738036	0.0639787009523809
698	K	p>=0.05		-		p>=0.05		0.3336342	
699	K	-		-		-			
700	K	-		-		-			
701	R	-		-		-			
702	D	-		-		-			
703	E	-		-		-			
704	R	-		p>=0.05		p>=0.05			0.3359121686666667
705	P	p>=0.05		p>=0.05		p>=0.05		0.0917091746666666	0.0917091746666666
706	L	-		p>=0.05		p>=0.05			0.0917091746666666
707	F	-		p>=0.05		p>=0.05			0.0849458533333333
708	P	-		-		-			
709	Q	-		-		-			
710	I	-		-		-			
711	L	-		p>=0.05		p>=0.05			0.033597985
712	A	-		p>=0.05		p>=0.05			0.257618745
713	S	p>=0.05		-		p>=0.05		0.04040916	
714	I	p>=0.05		-		p>=0.05		0.9523044	
715	E	p>=0.05		-		p>=0.05		0.941044	
716	L	-		-		-			
717	L	-		-		-			
718	A	-		-		-			
719	R	p>=0.05		-		p>=0.05		0.617328	
720	S	-		-		-			
721	L	p>=0.05		p>=0.05		p>=0.05		0.3226613	0.0741900033333333
722	P	p>=0.05		p>=0.05		p>=0.05		0.23293622	0.30917594
723	K	p>=0.05		p<0.05	13.0	p<0.05	30.0	0.3719303	0.478830124
724	I	p>=0.05		p<0.05	13.0	p<0.05	30.0	0.7333114	0.6128510333333334
725	H	p>=0.05		p<0.05	13.0	p<0.05	30.0	0.7333114	0.6128510333333334
726	R	-		p<0.05	13.0	p<0.05	30.0		0.7333114
727	S	-		-		-			
728	A	-		-		-			
729	S	p>=0.05		-		p>=0.05		0.2037808333333333	
730	E	-		-		-			
731	P	p>=0.05		-		p>=0.05		0.2005229	
732	S	-		-		-			
733	L	p>=0.05		-		p>=0.05		0.15521715	
734	N	-		-		-			
735	R	p>=0.05		p>=0.05		p>=0.05		0.3717618166666667	0.1906471527777778
736	A	p>=0.05		p>=0.05		p>=0.05		0.0095324888888888	0.1599385551851852
737	G	p>=0.05		-		p>=0.05		0.09852136	
738	F	-		-		-			
739	Q	-		-		-			
740	T	-		p<0.05	24.0	p<0.05	11.0		0.43099765
741	E	p>=0.05		p>=0.05		p>=0.05		0.43099765	0.115532975
742	D	-		-		-			
743	F	-		-		-			
744	S	-		-		-			
745	L	-		-		-			
746	Y	-		-		-			
747	A	-		-		-			
748	C	-		-		-			
749	A	-		-		-			
750	S	-		-		-			
751	P	-		-		-			
752	K	p>=0.05		-		p>=0.05		0.3447754581666666	
753	T	-		-		-			
754	P	-		-		-			
755	I	-		-		-			
756	Q	-		-		-			
757	A	-		-		-			
758	G	p>=0.05		-		p>=0.05		0.193854175	
759	G	p>=0.05		p>=0.05		p>=0.05		0.41109171	0.0272140616666666
760	Y	-		p>=0.05		p>=0.05			0.1567390144444444
761	G	p>=0.05		p>=0.05		p>=0.05		0.5824290333333334	0.2996630111111111
762	A	p>=0.05		p<0.05	27.0	p<0.05	27.0	0.8398637	0.7111463666666666
763	F	-		p<0.05	27.0	p<0.05	27.0		0.8398637
764	P	-		-		-			
765	V	-		-		-			
766	H	-		-		-			
