unipos	unires	MAP2K1_Tram LFC hit	MAP2K1_Tram LFC hit cluster	MAP2K1_Tram LFC3D hit	MAP2K1_Tram LFC3D hit cluster	MAP2K1_Tram union hit	MAP2K1_Tram union hit cluster	MAP2K1_Tram_LFC	MAP2K1_Tram_LFC3D
1	M	p>=0.05		p>=0.05		p>=0.05		0.4316955	0.203353225
2	P	-		p>=0.05		p>=0.05			0.4506493833333334
3	K	p>=0.05		p>=0.05		p>=0.05		0.9452417	0.1102033166666666
4	K	-		p>=0.05		p>=0.05			0.13276025
5	K	p>=0.05		p>=0.05		p>=0.05		0.04268175	0.0294957277777777
6	P	p>=0.05		p>=0.05		p>=0.05		0.6354481333333333	0.395029081111111
7	T	p>=0.05		p<0.05	11.0	p<0.05	9.0	0.50695736	0.5037118144444445
8	P	p>=0.05		p>=0.05		p>=0.05		0.36872995	0.3192205144444444
9	I	p>=0.05		p>=0.05		p>=0.05		0.0819742333333333	0.1457132777777778
10	Q	-		-		-			
11	L	-		-		-			
12	N	p>=0.05		p>=0.05		p>=0.05		0.4732981	0.1643219577777778
13	P	p>=0.05		p<0.05	6.0	p<0.05	6.0	0.6494229233333334	0.5325219315873015
14	A	p>=0.05		p<0.05	6.0	p<0.05	6.0	0.4748447714285714	0.5668554315873017
15	P	p>=0.05		p>=0.05		p>=0.05		0.5762986	0.4189565857142857
16	D	p>=0.05		p>=0.05		p>=0.05		0.2057263857142857	0.3178176952380952
17	G	p>=0.05		p>=0.05		p>=0.05		0.1714281	0.2717229966380952
18	S	p>=0.05		p>=0.05		p>=0.05		0.4380145042	0.2681125356083333
19	A	p>=0.05		p>=0.05		p>=0.05		0.1948950026249999	0.0801926056083333
20	V	-		-		-			
21	N	p>=0.05		-		p>=0.05		0.048560285	
22	G	p>=0.05		-		p>=0.05		0.2566118	
23	T	p>=0.05		-		p>=0.05		0.0289852359999999	
24	S	-		-		-			
25	S	-		p>=0.05		p>=0.05			0.10826698275
26	A	-		p>=0.05		p>=0.05			0.096756471
27	E	-		p>=0.05		p>=0.05			0.096756471
28	T	p>=0.05		p>=0.05		p>=0.05		1.081947825	0.230654965
29	N	p>=0.05		p>=0.05		p>=0.05		0.98561454	0.2913669828571428
30	L	-		p<0.05	9.0	p<0.05	4.0		0.6402088910000001
31	E	p>=0.05		p<0.05	9.0	p<0.05	4.0	0.7516373	0.6807088918
32	A	p>=0.05		p>=0.05		p>=0.05		0.513063594	0.4039964153888888
33	L	-		-		-			
34	Q	p>=0.05		p>=0.05		p>=0.05		0.0712812	0.1187320545555555
35	K	-		-		-			
36	K	-		-		-			
37	L	p>=0.05		-		p>=0.05		0.7211021	
38	E	-		-		-			
39	E	-		p>=0.05		p>=0.05			0.0824678283333333
40	L	p>=0.05		p>=0.05		p>=0.05		0.2671171	0.2968554236111111
41	E	p>=0.05		p>=0.05		p>=0.05		0.4557073333333333	0.4235948666666667
42	L	p>=0.05		p<0.05	5.0	p<0.05	12.0	0.5479601666666667	0.6121990583333333
43	D	p>=0.05		p<0.05	5.0	p<0.05	12.0	0.5324089333333333	1.2103044333333337
44	E	p>=0.05		p<0.05	5.0	p<0.05	12.0	0.9606457	1.12246239
45	Q	p<0.05	2.0	p<0.05	5.0	p<0.05	12.0	2.2492565	1.12246239
46	Q	p<0.05	2.0	p<0.05	5.0	p<0.05	12.0	1.7612508666666666	0.8899205495238095
47	R	p>=0.05		p<0.05	5.0	p<0.05	12.0	0.10874995	0.920186309047619
48	K	-		p<0.05	5.0	p<0.05	12.0		0.9209061344444444
49	R	p>=0.05		p<0.05	5.0	p<0.05	12.0	0.06917173	0.6547125677777778
50	L	p>=0.05		p>=0.05		p>=0.05		0.74426925	0.4584305344444444
51	E	p>=0.05		p>=0.05		p>=0.05		0.59273851	0.4000118752777777
52	A	p>=0.05		p>=0.05		p>=0.05		0.6520951	0.3588787352380952
53	F	p>=0.05		p>=0.05		p>=0.05		0.5835586666666668	0.4823698488095238
54	L	-		p<0.05	0.0	p<0.05	0.0		0.5640830473809524
55	T	p>=0.05		p<0.05	0.0	p<0.05	0.0	0.112079895	0.5267380459523809
56	Q	p>=0.05		p<0.05	0.0	p<0.05	0.0	0.933609525	0.5784869245238095
57	K	p<0.05	0.0	p<0.05	0.0	p<0.05	0.0	1.31626164	0.8832513532638889
58	Q	p>=0.05		p<0.05	0.0	p<0.05	0.0	0.3313235	0.7248839996296296
59	K	p>=0.05		p<0.05	0.0	p<0.05	0.0	1.01433725	0.8486674471296296
60	V	p>=0.05		p<0.05	0.0	p<0.05	0.0	0.6416921877777778	0.6508099191534392
61	G	p>=0.05		p<0.05	0.0	p<0.05	0.0	0.85478058	0.8370959044444444
62	E	p>=0.05		p<0.05	0.0	p<0.05	0.0	0.8375736	0.5471358033333334
63	L	-		p>=0.05		p>=0.05			0.3529596183333334
64	K	p>=0.05		p>=0.05		p>=0.05		0.272252025	0.2760652676666666
65	D	p>=0.05		p>=0.05		p>=0.05		0.2600675333333333	0.3578182770833333
66	D	p>=0.05		p>=0.05		p>=0.05		0.8607994	0.2337144216666666
67	D	p>=0.05		p>=0.05		p>=0.05		0.03815415	0.4296974921428571
68	F	-		p>=0.05		p>=0.05			0.2614044345555555
69	E	p>=0.05		-		p>=0.05		0.0507993239999999	
70	K	-		-		-			
71	I	-		-		-			
72	S	-		-		-			
73	E	-		-		-			
74	L	-		-		-			
75	G	-		-		-			
76	A	-		-		-			
77	G	-		-		-			
78	N	p>=0.05		-		p>=0.05		0.2422743499999999	
79	G	p>=0.05		-		p>=0.05		0.07412506	
80	G	p>=0.05		p>=0.05		p>=0.05		0.07412506	0.3287638046875
81	V	p>=0.05		p>=0.05		p>=0.05		0.2207068666666666	0.2774145823611111
82	V	p>=0.05		p>=0.05		p>=0.05		0.0467543	0.3389581653333333
83	F	-		-		-			
84	K	p>=0.05		-		p>=0.05		0.691496	
85	V	-		-		-			
86	S	p>=0.05		-		p>=0.05		0.0827486166666666	
87	H	p>=0.05		p>=0.05		p>=0.05		0.7986261166666666	0.0921927726084655
88	K	p>=0.05		p>=0.05		p>=0.05		1.04068422	0.2622191197823129
89	P	p>=0.05		p>=0.05		p>=0.05		0.0728879	0.3429262143619047
90	S	-		p>=0.05		p>=0.05			0.2304607677981859
91	G	p>=0.05		p>=0.05		p>=0.05		0.0559684779999999	0.1619221978015872
92	L	-		-		-			
93	V	-		-		-			
94	M	-		-		-			
95	A	p>=0.05		p>=0.05		p>=0.05		0.5358290425000001	0.4450775438244048
96	R	p>=0.05		p>=0.05		p>=0.05		0.87585896	0.4525418479761905
97	K	p>=0.05		p>=0.05		p>=0.05		0.770133	0.4195383161904761
98	L	p>=0.05		p>=0.05		p>=0.05		0.97155972	0.4582375754285714
99	I	p<0.05	5.0	p<0.05	8.0	p<0.05	8.0	2.438442933333333	0.6264489013333335
100	H	p<0.05	5.0	p<0.05	8.0	p<0.05	8.0	2.30098765	1.1437655783333334
101	L	p>=0.05		p>=0.05		p>=0.05		0.9812549333333332	0.2759171819444443
102	E	p>=0.05		p>=0.05		p>=0.05		0.3598321516666666	0.1250346612499999
103	I	p>=0.05		p<0.05	10.0	p<0.05	10.0	0.63490556	0.65983171125
104	K	p>=0.05		p<0.05	10.0	p<0.05	10.0	0.6633342	0.556242727
105	P	p>=0.05		p>=0.05		p>=0.05		0.4530472	0.3317346209999999
106	A	p>=0.05		p>=0.05		p>=0.05		0.209561575	0.1967051584523809
107	I	p>=0.05		-		p>=0.05		0.8203651	
108	R	-		p>=0.05		p>=0.05			0.1489713086734694
109	N	-		p>=0.05		p>=0.05			0.2335058181972789
110	Q	-		p>=0.05		p>=0.05			0.1741285384829931
111	I	p<0.05	6.0	p>=0.05		p<0.05	0.0	1.90595953	0.0432447607369614
112	I	p>=0.05		p<0.05	0.0	p<0.05	0.0	1.0447887666666666	1.072706994546485
113	R	-		p<0.05	0.0	p<0.05	0.0		1.1567429308730155
114	E	-		p<0.05	0.0	p<0.05	0.0		1.374686362301587
115	L	p<0.05	7.0	p<0.05	0.0	p<0.05	0.0	6.718600666666666	0.9433269843518518
116	Q	p>=0.05		p<0.05	0.0	p<0.05	0.0	0.1098094	1.4326871065740745
117	V	-		p<0.05	0.0	p<0.05	0.0		2.23298394
118	L	-		p<0.05	0.0	p<0.05	0.0		1.8230286
119	H	p<0.05	0.0	p<0.05	0.0	p<0.05	0.0	3.9809495	1.2057297666666666
120	E	p<0.05	0.0	p<0.05	0.0	p<0.05	0.0	2.2668963333333334	1.2868226566666667
121	C	-		p<0.05	0.0	p<0.05	0.0		2.086362370833333
122	N	p<0.05	0.0	p<0.05	0.0	p<0.05	0.0	2.32435175	1.1987106770833331
123	S	p>=0.05		p<0.05	0.0	p<0.05	0.0	0.430342725	0.6201892743333334
124	P	p>=0.05		p>=0.05		p>=0.05		0.9482445	0.1941486554166666
125	Y	-		p>=0.05		p>=0.05			0.2415573252777777
126	I	-		p>=0.05		p>=0.05			0.2856522212585033
127	V	p<0.05	0.0	p>=0.05		p<0.05	0.0	2.0446963	0.2245455200680272
128	G	p<0.05	0.0	p<0.05	0.0	p<0.05	0.0	1.94294812	1.6830905573333332
129	F	p<0.05	0.0	p<0.05	0.0	p<0.05	0.0	3.0148076666666666	2.166479581666667
130	Y	p<0.05	0.0	p<0.05	0.0	p<0.05	0.0	2.9584688333333333	1.5184767127777778
131	G	p>=0.05		p<0.05	0.0	p<0.05	0.0	0.6427493200000001	1.359501645904762
132	A	-		p>=0.05		p>=0.05			0.0278622938095238
133	F	-		-		-			
134	Y	-		-		-			
135	S	-		-		-			
136	D	p>=0.05		-		p>=0.05		0.1766215199999999	
137	G	-		-		-			
138	E	-		p>=0.05		p>=0.05			0.0975929717037037
139	I	-		-		-			
140	S	-		-		-			
141	I	p>=0.05		p>=0.05		p>=0.05		0.4382611666666666	0.313204956031746
142	C	p>=0.05		p<0.05	0.0	p<0.05	0.0	0.7196187666666667	0.7614504727529762
143	M	p>=0.05		p<0.05	0.0	p<0.05	0.0	0.45895405	1.2660190388244046
144	E	p>=0.05		p<0.05	0.0	p<0.05	0.0	0.95404665	0.9133255573214286
145	H	-		p>=0.05		p>=0.05			0.3444516246428571
146	M	-		-		-			
147	D	-		-		-			
148	G	-		-		-			
149	G	-		-		-			
150	S	-		-		-			
151	L	-		-		-			
152	D	-		-		-			
153	Q	-		-		-			
154	V	-		-		-			
155	L	-		-		-			
156	K	p>=0.05		p>=0.05		p>=0.05		0.7703455	0.2580237225
157	K	p>=0.05		p>=0.05		p>=0.05		0.5548814	0.312429152
158	A	p>=0.05		p>=0.05		p>=0.05		0.4838578	0.2626839655555555
159	G	p>=0.05		p>=0.05		p>=0.05		0.32418086	0.2188873804761904
160	R	p>=0.05		-		p>=0.05		0.0139580333333333	
161	I	p>=0.05		-		p>=0.05		0.3137785	
162	P	-		p>=0.05		p>=0.05			0.23213125
163	E	p>=0.05		p>=0.05		p>=0.05		0.150484	0.150484
164	Q	-		p>=0.05		p>=0.05			0.150484
165	I	-		p>=0.05		p>=0.05			0.1078580701666666
166	L	-		p>=0.05		p>=0.05			0.2493213023333333
167	G	-		p>=0.05		p>=0.05			0.3877753023333333
168	K	p>=0.05		p>=0.05		p>=0.05		0.0652321403333333	0.4110460023333333
169	V	-		p>=0.05		p>=0.05			0.43206212675
170	S	p>=0.05		p>=0.05		p>=0.05		0.5322477666666666	0.3256416273999999
171	I	p>=0.05		p>=0.05		p>=0.05		0.6356581	0.2773916661666666
172	A	p>=0.05		p>=0.05		p>=0.05		0.4951105	0.2872400471428571
173	V	-		p>=0.05		p>=0.05			0.3362964016666667
174	I	p>=0.05		p>=0.05		p>=0.05		0.03614186	0.1556146448888888
175	K	p>=0.05		p>=0.05		p>=0.05		0.4186605533333333	0.0596059538666666
176	G	-		p>=0.05		p>=0.05			0.0245265141904761
177	L	-		p>=0.05		p>=0.05			0.2184296431666666
178	T	-		p>=0.05		p>=0.05			0.421765662111111
179	Y	p>=0.05		p>=0.05		p>=0.05		0.9707589333333332	0.4090959418666666
180	L	-		p>=0.05		p>=0.05			0.2573811394285714
181	R	p>=0.05		p>=0.05		p>=0.05		1.0985760333333332	0.0568313553333333
182	E	p>=0.05		p>=0.05		p>=0.05		0.5582993666666667	0.0513086346666666
183	K	-		p>=0.05		p>=0.05			0.45160407
184	H	-		p>=0.05		p>=0.05			0.0059557805555555
185	K	-		p>=0.05		p>=0.05			0.0132093066666666
186	I	p>=0.05		-		p>=0.05		0.0954903999999999	
187	M	-		-		-			
188	H	p>=0.05		-		p>=0.05		0.56295196	
189	R	-		-		-			
190	D	-		p>=0.05		p>=0.05			0.3656939183333333
191	V	p>=0.05		-		p>=0.05		0.1684358766666666	
192	K	-		p<0.05	7.0	p<0.05	2.0		0.5146523663492064
193	P	p>=0.05		-		p>=0.05		1.06586	
194	S	p<0.05	3.0	-		p<0.05	2.0	3.09382575	
195	N	p>=0.05		p>=0.05		p>=0.05		0.1886091	0.0961456762585033
196	I	-		-		-			
197	L	-		-		-			
198	V	p>=0.05		p>=0.05		p>=0.05		0.2167441542857142	0.1817692691836734
199	N	-		p<0.05	3.0	p<0.05	3.0		0.6741023375170068
200	S	-		p<0.05	3.0	p<0.05	3.0		0.6061396847222222
201	R	p<0.05	4.0	p<0.05	3.0	p<0.05	3.0	1.497177075	0.8715712597222223
202	G	p<0.05	4.0	p<0.05	3.0	p<0.05	3.0	2.345455333333333	0.8628796797619047
203	E	p<0.05	4.0	p<0.05	3.0	p<0.05	3.0	1.3963332	0.9413210987698412
204	I	p>=0.05		p>=0.05		p>=0.05		0.53622408	0.4373086928571427
205	K	p>=0.05		p>=0.05		p>=0.05		0.17763883	0.1241847904761904
206	L	-		-		-			
207	C	-		-		-			
208	D	p>=0.05		-		p>=0.05		0.5278476999999999	
209	F	p>=0.05		-		p>=0.05		0.02231236	
210	G	p>=0.05		p>=0.05		p>=0.05		0.2050538333333333	0.316062884
211	V	p>=0.05		p>=0.05		p>=0.05		0.6444493666666666	0.3316833666666667
212	S	p>=0.05		p>=0.05		p>=0.05		0.1455469	0.0631725926296296
213	G	p>=0.05		p>=0.05		p>=0.05		0.2835749	0.285969425
214	Q	-		p>=0.05		p>=0.05			0.4621174416666666
215	L	-		p>=0.05		p>=0.05			0.4621174416666666
216	I	p<0.05	1.0	p<0.05	2.0	p<0.05	5.0	1.518524	0.5254315500000001
217	D	p>=0.05		p<0.05	2.0	p<0.05	5.0	0.36328185	0.5858957124999999
218	S	p<0.05	1.0	p<0.05	2.0	p<0.05	5.0	1.2655451	0.5858957124999999
219	M	-		p<0.05	2.0	p<0.05	5.0		0.60649953
220	A	-		p<0.05	2.0	p<0.05	5.0		0.60649953
221	N	p>=0.05		-		p>=0.05		0.88327435	
222	S	-		p>=0.05		p>=0.05			0.0424736833333333
223	F	-		-		-			
224	V	-		-		-			
225	G	p>=0.05		-		p>=0.05		0.11627725	
226	T	-		-		-			
227	R	-		-		-			
228	S	-		-		-			
229	Y	-		-		-			
230	M	-		-		-			
231	S	-		-		-			
232	P	-		p>=0.05		p>=0.05			0.055661023
233	E	p>=0.05		-		p>=0.05		0.3169357	
234	R	p>=0.05		-		p>=0.05		0.39110214	
235	L	p>=0.05		p>=0.05		p>=0.05		0.176322775	0.0135061786111111
236	Q	-		p>=0.05		p>=0.05			0.0344889799444444
237	G	p>=0.05		-		p>=0.05		0.1895601466666666	
238	T	-		-		-			
239	H	-		-		-			
240	Y	-		-		-			
241	S	-		-		-			
242	V	-		-		-			
243	Q	p>=0.05		-		p>=0.05		0.46496875	
244	S	-		-		-			
245	D	-		-		-			
246	I	-		-		-			
247	W	-		-		-			
248	S	-		-		-			
249	M	-		-		-			
250	G	p>=0.05		-		p>=0.05		0.4066053	
251	L	p>=0.05		-		p>=0.05		0.0430539666666666	
252	S	-		-		-			
253	L	-		-		-			
254	V	-		-		-			
255	E	-		-		-			
256	M	-		-		-			
257	A	p>=0.05		-		p>=0.05		0.1201817499999999	
258	V	p>=0.05		-		p>=0.05		0.30436064	
259	G	-		-		-			
260	R	-		-		-			
261	Y	-		-		-			
262	P	-		-		-			
263	I	p>=0.05		-		p>=0.05		0.4827220333333333	
264	P	p>=0.05		p>=0.05		p>=0.05		0.0108226599999999	0.0361528545833333
265	P	p>=0.05		p>=0.05		p>=0.05		0.327192675	0.1992413236666666
266	P	p>=0.05		p>=0.05		p>=0.05		0.8515952	0.3279737565604166
267	D	-		p>=0.05		p>=0.05			0.3473132580261111
268	A	p>=0.05		p>=0.05		p>=0.05		0.0431162888888888	0.2646809030261111
269	K	p>=0.05		p>=0.05		p>=0.05		0.7087476500000001	0.2750482636328704
270	E	p>=0.05		p>=0.05		p>=0.05		0.2017959666666667	0.1945853664746527
271	L	p>=0.05		p>=0.05		p>=0.05		0.438433425	0.0639948607638888
272	E	p>=0.05		p>=0.05		p>=0.05		0.3268850666666666	0.1179525760555555
273	L	-		p>=0.05		p>=0.05			0.0516566353174603
274	M	-		-		-			
275	F	-		p>=0.05		p>=0.05			0.0904492657936507
276	G	p>=0.05		p>=0.05		p>=0.05		0.6015015	0.0588981293333333
277	C	p>=0.05		p>=0.05		p>=0.05		0.47334438	0.18016918
278	Q	-		p>=0.05		p>=0.05			0.1603880075
279	V	p>=0.05		p>=0.05		p>=0.05		0.2054853	0.1872157908333333
280	E	p>=0.05		p>=0.05		p>=0.05		0.4341962	0.2993774333333333
281	G	-		p>=0.05		p>=0.05			0.3107536527777778
282	D	p>=0.05		p>=0.05		p>=0.05		0.2584508	0.47939174375
283	A	p>=0.05		p<0.05	12.0	p<0.05	11.0	0.612519675	0.494456925
284	A	p>=0.05		p<0.05	12.0	p<0.05	11.0	0.6124003	0.664959515
285	E	p>=0.05		p<0.05	12.0	p<0.05	11.0	0.7984407666666666	0.9137349
286	T	p>=0.05		p<0.05	12.0	p<0.05	11.0	1.0429860333333334	0.9137349
287	P	p>=0.05		p<0.05	12.0	p<0.05	11.0	1.2011125	0.8616404625
288	P	p>=0.05		p>=0.05		p>=0.05		0.40402255	0.1855100620571429
289	R	-		-		-			
290	P	-		-		-			
291	R	-		-		-			
292	T	p>=0.05		-		p>=0.05		0.2386449	
293	P	p>=0.05		-		p>=0.05		0.3851683333333333	
294	G	p>=0.05		p<0.05	4.0	p<0.05	7.0	0.82150134	0.6186166244444444
295	R	p>=0.05		p<0.05	4.0	p<0.05	7.0	0.6491802	0.5828563966666667
296	P	p>=0.05		-		p>=0.05		0.27788765	
297	L	-		-		-			
298	S	p>=0.05		-		p>=0.05		0.46593668	
299	S	-		-		-			
300	Y	-		-		-			
301	G	-		-		-			
302	M	-		-		-			
303	D	-		-		-			
304	S	-		-		-			
305	R	p>=0.05		-		p>=0.05		0.0273827499999999	
306	P	-		-		-			
307	P	-		p>=0.05		p>=0.05			0.2583166
308	M	p>=0.05		p>=0.05		p>=0.05		0.2583166	0.1316904979166666
309	A	p>=0.05		p>=0.05		p>=0.05		0.148542775	0.2287018772222222
310	I	p>=0.05		p>=0.05		p>=0.05		0.4780646666666667	0.2456303272222222
311	F	p>=0.05		p>=0.05		p>=0.05		0.4816415777777778	0.2456303272222222
312	E	-		p>=0.05		p>=0.05			0.222445478015873
313	L	p>=0.05		p>=0.05		p>=0.05		0.34295885	0.0579259865873016
314	L	-		-		-			
315	D	p>=0.05		-		p>=0.05		0.0706501099999999	
316	Y	-		-		-			
317	I	-		-		-			
318	V	-		-		-			
319	N	-		-		-			
320	E	p>=0.05		-		p>=0.05		0.6868000666666667	
321	P	p>=0.05		p>=0.05		p>=0.05		0.003554198	0.4081259947555555
322	P	p>=0.05		p>=0.05		p>=0.05		0.5340237196	0.2885929830666666
323	P	p>=0.05		p>=0.05		p>=0.05		0.3282010316	0.4543893148444444
324	K	p>=0.05		p>=0.05		p>=0.05		0.5009431933333333	0.4030309083111111
325	L	p>=0.05		p>=0.05		p>=0.05		0.3799485	0.4321286227777777
326	P	p>=0.05		p>=0.05		p>=0.05		0.4154941749999999	0.2920264683333333
327	S	p>=0.05		p>=0.05		p>=0.05		0.4767992333333333	0.2246072116666666
328	G	p>=0.05		-		p>=0.05		0.1102714733333333	
329	V	-		-		-			
330	F	-		-		-			
331	S	-		-		-			
332	L	-		-		-			
333	E	p>=0.05		-		p>=0.05		0.9533480333333334	
334	F	-		-		-			
335	Q	-		-		-			
336	D	p>=0.05		-		p>=0.05		0.03348491	
337	F	p>=0.05		p>=0.05		p>=0.05		0.654095	0.470089385
338	V	p>=0.05		p>=0.05		p>=0.05		0.1259194333333333	0.3929009038095238
339	N	p>=0.05		p>=0.05		p>=0.05		0.5061141333333333	0.3906168377777777
340	K	p>=0.05		p>=0.05		p>=0.05		0.5475748	0.2786140360119047
341	C	p>=0.05		-		p>=0.05		0.47651275	
342	L	-		-		-			
343	I	-		-		-			
344	K	-		-		-			
345	N	-		p>=0.05		p>=0.05			0.1724119749603175
346	P	p>=0.05		p>=0.05		p>=0.05		0.8962477666666667	0.4627922255555556
347	A	p>=0.05		p>=0.05		p>=0.05		1.183069666666667	0.4623569206666666
348	E	p>=0.05		p>=0.05		p>=0.05		0.23213085	0.4623569206666666
349	R	p>=0.05		p>=0.05		p>=0.05		0.2301911	0.3968170363945578
350	A	p>=0.05		p>=0.05		p>=0.05		0.1047415999999999	0.274211621875
351	D	p>=0.05		p>=0.05		p>=0.05		0.2143389875	0.3317697180555555
352	L	-		p>=0.05		p>=0.05			0.4813073513888888
353	K	p>=0.05		p<0.05	1.0	p<0.05	1.0	0.6762285666666666	0.5252943260416667
354	Q	-		p>=0.05		p>=0.05			0.4411837808333333
355	L	p>=0.05		p<0.05	1.0	p<0.05	1.0	0.5533545	0.6289461055555555
356	M	p>=0.05		p<0.05	1.0	p<0.05	1.0	0.65725525	0.6289461055555555
357	V	-		p<0.05	1.0	p<0.05	1.0		0.605304875
358	H	-		p>=0.05		p>=0.05			0.283588
359	A	p>=0.05		p>=0.05		p>=0.05		0.4859485166666666	0.0691100833333333
360	F	-		p>=0.05		p>=0.05			0.0437954766666667
361	I	-		p>=0.05		p>=0.05			0.02610685
362	K	-		p>=0.05		p>=0.05			0.02610685
363	R	-		p>=0.05		p>=0.05			0.0764064305555555
364	S	p>=0.05		p>=0.05		p>=0.05		0.5658460000000001	0.2384259183333333
365	D	p>=0.05		p>=0.05		p>=0.05		0.32516575	0.2384259183333333
366	A	p>=0.05		p>=0.05		p>=0.05		0.787746	0.30496057
367	E	p>=0.05		p<0.05	3.0	p<0.05	3.0	0.787746	0.6166259374999999
368	E	-		p<0.05	3.0	p<0.05	3.0		0.6379465666666666
369	V	p>=0.05		p<0.05	3.0	p<0.05	3.0	0.4881471333333333	0.5413280111111111
370	D	p>=0.05		p<0.05	3.0	p<0.05	3.0	0.3251067	0.5387957833333333
371	F	p>=0.05		p<0.05	3.0	p<0.05	3.0	0.8107302	0.9001276933333333
372	A	p>=0.05		p<0.05	3.0	p<0.05	3.0	0.5311991	0.885489751388889
373	G	-		p<0.05	3.0	p<0.05	3.0		0.5556786666666667
374	W	-		p<0.05	3.0	p<0.05	3.0		0.6540915666666667
375	L	-		p<0.05	3.0	p<0.05	3.0		0.6540915666666667
376	C	-		p>=0.05		p>=0.05			0.4466079362499999
377	S	p>=0.05		p>=0.05		p>=0.05		0.6203454	0.4851052066666666
378	T	-		p>=0.05		p>=0.05			0.4851052066666666
379	I	p>=0.05		p>=0.05		p>=0.05		0.7536183	0.4466079362499999
380	G	p>=0.05		p>=0.05		p>=0.05		0.08135192	0.4466079362499999
381	L	p>=0.05		p>=0.05		p>=0.05		0.331116125	0.3886954483333333
382	N	-		p>=0.05		p>=0.05			0.331116125
383	Q	-		-		-			
384	P	-		-		-			
385	S	-		-		-			
386	T	-		-		-			
387	P	-		p<0.05	3.0	p<0.05	3.0		1.497177075
388	T	-		p<0.05	3.0	p<0.05	3.0		2.345455333333333
389	H	-		p<0.05	3.0	p<0.05	3.0		0.5964430374999999
390	A	p>=0.05		p>=0.05		p>=0.05		0.5964430374999999	0.2260077830555555
391	A	-		p>=0.05		p>=0.05			0.2260077830555555
392	G	p>=0.05		p>=0.05		p>=0.05		0.0870251283333333	0.1944278320643939
393	V	p>=0.05		p>=0.05		p>=0.05		0.099687979090909	0.0933565537121212
