residue	AA	domain	LFC3D_pos	persistence	sig001	pLDDT	AM_mean	edits	flag
11	W	ABD(1-108)	0.425	3/4		91.8	0.969	W11R	NOVEL-CAND
16	M	ABD(1-108)	0.605	3/4	Y	93.4	0.949	M16P;M16S;M16V	NOVEL-CAND
57	P	ABD(1-108)	0.678	3/4	Y	95.8	0.927	bystander/none	NOVEL-CAND
64	D	ABD(1-108)	0.64	4/4	Y	94.4	0.393	D64N	NOVEL-CAND
65	E	ABD(1-108)	0.556	4/4	Y	95.3	0.518	E65K	NOVEL-CAND
66	S	ABD(1-108)	0.556	4/4	Y	94.8	0.265	S66P	LIKELY-FP(AMbenign)
67	S	ABD(1-108)	0.556	4/4	Y	95.9	0.406	Y67P	NOVEL-CAND
68	Y	ABD(1-108)	0.506	3/4	Y	97.1	0.961	S68H;Y68H	NOVEL-CAND
71	V	ABD(1-108)	0.557	3/4	Y	97.3	0.759	V71A;V71I	NOVEL-CAND
72	S	ABD(1-108)	0.378	3/4		97.7	0.811	S72G;S72N	NOVEL-CAND
79	R	ABD(1-108)	0.569	3/4	Y	93.8	0.508	E79K;R79K	NOVEL-CAND
80	E	ABD(1-108)	1.008	4/4	Y	93.4	0.966	E80K;E80R	NOVEL-CAND
81	E	ABD(1-108)	0.976	4/4	Y	95.0	0.9	R81K	NOVEL-CAND
82	F	ABD(1-108)	0.571	4/4	Y	94.3	0.951	F82L	NOVEL-CAND
103	E	ABD(1-108)	0.516	4/4	Y	95.8	0.927	E103G;E103V	NOVEL-CAND
110	E	linker	0.279	3/4		92.3	0.991	E110K;K110E;K110G;R110H	NOVEL-CAND
111	K	linker	0.325	3/4		92.0	0.945	E111G;E111R	NOVEL-CAND
112	I	linker	0.497	3/4	Y	92.4	0.724	I112V	NOVEL-CAND
113	L	linker	0.507	3/4	Y	94.2	0.728	L113F	NOVEL-CAND
114	N	linker	0.507	3/4	Y	94.8	0.76	N114D;N114L	NOVEL-CAND
115	R	linker	0.399	3/4		92.6	0.809	bystander/none	NOVEL-CAND
137	Q	linker	0.461	3/4	Y	95.4	0.452	bystander/none	NOVEL-CAND
287	L	RBD(187-289)	0.553	4/4	Y	95.7	0.934	L287S	NOVEL-CAND
288	M	RBD(187-289)	0.544	4/4	Y	93.6	0.746	M288I;M288T;M288V	NOVEL-CAND
289	A	RBD(187-289)	0.411	4/4		94.1	0.536	A289T	NOVEL-CAND
290	K	linker	0.426	3/4	Y	95.0	0.822	bystander/none	NOVEL-CAND
291	E	linker	0.381	3/4		93.7	0.521	E291G	NOVEL-CAND
292	S	linker	0.381	3/4		93.6	0.41	S292E;S292G	NOVEL-CAND
293	L	linker	0.404	3/4		94.6	0.797	L293F	NOVEL-CAND
295	S	linker	0.396	3/4		93.7	0.196	S295F;S295Y	LIKELY-FP(AMbenign)
296	Q	linker	0.432	3/4	Y	90.6	0.367	Q296R	NOVEL-CAND
336	I	C2(330-487)	0.422	4/4		98.6	0.84	I336G;I336M;I336R	NOVEL-CAND
343	Y	C2(330-487)	0.537	3/4	Y	93.2	0.935	Y343C	NOVEL-CAND
350	D	C2(330-487)	0.359	3/4		85.2	0.975	D350G;D350N	NOVEL-CAND
351	I	C2(330-487)	0.334	3/4		87.9	0.703	I351V	NOVEL-CAND
379	S	C2(330-487)	0.524	4/4	Y	91.4	0.812	S379C;S379F;S379P	NOVEL-CAND
380	N	C2(330-487)	0.39	3/4		94.3	0.771	N380D	NOVEL-CAND
396	L	C2(330-487)	0.417	3/4		98.4	0.82	L396F	NOVEL-CAND
397	P	C2(330-487)	0.7	3/4	Y	98.4	0.992	P397C;P397S	NOVEL-CAND
398	R	C2(330-487)	0.549	3/4	Y	98.5	0.885	A398T;R398F;R398H;R398L	NOVEL-CAND
410	K	C2(330-487)	0.407	3/4		89.9	0.938	K410E	NOVEL-CAND
412	R	C2(330-487)	0.561	3/4	Y	71.5	0.947	R412Q	NOVEL-CAND
413	K	C2(330-487)	0.672	4/4	Y	68.3	0.937	K413E;K413R	LIKELY-FP(lowpLDDT)
414	G	C2(330-487)	0.623	4/4	Y	73.8	0.886	G414K;G414S	NOVEL-CAND
415	A	C2(330-487)	0.534	4/4	Y	74.7	0.616	A415V	NOVEL-CAND
444	N	C2(330-487)	0.537	3/4	Y	98.2	0.342	bystander/none	NOVEL-CAND
467	N	C2(330-487)	0.51	3/4	Y	91.6	0.387	bystander/none	NOVEL-CAND
468	K	C2(330-487)	1.577	3/4	Y	92.5	0.829	bystander/none	NOVEL-CAND
469	E	C2(330-487)	1.577	4/4	Y	92.8	0.938	bystander/none	NOVEL-CAND
470	T	C2(330-487)	1.643	4/4	Y	95.7	0.618	T470I;T470L	NOVEL-CAND
471	P	C2(330-487)	0.691	3/4	Y	96.8	0.969	P471I;P471S	NOVEL-CAND
508	Y	linker	0.377	3/4		58.7	0.363	Y508C;Y508F;Y508H;Y508S	LIKELY-FP(lowpLDDT)
542	E	helical(517-694)	0.612	3/4	Y	90.8	0.903	E542G;E542K;E542V	TP-activating
543	I	helical(517-694)	0.849	4/4	Y	93.4	0.813	I543E;I543G;I543T;I543V	NOVEL-CAND
544	T	helical(517-694)	1.589	4/4	Y	95.1	0.837	T544A	NOVEL-CAND
545	E	helical(517-694)	1.905	4/4	Y	94.1	0.975	E545K	TP-activating
546	Q	helical(517-694)	1.619	4/4	Y	95.0	0.838	Q546E	NOVEL-CAND
547	E	helical(517-694)	1.044	4/4	Y	96.4	0.973	E547Q	NOVEL-CAND
548	K	helical(517-694)	1.046	4/4	Y	96.9	0.949	bystander/none	NOVEL-CAND
591	P	helical(517-694)	0.611	4/4	Y	98.4	0.39	P591L;P591S	NOVEL-CAND
640	K	helical(517-694)	0.482	3/4	Y	98.1	0.951	K640E	NOVEL-CAND
641	Y	helical(517-694)	0.498	3/4	Y	97.9	0.878	Y641C;Y641R	NOVEL-CAND
725	D	linker	0.84	4/4	Y	93.4	0.728	D725G;D725K;D725N;D725R;K725G	NOVEL-CAND
726	E	linker	0.957	4/4	Y	94.6	0.659	E726A;E726G;E726K;E726N;E726R	TP-activating
727	T	linker	0.407	4/4		94.4	0.369	T727A;T727E;T727G;T727I	NOVEL-CAND
743	D	linker	0.525	3/4	Y	89.3	0.948	D743G;D743N	NOVEL-CAND
826	N	kinase(797-1068)	0.401	4/4		91.9	0.432	N826D;N826Q;N826R;N826S	NOVEL-CAND
828	G	kinase(797-1068)	0.409	3/4		93.0	0.957	bystander/none	NOVEL-CAND
830	D	kinase(797-1068)	0.579	3/4	Y	95.0	0.983	D830G;D830L;D830N	NOVEL-CAND
868	G	kinase(797-1068)	0.615	3/4	Y	58.9	0.934	G868S;G868T	LIKELY-FP(lowpLDDT)
940	H	kinase(797-1068)	0.453	4/4	Y	68.6	0.991	H940R;H940Y;K940G	LIKELY-FP(lowpLDDT)
941	K	kinase(797-1068)	0.412	4/4		58.5	0.899	K941E;K941G	LIKELY-FP(lowpLDDT)
944	K	kinase(797-1068)	0.378	3/4		58.8	0.983	K944R	LIKELY-FP(lowpLDDT)
950	E	kinase(797-1068)	0.773	4/4	Y	57.1	0.999	E950G	LIKELY-FP(lowpLDDT)
951	R	kinase(797-1068)	0.773	3/4	Y	65.2	0.989	R951C	LIKELY-FP(lowpLDDT)
957	T	kinase(797-1068)	0.453	4/4	Y	87.6	0.978	T957A;T957R	NOVEL-CAND
958	Q	kinase(797-1068)	0.685	3/4	Y	90.4	0.546	Q958A;Q958R;Q958T	NOVEL-CAND
959	D	kinase(797-1068)	0.449	3/4	Y	92.1	0.999	D959G;D959N	NOVEL-CAND
969	Q	kinase(797-1068)	1.588	4/4	Y	87.5	0.24	Q969G;Q969R	LIKELY-FP(AMbenign)
970	E	kinase(797-1068)	0.673	4/4	Y	90.6	0.532	E970G;E970Q	NOVEL-CAND
1000	N	kinase(797-1068)	0.397	3/4		98.1	0.746	bystander/none	NOVEL-CAND
1005	M	kinase(797-1068)	0.391	3/4		97.9	0.955	M1005D;M1005I;M1005L;M1005T	NOVEL-CAND
1007	G	kinase(797-1068)	0.68	3/4	Y	90.3	0.843	G1007I;G1007R;G1007S	NOVEL-CAND
1008	S	kinase(797-1068)	0.665	4/4	Y	91.8	0.797	S1008P	NOVEL-CAND
1009	G	kinase(797-1068)	0.64	3/4	Y	89.6	0.947	G1009D;G1009R	NOVEL-CAND
1022	I	kinase(797-1068)	0.4	3/4		95.6	0.88	bystander/none	NOVEL-CAND
1024	K	kinase(797-1068)	0.424	3/4		94.1	0.86	bystander/none	NOVEL-CAND
