unipos	unires	PIK3CA_Tram LFC hit	PIK3CA_Tram LFC hit cluster	PIK3CA_Tram LFC3D hit	PIK3CA_Tram LFC3D hit cluster	PIK3CA_Tram union hit	PIK3CA_Tram union hit cluster	PIK3CA_Tram_LFC	PIK3CA_Tram_LFC3D
1	M	p>=0.05		p<0.05	37.0	p<0.05	37.0	0.23658405	0.543031275
2	P	p>=0.05		p>=0.05		p>=0.05		0.8494785	0.018651725
3	P	p>=0.05		-		p>=0.05		0.8494785	
4	R	-		-		-			
5	P	-		-		-			
6	S	-		-		-			
7	S	-		-		-			
8	G	-		-		-			
9	E	-		-		-			
10	L	p>=0.05		p>=0.05		p>=0.05		0.6604866666666667	0.1806236272108843
11	W	p>=0.05		p<0.05	45.0	p<0.05	40.0	0.8388271666666667	0.4250763958333333
12	G	-		p<0.05	45.0	p<0.05	40.0		0.4585315083333333
13	I	p>=0.05		p>=0.05		p>=0.05		0.07823585	0.0958592817460317
14	H	-		-		-			
15	L	p>=0.05		-		p>=0.05		0.614897	
16	M	p>=0.05		p<0.05	46.0	p<0.05	21.0	0.6824061666666666	0.6053008738888889
17	P	p>=0.05		p<0.05	46.0	p<0.05	21.0	0.518599455	0.3302567591666667
18	P	p>=0.05		p>=0.05		p>=0.05		0.4803444549999999	0.1472430675
19	R	-		p>=0.05		p>=0.05			0.174298454
20	I	p>=0.05		-		p>=0.05		0.28252	
21	L	-		-		-			
22	V	-		-		-			
23	E	-		-		-			
24	C	-		-		-			
25	L	-		-		-			
26	L	-		-		-			
27	P	-		-		-			
28	N	-		-		-			
29	G	-		-		-			
30	M	p>=0.05		-		p>=0.05		0.21147217	
31	I	-		-		-			
32	V	-		-		-			
33	T	-		-		-			
34	L	-		-		-			
35	E	-		-		-			
36	C	-		-		-			
37	L	-		-		-			
38	R	-		-		-			
39	E	-		-		-			
40	A	-		-		-			
41	T	-		-		-			
42	L	-		-		-			
43	I	-		-		-			
44	T	-		-		-			
45	I	-		-		-			
46	K	-		-		-			
47	H	p>=0.05		p>=0.05		p>=0.05		0.1526905033333333	0.1983998302777777
48	E	p>=0.05		p>=0.05		p>=0.05		0.4997407333333333	0.1983998302777777
49	L	p>=0.05		p>=0.05		p>=0.05		0.34369768	0.2156556477083333
50	F	p>=0.05		p>=0.05		p>=0.05		0.2963941	0.3045615361111111
51	K	-		p<0.05	1.0	p<0.05	1.0		0.3349357426666667
52	E	p>=0.05		p>=0.05		p>=0.05		0.2674231	0.293734495
53	A	p>=0.05		p>=0.05		p>=0.05		0.2674231	0.293734495
54	R	-		p<0.05	1.0	p<0.05	1.0		0.41039315
55	K	-		p>=0.05		p>=0.05			0.2674231
56	Y	-		p>=0.05		p>=0.05			0.2674231
57	P	-		p<0.05	34.0	p<0.05	45.0		0.678189775
58	L	p>=0.05		p>=0.05		p>=0.05		0.6600463	0.1048402625
59	H	p>=0.05		-		p>=0.05		0.69633325	
60	Q	p>=0.05		-		p>=0.05		0.7528925	
61	L	-		-		-			
62	L	-		-		-			
63	Q	-		-		-			
64	D	p>=0.05		p<0.05	7.0	p<0.05	8.0	0.4025723925	0.6396172147916667
65	E	p>=0.05		p<0.05	7.0	p<0.05	8.0	0.7772584666666666	0.5557105618333333
66	S	p>=0.05		p<0.05	7.0	p<0.05	8.0	0.6851035999999999	0.5557105618333333
67	S	p>=0.05		p<0.05	7.0	p<0.05	8.0	0.6935344	0.5557105618333333
68	Y	p>=0.05		p<0.05	7.0	p<0.05	8.0	0.22008395	0.5055970676190477
69	I	-		p>=0.05		p>=0.05			0.1864272325
70	F	-		p>=0.05		p>=0.05			0.1128219822222222
71	V	p>=0.05		p<0.05	20.0	p<0.05	20.0	0.0095073499999999	0.5568431421428571
72	S	-		p<0.05	20.0	p<0.05	20.0		0.3780244569047619
73	V	-		-		-			
74	T	-		-		-			
75	Q	-		-		-			
76	E	-		-		-			
77	A	-		-		-			
78	E	-		-		-			
79	R	p<0.05	0.0	p<0.05	20.0	p<0.05	20.0	1.7993443333333332	0.56895169875
80	E	p<0.05	0.0	p<0.05	20.0	p<0.05	20.0	1.6044126666666667	1.007919275
81	E	p<0.05	0.0	p<0.05	20.0	p<0.05	20.0	1.994276	0.9762472291666666
82	F	p>=0.05		p<0.05	20.0	p<0.05	20.0	0.2967929	0.5712856499999999
83	F	p>=0.05		p>=0.05		p>=0.05		0.2967929	0.25637
84	D	p>=0.05		p>=0.05		p>=0.05		0.2590591	0.206049295
85	E	p>=0.05		-		p>=0.05		0.1728351	
86	T	p>=0.05		-		p>=0.05		0.0047664749999999	
87	R	p>=0.05		-		p>=0.05		0.06097515	
88	R	-		-		-			
89	L	-		p>=0.05		p>=0.05			0.0587569749999999
90	C	-		p>=0.05		p>=0.05			0.1300898625
91	D	p>=0.05		p<0.05	16.0	p<0.05	16.0	0.281019	0.4103617833333333
92	L	p>=0.05		p<0.05	16.0	p<0.05	16.0	0.5469628	0.3384603124999999
93	R	p>=0.05		p>=0.05		p>=0.05		0.40310355	0.0940976348571428
94	L	p>=0.05		p>=0.05		p>=0.05		0.1227559	0.0823593163333333
95	F	p>=0.05		p>=0.05		p>=0.05		0.1227559	0.078233621047619
96	Q	-		p>=0.05		p>=0.05			0.1584705588888889
97	P	-		-		-			
98	F	p>=0.05		-		p>=0.05		0.2298998766666666	
99	L	p>=0.05		-		p>=0.05		0.1963724	
100	K	p>=0.05		-		p>=0.05		0.1644846533333333	
101	V	p>=0.05		-		p>=0.05		0.26314109	
102	I	p>=0.05		p<0.05	7.0	p<0.05	8.0	0.51585039	0.3292848193333333
103	E	p>=0.05		p<0.05	7.0	p<0.05	8.0	0.9007151666666667	0.5160772141666666
104	P	p>=0.05		p<0.05	7.0	p<0.05	8.0	0.42765935	0.6641872583333334
105	V	-		p<0.05	7.0	p<0.05	8.0		0.42765935
106	G	-		-		-			
107	N	-		p>=0.05		p>=0.05			0.0207008637499999
108	R	-		p>=0.05		p>=0.05			0.207431741
109	E	p>=0.05		p>=0.05		p>=0.05		0.44238115	0.2431079283333333
110	E	p>=0.05		p>=0.05		p>=0.05		0.384767775	0.2793622691666667
111	K	p>=0.05		p<0.05	8.0	p<0.05	17.0	0.95435525	0.3248736461904762
112	I	p>=0.05		p<0.05	8.0	p<0.05	17.0	0.421488865	0.4965406038888889
113	L	-		p<0.05	8.0	p<0.05	17.0		0.5073724946666667
114	N	p>=0.05		p<0.05	8.0	p<0.05	17.0	0.9184193333333334	0.5073724946666667
115	R	-		p<0.05	8.0	p<0.05	17.0		0.3992464827777778
116	E	-		p<0.05	8.0	p<0.05	17.0		0.3881252916666667
117	I	-		-		-			
118	G	-		p>=0.05		p>=0.05			0.2553889208333333
119	F	-		-		-			
120	A	-		p>=0.05		p>=0.05			0.0201772972222222
121	I	p>=0.05		p>=0.05		p>=0.05		0.0345224166666666	0.0734214722222222
122	G	-		p>=0.05		p>=0.05			0.2674357291666667
123	M	p>=0.05		p<0.05	30.0	p<0.05	28.0	0.4053692	0.3611697454166667
124	P	p>=0.05		p>=0.05		p>=0.05		0.155308865	0.1720242414761904
125	V	p>=0.05		p>=0.05		p>=0.05		0.23834091	0.1608486582761904
126	C	p>=0.05		p>=0.05		p>=0.05		0.0379107657142857	0.185730748563492
127	E	p>=0.05		p>=0.05		p>=0.05		0.0231914666666666	0.1626414035306122
128	F	p>=0.05		p>=0.05		p>=0.05		0.3494912839999999	0.1638634932857142
129	D	p>=0.05		p>=0.05		p>=0.05		0.3101412	0.1489680099428571
130	M	p>=0.05		p>=0.05		p>=0.05		0.0241053333333333	0.1767323209999999
131	V	-		-		-			
132	K	-		-		-			
133	D	-		p>=0.05		p>=0.05			0.066185063
134	P	p>=0.05		p>=0.05		p>=0.05		0.4666269	0.160050506111111
135	E	p>=0.05		p>=0.05		p>=0.05		0.346801725	0.2926076558333333
136	V	p>=0.05		p>=0.05		p>=0.05		0.6607548	0.2926076558333333
137	Q	-		p<0.05	15.0	p<0.05	31.0		0.46114909
138	D	p>=0.05		p<0.05	15.0	p<0.05	31.0	0.6235021	0.3272099379166667
139	F	p>=0.05		p>=0.05		p>=0.05		0.229589465	0.2560875985185185
140	R	p>=0.05		p>=0.05		p>=0.05		0.4396195499999999	0.1528258824999999
141	R	-		p>=0.05		p>=0.05			0.145277406875
142	N	-		p>=0.05		p>=0.05			0.118436815
143	I	-		p>=0.05		p>=0.05			0.0059234597916666
144	L	-		-		-			
145	N	p>=0.05		-		p>=0.05		0.1017145233333333	
146	V	-		-		-			
147	C	-		-		-			
148	K	-		p>=0.05		p>=0.05			0.0071388388888889
149	E	-		p>=0.05		p>=0.05			0.1410129683333333
150	A	p>=0.05		p>=0.05		p>=0.05		0.30995235	0.2118763726530612
151	V	p>=0.05		p>=0.05		p>=0.05		0.80025805	0.221192052
152	D	p>=0.05		p>=0.05		p>=0.05		0.9049593	0.123515132
153	L	-		p>=0.05		p>=0.05			0.1921278533333334
154	R	-		-		-			
155	D	-		-		-			
156	L	-		-		-			
157	N	-		-		-			
158	S	-		-		-			
159	P	-		-		-			
160	H	-		-		-			
161	S	-		-		-			
162	R	-		-		-			
163	A	-		-		-			
164	M	-		-		-			
165	Y	-		-		-			
166	V	-		-		-			
167	Y	p>=0.05		-		p>=0.05		0.4586548	
168	P	-		-		-			
169	P	-		p>=0.05		p>=0.05			0.16787555
170	N	p>=0.05		-		p>=0.05		0.3632693	
171	V	-		-		-			
172	E	-		-		-			
173	S	p>=0.05		p>=0.05		p>=0.05		0.2894365857142857	0.0550634089285714
174	S	p>=0.05		p>=0.05		p>=0.05		0.4929098	0.0771062119047619
175	P	-		-		-			
176	E	-		p<0.05	33.0	p<0.05	35.0		0.4929098
177	L	-		-		-			
178	P	-		p>=0.05		p>=0.05			0.2775717277777778
179	K	-		p>=0.05		p>=0.05			0.0956674555555555
180	H	p>=0.05		-		p>=0.05		0.355701	
181	I	p>=0.05		-		p>=0.05		0.0653860333333333	
182	Y	-		-		-			
183	N	-		-		-			
184	K	-		-		-			
185	L	-		-		-			
186	D	-		p>=0.05		p>=0.05			0.082407455
187	K	p>=0.05		p>=0.05		p>=0.05		0.3079932	0.082407455
188	G	-		p>=0.05		p>=0.05			0.16848334125
189	Q	p>=0.05		p>=0.05		p>=0.05		0.162579125	0.0828988064285714
190	I	-		p>=0.05		p>=0.05			0.0368508114285714
191	I	-		-		-			
192	V	-		-		-			
193	V	p>=0.05		p>=0.05		p>=0.05		0.02881649	0.14725948875
194	I	p>=0.05		p>=0.05		p>=0.05		0.02881649	0.1577557841666666
195	W	p>=0.05		-		p>=0.05		0.02881649	
196	V	-		-		-			
197	I	p>=0.05		-		p>=0.05		0.1121463	
198	V	-		-		-			
199	S	-		-		-			
200	P	-		-		-			
201	N	p>=0.05		-		p>=0.05		0.564508	
202	N	p>=0.05		-		p>=0.05		0.668926	
203	D	-		-		-			
204	K	-		-		-			
205	Q	-		-		-			
206	K	-		-		-			
207	Y	-		-		-			
208	T	-		-		-			
209	L	-		-		-			
210	K	p>=0.05		-		p>=0.05		0.0501989499999999	
211	I	p>=0.05		p>=0.05		p>=0.05		0.0501989499999999	0.0618116309999999
212	N	p>=0.05		p>=0.05		p>=0.05		0.426711	0.0367420674999999
213	H	p>=0.05		-		p>=0.05		0.2367892	
214	D	-		-		-			
215	C	-		-		-			
216	V	p>=0.05		-		p>=0.05		0.08108575	
217	P	-		-		-			
218	E	-		-		-			
219	Q	p>=0.05		-		p>=0.05		0.621496	
220	V	-		-		-			
221	I	p>=0.05		-		p>=0.05		0.1317488866666666	
222	A	-		-		-			
223	E	-		-		-			
224	A	p>=0.05		-		p>=0.05		0.0602155449999999	
225	I	p>=0.05		-		p>=0.05		0.3910113	
226	R	p>=0.05		-		p>=0.05		0.4966760999999999	
227	K	p>=0.05		p>=0.05		p>=0.05		0.44291488	0.1821474208333333
228	K	p>=0.05		p>=0.05		p>=0.05		0.2232551	0.206533796
229	T	-		p>=0.05		p>=0.05			0.0340131114285714
230	R	-		-		-			
231	S	-		-		-			
232	M	-		-		-			
233	L	-		-		-			
234	L	-		-		-			
235	S	-		-		-			
236	S	-		-		-			
237	E	p>=0.05		-		p>=0.05		0.3083461	
238	Q	p>=0.05		-		p>=0.05		0.6060666	
239	L	-		-		-			
240	K	-		p<0.05	48.0	p<0.05	47.0		0.45720635
241	L	-		p<0.05	48.0	p<0.05	47.0		0.6060666
242	C	-		-		-			
243	V	-		-		-			
244	L	-		-		-			
245	E	-		-		-			
246	Y	-		-		-			
247	Q	-		-		-			
248	G	-		-		-			
249	K	-		-		-			
250	Y	-		p>=0.05		p>=0.05			0.2324434845238095
251	I	-		p<0.05	11.0	p<0.05	5.0		0.5575352142857143
252	L	-		p<0.05	11.0	p<0.05	5.0		0.3889976155555555
253	K	p>=0.05		p>=0.05		p>=0.05		0.02154068	0.2830571733333333
254	V	-		p>=0.05		p>=0.05			0.02154068
255	C	-		p>=0.05		p>=0.05			0.2516000888888888
256	G	-		-		-			
257	C	-		p>=0.05		p>=0.05			0.2613753483333333
258	D	p>=0.05		p>=0.05		p>=0.05		0.4987007	0.282221525
259	E	-		p>=0.05		p>=0.05			0.26012069
260	Y	-		p>=0.05		p>=0.05			0.02154068
261	F	-		-		-			
262	L	-		-		-			
263	E	-		-		-			
264	K	-		-		-			
265	Y	p>=0.05		-		p>=0.05		0.2848498333333333	
266	P	-		-		-			
267	L	-		-		-			
268	S	p>=0.05		-		p>=0.05		0.1275654	
269	Q	-		-		-			
270	Y	-		-		-			
271	K	-		-		-			
272	Y	-		-		-			
273	I	-		-		-			
274	R	-		-		-			
275	S	-		-		-			
276	C	-		-		-			
277	I	-		-		-			
278	M	p>=0.05		-		p>=0.05		0.2882211	
279	L	-		-		-			
280	G	-		-		-			
281	R	p>=0.05		-		p>=0.05		0.142496095	
282	M	p>=0.05		p<0.05	25.0	p<0.05	46.0	0.45806249	0.3529573061111111
283	P	p>=0.05		p>=0.05		p>=0.05		0.4583133333333333	0.1589313245833333
284	N	p>=0.05		p<0.05	47.0	p<0.05	48.0	0.5998828	0.3623375411111111
285	L	-		p>=0.05		p>=0.05			0.2987034091666666
286	M	p>=0.05		p>=0.05		p>=0.05		0.5445736666666666	0.2449251653333333
287	L	p>=0.05		p<0.05	11.0	p<0.05	5.0	0.6008785	0.5532146984126984
288	M	p>=0.05		p<0.05	11.0	p<0.05	5.0	0.5141919285714286	0.5444707761904762
289	A	p>=0.05		p<0.05	11.0	p<0.05	5.0	0.5183419	0.4112216071428571
290	K	-		p<0.05	11.0	p<0.05	5.0		0.4263578
291	E	p>=0.05		p<0.05	11.0	p<0.05	5.0	0.3061763	0.3814177416666666
292	S	p>=0.05		p<0.05	11.0	p<0.05	5.0	0.3061763	0.3814177416666666
293	L	p>=0.05		p<0.05	11.0	p<0.05	5.0	0.5747367	0.404207325
294	Y	p>=0.05		p<0.05	11.0	p<0.05	5.0	0.35524642	0.3964029507142857
295	S	p>=0.05		p<0.05	11.0	p<0.05	5.0	0.22782883	0.3964029507142858
296	Q	p>=0.05		p<0.05	11.0	p<0.05	5.0	0.6550794	0.4324936109999999
297	L	p>=0.05		p<0.05	11.0	p<0.05	5.0	0.349576705	0.3969328387499999
298	P	-		p>=0.05		p>=0.05			0.2732881558333333
299	M	p>=0.05		p>=0.05		p>=0.05		0.1969996066666666	0.3155463033333333
300	D	p>=0.05		p>=0.05		p>=0.05		0.434093	0.0630932563095238
301	C	p>=0.05		p<0.05	38.0	p<0.05	18.0	0.3418138685714286	0.3897497028571428
302	F	p>=0.05		p<0.05	38.0	p<0.05	18.0	0.39334224	0.380498725079365
303	T	p>=0.05		p<0.05	38.0	p<0.05	18.0	0.4063400666666666	0.4126825546031746
304	M	p>=0.05		p<0.05	38.0	p<0.05	18.0	0.4383653571428571	0.4293200968253968
305	P	p>=0.05		p>=0.05		p>=0.05		0.4432548666666666	0.2247200227619047
306	S	-		p>=0.05		p>=0.05			0.0262797846666666
307	Y	-		-		-			
308	S	p>=0.05		-		p>=0.05		0.33316155	
309	R	-		-		-			
310	R	-		-		-			
311	I	-		-		-			
312	S	-		-		-			
313	T	-		-		-			
314	A	-		-		-			
315	T	-		-		-			
316	P	p>=0.05		p>=0.05		p>=0.05		0.1168034799999999	0.0395556644444444
317	Y	p>=0.05		p>=0.05		p>=0.05		0.22285878	0.0852830073333333
318	M	p>=0.05		p>=0.05		p>=0.05		0.222465036	0.2156601386666667
319	N	-		p>=0.05		p>=0.05			0.2156601386666667
320	G	p>=0.05		p>=0.05		p>=0.05		0.2016566	0.0475245235833333
321	E	p>=0.05		-		p>=0.05		0.1680660333333333	
322	T	-		-		-			
323	S	-		-		-			
324	T	p>=0.05		p>=0.05		p>=0.05		0.117500735	0.1240095783333333
325	K	-		-		-			
326	S	-		-		-			
327	L	-		-		-			
328	W	-		-		-			
329	V	p>=0.05		-		p>=0.05		0.168362	
330	I	-		-		-			
331	N	-		-		-			
332	S	p>=0.05		-		p>=0.05		0.0772977	
333	A	p>=0.05		p>=0.05		p>=0.05		0.18615425	0.1771759
334	L	p<0.05	13.0	p>=0.05		p<0.05	7.0	1.12714	0.0475252214285714
335	R	p>=0.05		p>=0.05		p>=0.05		0.7976318499999999	0.270672444
336	I	p>=0.05		p<0.05	9.0	p<0.05	9.0	0.7976318499999999	0.421539808
337	K	-		p>=0.05		p>=0.05			0.3095052842857143
338	I	p>=0.05		p>=0.05		p>=0.05		0.2651341	0.113447827312
339	L	-		p>=0.05		p>=0.05			0.0653974053119999
340	C	-		-		-			
341	A	-		-		-			
342	T	-		p<0.05	0.0	p<0.05	0.0		0.388769175
343	Y	p>=0.05		p<0.05	0.0	p<0.05	0.0	0.4060371	0.5373169875
344	V	p>=0.05		p>=0.05		p>=0.05		0.14432475	0.25866995
345	N	p>=0.05		p<0.05	24.0	p<0.05	26.0	0.225648	0.3731575666666666
346	V	p>=0.05		p>=0.05		p>=0.05		0.74949995	0.0955157499999999
347	N	-		p>=0.05		p>=0.05			0.315872522
348	I	-		p<0.05	4.0	p<0.05	2.0		0.3592833519999999
349	R	p>=0.05		p>=0.05		p>=0.05		0.7166051	0.2074656649999999
350	D	p>=0.05		p<0.05	4.0	p<0.05	2.0	0.8415796	0.3592833519999999
351	I	p>=0.05		p<0.05	4.0	p<0.05	2.0	0.9665541	0.3337786488888888
352	D	p>=0.05		p>=0.05		p>=0.05		0.7505071	0.3002034083333333
353	K	-		-		-			
354	I	p>=0.05		-		p>=0.05		0.4506905	
355	Y	p>=0.05		-		p>=0.05		0.4506905	
356	V	-		-		-			
357	R	-		-		-			
358	T	-		-		-			
359	G	-		-		-			
360	I	-		-		-			
361	Y	-		-		-			
362	H	-		-		-			
363	G	-		-		-			
364	G	-		-		-			
365	E	p<0.05	12.0	-		p<0.05	27.0	2.73192805	
366	P	-		-		-			
367	L	-		-		-			
368	C	-		-		-			
369	D	-		-		-			
370	N	-		-		-			
371	V	-		-		-			
372	N	-		-		-			
373	T	-		-		-			
374	Q	-		-		-			
375	R	-		-		-			
376	V	-		-		-			
377	P	-		-		-			
378	C	p<0.05	15.0	p<0.05	22.0	p<0.05	10.0	1.96549676	0.4196081218055556
379	S	p>=0.05		p<0.05	22.0	p<0.05	10.0	0.8173088875	0.5235348743749999
380	N	p>=0.05		p<0.05	22.0	p<0.05	10.0	0.6983728499999999	0.3903391995833333
381	P	p>=0.05		p>=0.05		p>=0.05		0.7210413	0.2090081624999999
382	R	-		p>=0.05		p>=0.05			0.31542285
383	W	-		-		-			
384	N	p>=0.05		p>=0.05		p>=0.05		0.17968	0.0181657341399999
385	E	p>=0.05		p>=0.05		p>=0.05		0.17968	0.1765414049999999
386	W	p>=0.05		p>=0.05		p>=0.05		0.08167152	0.2851637225
387	L	p>=0.05		p<0.05	9.0	p<0.05	9.0	0.08167152	0.4396516849999999
388	N	-		-		-			
389	Y	-		-		-			
390	D	-		-		-			
391	I	-		-		-			
392	Y	-		p>=0.05		p>=0.05			0.1991261028571428
393	I	p>=0.05		p<0.05	5.0	p<0.05	7.0	0.0486373	0.39064519
394	P	-		p>=0.05		p>=0.05			0.1943980283333333
395	D	p>=0.05		p>=0.05		p>=0.05		0.43281032	0.2173877583333333
396	L	p<0.05	16.0	p<0.05	5.0	p<0.05	7.0	1.303983	0.4169226373333333
397	P	p>=0.05		p<0.05	5.0	p<0.05	7.0	0.3238678666666666	0.6995993266666666
398	R	p>=0.05		p<0.05	5.0	p<0.05	7.0	0.3998796	0.5485034083333333
399	A	p>=0.05		p>=0.05		p>=0.05		0.8562648666666667	0.2253699213888889
400	A	p>=0.05		-		p>=0.05		0.6140013	
401	R	-		-		-			
402	L	-		-		-			
403	C	-		-		-			
404	L	p>=0.05		-		p>=0.05		0.1419513	
405	S	-		-		-			
406	I	-		-		-			
407	C	-		p>=0.05		p>=0.05			0.0695508516931216
408	S	-		p>=0.05		p>=0.05			0.0794338731428571
409	V	p>=0.05		p>=0.05		p>=0.05		0.4836467	0.0550251238095238
410	K	-		p<0.05	4.0	p<0.05	2.0		0.4065111875
411	G	p>=0.05		p>=0.05		p>=0.05		0.49678935	0.26404353125
412	R	p>=0.05		p<0.05	26.0	p<0.05	11.0	0.8178149	0.5606113374999999
413	K	-		p<0.05	26.0	p<0.05	11.0		0.6719403166666666
414	G	p>=0.05		p<0.05	26.0	p<0.05	11.0	0.9421052666666666	0.6233154555555555
415	A	p<0.05	11.0	p<0.05	26.0	p<0.05	11.0	1.119538	0.5335629293333334
416	K	-		p<0.05	26.0	p<0.05	11.0		0.443409185
417	E	p>=0.05		p>=0.05		p>=0.05		0.230636175	0.05460315125
418	E	-		p>=0.05		p>=0.05			0.19162991875
419	H	p>=0.05		p>=0.05		p>=0.05		0.5413031	0.2637910619047619
420	C	-		p>=0.05		p>=0.05			0.1205462914285714
421	P	p>=0.05		p>=0.05		p>=0.05		1.019353	0.0504598449999999
422	L	-		-		-			
423	A	-		-		-			
424	W	-		p>=0.05		p>=0.05			0.0544412930555555
425	G	p>=0.05		p>=0.05		p>=0.05		0.2879916	0.07481808
426	N	-		-		-			
427	I	p>=0.05		-		p>=0.05		0.0028866999999999	
428	N	-		-		-			
429	L	-		-		-			
430	F	-		-		-			
431	D	-		-		-			
432	Y	-		-		-			
433	T	-		-		-			
434	D	-		-		-			
435	T	p>=0.05		-		p>=0.05		0.129378025	
436	L	-		-		-			
437	V	-		-		-			
438	S	-		-		-			
439	G	-		p>=0.05		p>=0.05			0.062220857
440	K	p>=0.05		p<0.05	29.0	p<0.05	24.0	0.6542356666666667	0.346760778
441	M	p>=0.05		p<0.05	29.0	p<0.05	24.0	0.74295875	0.3822105713333333
442	A	p>=0.05		-		p>=0.05		0.0798543499999999	
443	L	-		-		-			
444	N	-		p<0.05	0.0	p<0.05	0.0		0.5374880441666666
445	L	p>=0.05		p>=0.05		p>=0.05		0.2145282	0.2955927571428571
446	W	-		p>=0.05		p>=0.05			0.1280779733333333
447	P	p>=0.05		-		p>=0.05		0.1185076666666666	
448	V	-		-		-			
449	P	p>=0.05		-		p>=0.05		0.2066733	
450	H	p>=0.05		p<0.05	42.0	p<0.05	22.0	0.2115976966666666	0.3924455655555555
451	G	p>=0.05		p<0.05	42.0	p<0.05	22.0	0.7590657	0.4853316983333333
452	L	-		p<0.05	42.0	p<0.05	22.0		0.4051070743333332
453	E	-		p<0.05	42.0	p<0.05	22.0		0.4240993375
454	D	p>=0.05		p>=0.05		p>=0.05		0.881457975	0.31201621875
455	L	p>=0.05		p<0.05	44.0	p<0.05	38.0	0.1999331	0.5751692937499999
456	L	p>=0.05		p>=0.05		p>=0.05		0.1999331	0.29414848
457	N	p>=0.05		p>=0.05		p>=0.05		0.3279488666666666	0.1081280233333333
458	P	p>=0.05		-		p>=0.05		0.39860785	
459	I	p>=0.05		p>=0.05		p>=0.05		0.3174763	0.0851767541666666
460	G	-		-		-			
461	V	-		-		-			
462	T	-		-		-			
463	G	-		-		-			
464	S	-		-		-			
465	N	p>=0.05		p>=0.05		p>=0.05		0.4866467	0.2303418275
466	P	p>=0.05		p<0.05	0.0	p<0.05	0.0	0.532857645	0.5097521725
467	N	-		p<0.05	0.0	p<0.05	0.0		0.5097521725
468	K	-		p<0.05	0.0	p<0.05	0.0		1.5771431
469	E	-		p<0.05	0.0	p<0.05	0.0		1.5771431
470	T	p<0.05	2.0	p<0.05	0.0	p<0.05	0.0	1.5771431	1.64314255
471	P	p<0.05	2.0	p<0.05	0.0	p<0.05	0.0	1.709142	0.6913967799999999
472	C	-		p>=0.05		p>=0.05			0.09935832
473	L	-		-		-			
474	E	-		-		-			
475	L	p>=0.05		p>=0.05		p>=0.05		0.4945762	0.2586676061752381
476	E	p>=0.05		p>=0.05		p>=0.05		0.2661718	0.267987488
477	F	p>=0.05		p>=0.05		p>=0.05		0.3490923	0.0824855697222222
478	D	p>=0.05		-		p>=0.05		0.0404129499999999	
479	W	-		p>=0.05		p>=0.05			0.10494604875
480	F	-		p>=0.05		p>=0.05			0.0764173
481	S	p<0.05	9.0	p>=0.05		p<0.05	19.0	1.200271	0.0764173
482	S	-		p<0.05	39.0	p<0.05	19.0		0.34537313375
483	V	p>=0.05		p>=0.05		p>=0.05		0.7480971000000001	0.19630595875
484	V	p>=0.05		-		p>=0.05		0.6040023	
485	K	-		-		-			
486	F	-		-		-			
487	P	-		-		-			
488	D	-		-		-			
489	M	-		-		-			
490	S	-		-		-			
491	V	-		-		-			
492	I	p>=0.05		-		p>=0.05		0.2210833571428571	
493	E	-		-		-			
494	E	p>=0.05		-		p>=0.05		0.5117095	
495	H	p>=0.05		p>=0.05		p>=0.05		0.283961855	0.0721048369238095
496	A	p>=0.05		-		p>=0.05		0.2679635093999999	
497	N	-		-		-			
498	W	-		-		-			
499	S	-		-		-			
500	V	p>=0.05		-		p>=0.05		0.14311298	
501	S	p>=0.05		-		p>=0.05		0.3299480566666666	
502	R	-		-		-			
503	E	-		-		-			
504	A	p>=0.05		-		p>=0.05		0.003821062	
505	G	p>=0.05		-		p>=0.05		0.003821062	
506	F	p>=0.05		p>=0.05		p>=0.05		0.261029	0.0090577462857143
507	S	p>=0.05		p>=0.05		p>=0.05		0.1322362	0.2251339931666666
508	Y	p>=0.05		p<0.05	17.0	p<0.05	36.0	0.015765775	0.3773294394
509	S	p>=0.05		p<0.05	17.0	p<0.05	36.0	0.575232322	0.3773294394
510	H	p>=0.05		p>=0.05		p>=0.05		0.3627196	0.1754611138571428
511	A	p>=0.05		p>=0.05		p>=0.05		0.8006933	0.0211397567142857
512	G	-		-		-			
513	L	-		-		-			
514	S	-		-		-			
515	N	-		-		-			
516	R	-		-		-			
517	L	-		-		-			
518	A	p>=0.05		-		p>=0.05		0.00085336	
519	R	-		p>=0.05		p>=0.05			0.033227238175
520	D	p>=0.05		p>=0.05		p>=0.05		0.0039431631999999	0.029779485675
521	N	-		p>=0.05		p>=0.05			0.0702065085666666
522	E	p>=0.05		p>=0.05		p>=0.05		0.2196140125	0.029779485675
523	L	-		p>=0.05		p>=0.05			0.0696251375
524	R	p>=0.05		-		p>=0.05		0.0021990499999999	
525	E	p>=0.05		-		p>=0.05		0.1466431	
526	N	p>=0.05		-		p>=0.05		0.1466431	
527	D	-		-		-			
528	K	-		-		-			
529	E	-		-		-			
530	Q	-		-		-			
531	L	-		-		-			
532	K	p>=0.05		-		p>=0.05		0.203143219	
533	A	p>=0.05		-		p>=0.05		0.4469574933333333	
534	I	-		-		-			
535	S	-		-		-			
536	T	-		-		-			
537	R	-		-		-			
538	D	-		-		-			
539	P	-		-		-			
540	L	-		-		-			
541	S	-		-		-			
542	E	p<0.05	7.0	p<0.05	13.0	p<0.05	13.0	2.360448916666667	0.612128363888889
543	I	p>=0.05		p<0.05	13.0	p<0.05	13.0	0.3261867	0.8487168500000001
544	T	-		p<0.05	13.0	p<0.05	13.0		1.5890310266666667
545	E	p<0.05	6.0	p<0.05	13.0	p<0.05	13.0	3.9245115	1.9047421083333331
546	Q	p<0.05	6.0	p<0.05	13.0	p<0.05	13.0	1.917471	1.6193587756666663
547	E	p<0.05	6.0	p<0.05	13.0	p<0.05	13.0	1.917471	1.0440384326190475
548	K	-		p<0.05	13.0	p<0.05	13.0		1.0456151516666667
549	D	p>=0.05		p>=0.05		p>=0.05		0.477825445	0.0587201993749999
550	F	-		p>=0.05		p>=0.05			0.1975562324999999
551	L	-		p>=0.05		p>=0.05			0.1239234889583332
552	W	-		-		-			
553	S	p>=0.05		-		p>=0.05		0.1186702	
554	H	-		-		-			
555	R	-		-		-			
556	H	-		-		-			
557	Y	-		-		-			
558	C	-		-		-			
559	V	-		-		-			
560	T	-		-		-			
561	I	-		-		-			
562	P	p>=0.05		-		p>=0.05		0.7462215	
563	E	p>=0.05		-		p>=0.05		0.3296635666666667	
564	I	p>=0.05		-		p>=0.05		0.6815713	
565	L	-		-		-			
566	P	p>=0.05		-		p>=0.05		0.0648576499999999	
567	K	-		-		-			
568	L	-		-		-			
569	L	-		-		-			
570	L	-		-		-			
571	S	-		-		-			
572	V	p>=0.05		-		p>=0.05		0.3965330628571428	
573	K	-		p>=0.05		p>=0.05			0.1831816165714285
574	W	p>=0.05		p>=0.05		p>=0.05		0.5317092	0.1831816165714285
575	N	p>=0.05		-		p>=0.05		0.1516809549999999	
576	S	p>=0.05		-		p>=0.05		0.154982875	
577	R	-		-		-			
578	D	-		-		-			
579	E	-		-		-			
580	V	-		-		-			
581	A	-		-		-			
582	Q	-		-		-			
583	M	-		-		-			
584	Y	-		-		-			
585	C	p>=0.05		-		p>=0.05		0.11931583	
586	L	-		-		-			
587	V	-		-		-			
588	K	-		-		-			
589	D	-		-		-			
590	W	-		-		-			
591	P	p>=0.05		p<0.05	36.0	p<0.05	34.0	0.50866195	0.61105285
592	P	p>=0.05		p>=0.05		p>=0.05		0.5782750999999999	0.2895406874999999
593	I	p>=0.05		p<0.05	43.0	p<0.05	44.0	0.7753393	0.510897595
594	K	p>=0.05		p>=0.05		p>=0.05		0.179078385	0.292587422
595	P	p>=0.05		p>=0.05		p>=0.05		0.58951125	0.066831967
596	E	-		p>=0.05		p>=0.05			0.1298164780555555
597	Q	p>=0.05		p>=0.05		p>=0.05		0.1077645	0.2978402026190476
598	A	-		p>=0.05		p>=0.05			0.1917396491666666
599	M	p>=0.05		p>=0.05		p>=0.05		0.4447390333333333	0.1616308651388888
600	E	p<0.05	8.0	p>=0.05		p<0.05	4.0	1.30598255	0.2757589693055556
601	L	-		p>=0.05		p>=0.05			0.0631472597619047
602	L	-		p>=0.05		p>=0.05			0.1968997249666666
603	D	p>=0.05		-		p>=0.05		0.4960123	
604	C	p>=0.05		-		p>=0.05		0.54903805	
605	N	-		-		-			
606	Y	-		-		-			
607	P	-		-		-			
608	D	-		-		-			
609	P	-		-		-			
610	M	p>=0.05		-		p>=0.05		0.3299876	
611	V	p>=0.05		-		p>=0.05		0.5195206566666667	
612	R	-		-		-			
613	G	-		-		-			
614	F	-		-		-			
615	A	-		-		-			
616	V	-		-		-			
617	R	p>=0.05		-		p>=0.05		0.3364078	
618	C	-		-		-			
619	L	-		-		-			
620	E	p>=0.05		p>=0.05		p>=0.05		0.4038369433333333	0.1715861358333333
621	K	p>=0.05		p>=0.05		p>=0.05		0.6502134	0.1166455811111111
622	Y	-		-		-			
623	L	-		p<0.05	31.0	p<0.05	49.0		0.566267425
624	T	p>=0.05		p>=0.05		p>=0.05		0.5430236	0.1736312
625	D	-		p<0.05	2.0	p<0.05	3.0		0.32202615
626	D	-		p>=0.05		p>=0.05			0.3155082371428571
627	K	-		p<0.05	2.0	p<0.05	3.0		0.329896618
628	L	-		p>=0.05		p>=0.05			0.2356117016666666
629	S	p>=0.05		p>=0.05		p>=0.05		0.767211	0.2356117016666666
630	Q	p>=0.05		p<0.05	2.0	p<0.05	3.0	0.36137849	0.3589500525
631	Y	p>=0.05		p>=0.05		p>=0.05		0.13472916	0.303627002
632	L	p>=0.05		-		p>=0.05		0.1724815599999999	
633	I	p>=0.05		-		p>=0.05		0.0823348	
634	Q	-		-		-			
635	L	-		-		-			
636	V	-		-		-			
637	Q	-		-		-			
638	V	-		-		-			
639	L	-		-		-			
640	K	p>=0.05		p<0.05	18.0	p<0.05	25.0	0.7056169999999999	0.4815040233333332
641	Y	p>=0.05		p<0.05	18.0	p<0.05	25.0	0.7056169999999999	0.4983875299999999
642	E	p>=0.05		p>=0.05		p>=0.05		0.03327807	0.296446475
643	Q	p>=0.05		p>=0.05		p>=0.05		0.03327807	0.023666125
644	Y	p>=0.05		-		p>=0.05		0.004442235	
645	L	-		p>=0.05		p>=0.05			0.1923594008333333
646	D	p>=0.05		p>=0.05		p>=0.05		0.3802765666666666	0.2290496416666666
647	N	p>=0.05		-		p>=0.05		0.3018903	
648	L	-		-		-			
649	L	-		-		-			
650	V	-		-		-			
651	R	-		-		-			
652	F	p>=0.05		p>=0.05		p>=0.05		0.5298863	0.14588805
653	L	p>=0.05		p<0.05	35.0	p<0.05	33.0	0.4589934	0.3227035625
654	L	p>=0.05		p>=0.05		p>=0.05		0.3172076	0.296088325
655	K	-		p>=0.05		p>=0.05			0.209016878125
656	K	-		p>=0.05		p>=0.05			0.2120228657482993
657	A	p>=0.05		p>=0.05		p>=0.05		0.189627375	0.1100673950297619
658	L	p>=0.05		p>=0.05		p>=0.05		0.1416235	0.0090242943197279
659	T	p>=0.05		p>=0.05		p>=0.05		0.2355508485714285	0.001166521462585
660	N	p>=0.05		p>=0.05		p>=0.05		0.1564303866666666	0.1142771000297619
661	Q	-		-		-			
662	R	p>=0.05		p>=0.05		p>=0.05		0.560161	0.1429909716666667
663	I	p>=0.05		-		p>=0.05		0.6558425	
664	G	-		-		-			
665	H	-		-		-			
666	F	-		-		-			
667	F	-		-		-			
668	F	-		-		-			
669	W	-		-		-			
670	H	-		-		-			
671	L	-		-		-			
672	K	-		-		-			
673	S	p>=0.05		-		p>=0.05		0.1950985499999999	
674	E	-		-		-			
675	M	-		-		-			
676	H	p>=0.05		-		p>=0.05		0.0147461974999999	
677	N	p>=0.05		-		p>=0.05		0.0175374142857142	
678	K	p>=0.05		p>=0.05		p>=0.05		0.137168575	0.0159141126547619
679	T	-		p>=0.05		p>=0.05			0.021743539095238
680	V	-		p>=0.05		p>=0.05			0.1388615072312925
681	S	-		p>=0.05		p>=0.05			0.1390941528273809
682	Q	p>=0.05		p>=0.05		p>=0.05		0.4427867	0.2059144066666666
683	R	p>=0.05		p>=0.05		p>=0.05		0.3593475	0.1767802305555555
684	F	p>=0.05		p>=0.05		p>=0.05		0.1062399	0.1559701047619047
685	G	p>=0.05		p>=0.05		p>=0.05		0.1227721	0.1559701047619047
686	L	p>=0.05		-		p>=0.05		0.03110935	
687	L	-		-		-			
688	L	p>=0.05		-		p>=0.05		0.03110935	
689	E	-		-		-			
690	S	-		-		-			
691	Y	-		-		-			
692	C	-		-		-			
693	R	-		-		-			
694	A	-		-		-			
695	C	-		-		-			
696	G	-		-		-			
697	M	-		-		-			
698	Y	-		-		-			
699	L	-		-		-			
700	K	p>=0.05		-		p>=0.05		0.0417842999999999	
701	H	p>=0.05		-		p>=0.05		0.1264639333333333	
702	L	-		-		-			
703	N	p>=0.05		p>=0.05		p>=0.05		0.245636675	0.0126186947916666
704	R	p>=0.05		p>=0.05		p>=0.05		0.1624134666666666	0.0422019511904761
705	Q	p>=0.05		-		p>=0.05		0.1051320999999999	
706	V	-		-		-			
707	E	p>=0.05		-		p>=0.05		0.0166212	
708	A	-		-		-			
709	M	-		-		-			
710	E	-		-		-			
711	K	p>=0.05		-		p>=0.05		0.1204068	
712	L	-		-		-			
713	I	-		-		-			
714	N	-		-		-			
715	L	-		-		-			
716	T	p>=0.05		p>=0.05		p>=0.05		0.24928842	0.1670624748333333
717	D	p>=0.05		-		p>=0.05		0.4753097716666666	
718	I	p>=0.05		-		p>=0.05		0.4748685575	
719	L	p>=0.05		-		p>=0.05		0.002733125	
720	K	-		-		-			
721	Q	-		-		-			
722	E	p>=0.05		-		p>=0.05		0.1362557999999999	
723	K	-		p<0.05	3.0	p<0.05	15.0		0.3287603280612244
724	K	p>=0.05		p>=0.05		p>=0.05		0.1325577	0.2418043495535714
725	D	p<0.05	1.0	p<0.05	3.0	p<0.05	15.0	1.404839328571429	0.8399093428571429
726	E	p<0.05	1.0	p<0.05	3.0	p<0.05	15.0	1.8612675428571428	0.9570884842857144
727	T	p<0.05	1.0	p<0.05	3.0	p<0.05	15.0	1.42580505	0.4068469452380953
728	Q	-		p>=0.05		p>=0.05			0.0432417958333332
729	K	-		p>=0.05		p>=0.05			0.0432417958333332
730	V	p>=0.05		p>=0.05		p>=0.05		0.4491111	0.0432417958333332
731	Q	-		-		-			
732	M	-		-		-			
733	K	-		p>=0.05		p>=0.05			0.0875400642916666
734	F	-		p>=0.05		p>=0.05			0.0103355559583333
735	L	-		p>=0.05		p>=0.05			0.0628326447666666
736	V	-		p>=0.05		p>=0.05			0.0628326447666666
737	E	p>=0.05		p>=0.05		p>=0.05		0.1402930666666666	0.0635870039722222
738	Q	p>=0.05		p>=0.05		p>=0.05		0.272821	0.0846076527666666
739	M	-		p>=0.05		p>=0.05			0.2016951038666666
740	R	p>=0.05		p>=0.05		p>=0.05		0.0673588	0.1601576222222222
741	R	-		p>=0.05		p>=0.05			0.31692978125
742	P	-		p<0.05	28.0	p<0.05	6.0		0.3399271811111111
743	D	p>=0.05		p<0.05	28.0	p<0.05	6.0	0.360755425	0.5254041108333334
744	F	p>=0.05		p<0.05	28.0	p<0.05	6.0	0.5667839	0.6519827514666667
745	M	p>=0.05		p>=0.05		p>=0.05		0.0922422183333333	0.3069152095555555
746	D	p<0.05	4.0	p>=0.05		p<0.05	6.0	1.0818349	0.3069152095555555
747	A	p<0.05	4.0	p>=0.05		p<0.05	6.0	1.158297314	0.1187415220555555
748	L	-		p>=0.05		p>=0.05			0.0291330464666666
749	Q	-		-		-			
750	G	-		-		-			
751	F	-		-		-			
752	L	-		-		-			
753	S	-		-		-			
754	P	-		-		-			
755	L	-		-		-			
756	N	p>=0.05		-		p>=0.05		0.226272115	
757	P	p>=0.05		-		p>=0.05		0.20423699	
758	A	p>=0.05		p>=0.05		p>=0.05		0.0657423499999999	0.24292703
759	H	p>=0.05		-		p>=0.05		0.219682995	
760	Q	p>=0.05		-		p>=0.05		0.219682995	
761	L	-		-		-			
762	G	-		-		-			
763	N	p>=0.05		-		p>=0.05		0.56851842	
764	L	p>=0.05		p<0.05	41.0	p<0.05	41.0	0.1142815499999999	0.3263614571428571
765	R	p>=0.05		p>=0.05		p>=0.05		0.0789450657142857	0.2262798722448979
766	L	p>=0.05		p>=0.05		p>=0.05		0.37238845	0.2003205531428571
767	E	p>=0.05		p>=0.05		p>=0.05		0.1945885	0.2218303039285714
768	E	p>=0.05		p>=0.05		p>=0.05		0.2413992	0.2218303039285714
769	C	-		p>=0.05		p>=0.05			0.271811138
770	R	p>=0.05		-		p>=0.05		0.465997	
771	I	p>=0.05		-		p>=0.05		0.421922015	
772	M	p>=0.05		-		p>=0.05		0.519497892	
773	S	-		-		-			
774	S	-		-		-			
775	A	-		-		-			
776	K	p>=0.05		-		p>=0.05		0.0593082	
777	R	p>=0.05		-		p>=0.05		0.0742271	
778	P	-		-		-			
779	L	-		-		-			
780	W	-		-		-			
781	L	-		p>=0.05		p>=0.05			0.2419924188888889
782	N	p>=0.05		p>=0.05		p>=0.05		0.08468254	0.2348441305952381
783	W	p>=0.05		-		p>=0.05		0.4976738	
784	E	-		-		-			
785	N	-		-		-			
786	P	-		-		-			
787	D	p>=0.05		-		p>=0.05		0.0897542	
788	I	-		-		-			
789	M	-		-		-			
790	S	-		-		-			
791	E	-		-		-			
792	L	p>=0.05		-		p>=0.05		0.3330234	
793	L	-		-		-			
794	F	-		-		-			
795	Q	-		-		-			
796	N	-		-		-			
797	N	-		p>=0.05		p>=0.05			0.2868104855555555
798	E	p>=0.05		-		p>=0.05		0.2780751166666667	
799	I	p>=0.05		-		p>=0.05		0.3632196	
800	I	p>=0.05		-		p>=0.05		0.43294655	
801	F	p>=0.05		-		p>=0.05		0.1202725	
802	K	p>=0.05		-		p>=0.05		0.23236255	
803	N	-		-		-			
804	G	-		p>=0.05		p>=0.05			0.0079428266666666
805	D	p>=0.05		p>=0.05		p>=0.05		0.5653762	0.14864803
806	D	-		p>=0.05		p>=0.05			0.14864803
807	L	-		-		-			
808	R	-		p>=0.05		p>=0.05			0.04885331
809	Q	-		p>=0.05		p>=0.05			0.0158765424999999
810	D	p>=0.05		p>=0.05		p>=0.05		0.02088728	0.2267433727777777
811	M	p>=0.05		p>=0.05		p>=0.05		0.07681934	0.1388759805555555
812	L	-		p>=0.05		p>=0.05			0.1793020588888888
813	T	p>=0.05		p>=0.05		p>=0.05		0.9958787666666666	0.1904160439047619
814	L	p>=0.05		p>=0.05		p>=0.05		0.1126816666666666	0.0380194348571428
815	Q	p>=0.05		p>=0.05		p>=0.05		0.3409993	0.0969156603888888
816	I	p>=0.05		p>=0.05		p>=0.05		0.2570999539999999	0.1342248749722221
817	I	-		-		-			
818	R	-		-		-			
819	I	-		-		-			
820	M	-		-		-			
821	E	-		-		-			
822	N	p>=0.05		-		p>=0.05		0.0423178499999999	
823	I	p>=0.05		-		p>=0.05		0.0423178499999999	
824	W	-		p>=0.05		p>=0.05			0.1171230059523809
825	Q	p>=0.05		p<0.05	14.0	p<0.05	30.0	0.5933319	0.3656917392857143
826	N	p>=0.05		p<0.05	14.0	p<0.05	30.0	0.41162815	0.40142343125
827	Q	p>=0.05		p<0.05	14.0	p<0.05	30.0	0.558415825	0.4223979104166666
828	G	-		p<0.05	14.0	p<0.05	30.0		0.4090585283333333
829	L	p>=0.05		p<0.05	14.0	p<0.05	30.0	0.1262157666666666	0.5748559849999999
830	D	p>=0.05		p<0.05	14.0	p<0.05	30.0	0.7856148333333334	0.5789660249999999
831	L	p>=0.05		-		p>=0.05		0.8107016	
832	R	-		-		-			
833	M	-		-		-			
834	L	-		-		-			
835	P	-		-		-			
836	Y	-		-		-			
837	G	p>=0.05		-		p>=0.05		0.386465615	
838	C	p>=0.05		-		p>=0.05		0.09844283	
839	L	-		-		-			
840	S	-		-		-			
841	I	-		-		-			
842	G	-		-		-			
843	D	-		-		-			
844	C	-		-		-			
845	V	-		-		-			
846	G	-		-		-			
847	L	-		-		-			
848	I	-		-		-			
849	E	-		-		-			
850	V	-		-		-			
851	V	p>=0.05		-		p>=0.05		0.8135886	
852	R	-		-		-			
853	N	p>=0.05		-		p>=0.05		0.2199321	
854	S	p>=0.05		-		p>=0.05		0.2895602	
855	H	-		-		-			
856	T	-		-		-			
857	I	-		-		-			
858	M	-		-		-			
859	Q	p>=0.05		-		p>=0.05		0.4663657142857143	
860	I	p>=0.05		-		p>=0.05		0.0103311999999999	
861	Q	-		-		-			
862	C	-		-		-			
863	K	-		-		-			
864	G	p>=0.05		-		p>=0.05		0.8173735	
865	G	p>=0.05		-		p>=0.05		0.3615385299999999	
866	L	-		-		-			
867	K	p>=0.05		-		p>=0.05		0.2515768	
868	G	p>=0.05		p<0.05	21.0	p<0.05	39.0	0.9863655	0.6153512916666667
869	A	p>=0.05		p>=0.05		p>=0.05		0.608111575	0.2280933416666666
870	L	-		-		-			
871	Q	-		-		-			
872	F	-		-		-			
873	N	-		-		-			
874	S	-		p>=0.05		p>=0.05			0.0474921079999999
875	H	p>=0.05		-		p>=0.05		0.4170389375	
876	T	p>=0.05		-		p>=0.05		0.29374848	
877	L	-		-		-			
878	H	p>=0.05		-		p>=0.05		0.2498747333333333	
879	Q	p>=0.05		-		p>=0.05		0.4105376	
880	W	-		-		-			
881	L	-		-		-			
882	K	-		-		-			
883	D	-		-		-			
884	K	-		-		-			
885	N	-		-		-			
886	K	-		-		-			
887	G	p>=0.05		-		p>=0.05		0.1134908499999999	
888	E	p>=0.05		p>=0.05		p>=0.05		0.8008833	0.2124721833333333
889	I	-		-		-			
890	Y	-		-		-			
891	D	-		p>=0.05		p>=0.05			0.0129686599999999
892	A	p>=0.05		-		p>=0.05		0.353579	
893	A	p>=0.05		-		p>=0.05		0.2275874	
894	I	p>=0.05		-		p>=0.05		0.0375921	
895	D	-		-		-			
896	L	-		-		-			
897	F	-		-		-			
898	T	-		-		-			
899	R	-		-		-			
900	S	-		-		-			
901	C	-		-		-			
902	A	-		-		-			
903	G	-		-		-			
904	Y	-		-		-			
905	C	-		-		-			
906	V	-		-		-			
907	A	-		-		-			
908	T	-		-		-			
909	F	-		-		-			
910	I	-		-		-			
911	L	-		-		-			
912	G	-		-		-			
913	I	p>=0.05		-		p>=0.05		0.53991535	
914	G	p>=0.05		-		p>=0.05		0.00124986	
915	D	-		-		-			
916	R	-		-		-			
917	H	-		-		-			
918	N	-		-		-			
919	S	-		-		-			
920	N	-		-		-			
921	I	-		-		-			
922	M	-		-		-			
923	V	-		-		-			
924	K	-		-		-			
925	D	-		-		-			
926	D	-		-		-			
927	G	-		-		-			
928	Q	-		-		-			
929	L	p>=0.05		-		p>=0.05		0.8756287	
930	F	p>=0.05		-		p>=0.05		0.8756287	
931	H	-		-		-			
932	I	-		-		-			
933	D	-		p<0.05	27.0	p<0.05	29.0		0.3691644249999999
934	F	p>=0.05		p>=0.05		p>=0.05		0.3010753	0.2530720433333333
935	G	p>=0.05		p>=0.05		p>=0.05		0.4372535499999999	0.2530720433333333
936	H	-		p>=0.05		p>=0.05			0.3171703252499999
937	F	-		-		-			
938	L	-		-		-			
939	D	-		-		-			
940	H	p>=0.05		p<0.05	6.0	p<0.05	14.0	0.54647412	0.45305733
941	K	p>=0.05		p<0.05	6.0	p<0.05	14.0	0.5535375	0.4118723039999999
942	K	p>=0.05		p<0.05	6.0	p<0.05	14.0	0.4650855	0.4118723039999999
943	K	p>=0.05		p<0.05	6.0	p<0.05	14.0	0.2471322	0.4118723039999999
944	K	p>=0.05		p<0.05	6.0	p<0.05	14.0	0.2471322	0.37822185
945	F	-		p>=0.05		p>=0.05			0.1385348083333333
946	G	-		p>=0.05		p>=0.05			0.1023356777777777
947	Y	-		-		-			
948	K	-		-		-			
949	R	-		p>=0.05		p>=0.05			0.0184560611111111
950	E	p>=0.05		p<0.05	32.0	p<0.05	32.0	0.78460995	0.772626575
951	R	p>=0.05		p<0.05	32.0	p<0.05	32.0	0.7606432	0.772626575
952	V	-		-		-			
953	P	-		-		-			
954	F	-		-		-			
955	V	-		-		-			
956	L	-		p>=0.05		p>=0.05			0.1782473146666666
957	T	p<0.05	14.0	p<0.05	12.0	p<0.05	12.0	1.782648	0.4526231416333334
958	Q	p<0.05	14.0	p<0.05	12.0	p<0.05	12.0	1.480716266666667	0.684945626875
959	D	p>=0.05		p<0.05	12.0	p<0.05	12.0	0.2476574975	0.4485638465
960	F	-		p>=0.05		p>=0.05			0.2484818345833334
961	L	-		-		-			
962	I	-		-		-			
963	V	-		-		-			
964	I	-		-		-			
965	S	-		-		-			
966	K	-		-		-			
967	G	p>=0.05		-		p>=0.05		0.408699	
968	A	-		-		-			
969	Q	p<0.05	5.0	p<0.05	23.0	p<0.05	23.0	1.62795331	1.58784553
970	E	p<0.05	5.0	p<0.05	23.0	p<0.05	23.0	1.54773775	0.6727710325
971	C	-		-		-			
972	T	-		p>=0.05		p>=0.05			0.2177827262222222
973	K	-		p>=0.05		p>=0.05			0.1540394577777777
974	T	-		-		-			
975	R	-		p>=0.05		p>=0.05			0.1143205330793651
976	E	p>=0.05		-		p>=0.05		0.13669354	
977	F	p>=0.05		p>=0.05		p>=0.05		0.4727558	0.0871240550566893
978	E	p>=0.05		p>=0.05		p>=0.05		1.00892	0.2283293108571428
979	R	-		-		-			
980	F	p>=0.05		-		p>=0.05		0.1230709	
981	Q	-		-		-			
982	E	-		-		-			
983	M	-		-		-			
984	C	-		-		-			
985	Y	-		-		-			
986	K	-		-		-			
987	A	-		-		-			
988	Y	-		-		-			
989	L	-		-		-			
990	A	-		-		-			
991	I	-		-		-			
992	R	-		-		-			
993	Q	-		-		-			
994	H	-		-		-			
995	A	p>=0.05		-		p>=0.05		0.0978454999999999	
996	N	-		p>=0.05		p>=0.05			0.18068082
997	L	p>=0.05		p>=0.05		p>=0.05		0.45538205	0.298224525
998	F	p>=0.05		p>=0.05		p>=0.05		0.42888395	0.2438099133333333
999	I	p>=0.05		p>=0.05		p>=0.05		0.2107866	0.2608749913333333
1000	N	-		p<0.05	10.0	p<0.05	4.0		0.397345989047619
1001	L	p>=0.05		p>=0.05		p>=0.05		0.0261514666666666	0.2074841372222221
1002	F	p>=0.05		p>=0.05		p>=0.05		0.18317089	0.2727462288888889
1003	S	p>=0.05		p<0.05	10.0	p<0.05	4.0	0.1710644166666666	0.3388696288888889
1004	M	p>=0.05		p<0.05	10.0	p<0.05	4.0	0.2248474999999999	0.3613185819047619
1005	M	p>=0.05		p<0.05	10.0	p<0.05	4.0	0.8204564999999999	0.3911510852380951
1006	L	p>=0.05		p>=0.05		p>=0.05		0.607527	0.0826852438095237
1007	G	p>=0.05		p<0.05	10.0	p<0.05	4.0	0.9713899	0.680160938
1008	S	-		p<0.05	10.0	p<0.05	4.0		0.66464714
1009	G	p<0.05	3.0	p<0.05	10.0	p<0.05	4.0	1.2418299	0.6399748350000001
1010	M	p>=0.05		-		p>=0.05		0.58707815	
1011	P	-		-		-			
1012	E	p>=0.05		-		p>=0.05		0.3126817333333333	
1013	L	-		-		-			
1014	Q	-		-		-			
1015	S	-		p>=0.05		p>=0.05			0.1061915377777777
1016	F	p>=0.05		p>=0.05		p>=0.05		0.5881902	0.1334090595833333
1017	D	p>=0.05		p>=0.05		p>=0.05		0.1315590133333333	0.1062601476666666
1018	D	-		p>=0.05		p>=0.05			0.0849682483333332
1019	I	p>=0.05		p<0.05	19.0	p<0.05	42.0	0.215061625	0.4284779563888888
1020	A	-		p<0.05	19.0	p<0.05	42.0		0.3273963213888889
1021	Y	p<0.05	10.0	p<0.05	19.0	p<0.05	42.0	2.039567	0.366563783
1022	I	-		p<0.05	19.0	p<0.05	42.0		0.399886553
1023	R	-		p<0.05	19.0	p<0.05	42.0		0.3385116519999999
1024	K	-		p<0.05	19.0	p<0.05	42.0		0.4237234399999999
1025	T	-		-		-			
1026	L	-		-		-			
1027	A	-		-		-			
1028	L	-		-		-			
1029	D	p>=0.05		p>=0.05		p>=0.05		0.2617559	0.08497151
1030	K	-		p>=0.05		p>=0.05			0.08497151
1031	T	-		-		-			
1032	E	-		-		-			
1033	Q	-		-		-			
1034	E	-		p>=0.05		p>=0.05			0.1412579
1035	A	-		p>=0.05		p>=0.05			0.20399504
1036	L	-		p<0.05	40.0	p<0.05	43.0		0.4221127
1037	E	p>=0.05		p>=0.05		p>=0.05		0.1412579	0.0934630125
1038	Y	p>=0.05		p>=0.05		p>=0.05		0.5625401	0.0934630125
1039	F	p>=0.05		p>=0.05		p>=0.05		0.5625401	0.0934630125
1040	M	-		p>=0.05		p>=0.05			0.0934630125
1041	K	-		p>=0.05		p>=0.05			0.0775313833333333
1042	Q	-		-		-			
1043	M	-		-		-			
1044	N	-		p>=0.05		p>=0.05			0.1275948766666666
1045	D	p>=0.05		p>=0.05		p>=0.05		0.1657084	0.1657084
1046	A	p>=0.05		p>=0.05		p>=0.05		0.1657084	0.1657084
1047	H	-		p>=0.05		p>=0.05			0.1657084
1048	H	-		p>=0.05		p>=0.05			0.1657084
1049	G	-		p>=0.05		p>=0.05			0.05136783
1050	G	-		-		-			
1051	W	p>=0.05		p>=0.05		p>=0.05		0.05136783	0.05136783
1052	T	-		p>=0.05		p>=0.05			0.05136783
1053	T	-		-		-			
1054	K	-		-		-			
1055	M	-		-		-			
1056	D	-		-		-			
1057	W	-		-		-			
1058	I	-		-		-			
1059	F	-		-		-			
1060	H	-		-		-			
1061	T	-		-		-			
1062	I	-		-		-			
1063	K	-		p>=0.05		p>=0.05			0.25279655
1064	Q	-		p>=0.05		p>=0.05			0.25279655
1065	H	-		p>=0.05		p>=0.05			0.25279655
1066	A	p>=0.05		p>=0.05		p>=0.05		0.25279655	0.25279655
1067	L	-		p>=0.05		p>=0.05			0.25279655
1068	N	-		p>=0.05		p>=0.05			0.25279655
