residue	AA	domain	direction	pLDDT	LFC3D_Olap	LFC3D_Nirap	persist_runs	robust	flag
359	D	CAT	neg	93.9	-0.518	-0.991	3/4	True	novel-candidate
360	Q	CAT	neg	92.8	-0.961	-1.275	4/4	True	novel-candidate
361	H	CAT	neg	93.2	-0.714	-0.863	3/4	True	novel-candidate
362	Y	CAT	neg	96.0	-1.266	-1.046	4/4	True	novel-candidate
363	R	CAT	neg	95.0	-1.266	-1.046	4/4	True	novel-candidate
364	N	CAT	neg	94.6	-1.266	-1.046	4/4	True	novel-candidate
365	L	CAT	neg	96.6	-1.058	-0.908	3/4	True	novel-candidate
384	Q	CAT	neg	98.4	-0.984	-1.031	4/4	True	novel-candidate
385	Y	CAT	neg	98.7	-1.184	-1.086	4/4	True	novel-candidate
386	L	CAT	neg	98.8	-1.117	-0.926	4/4	True	novel-candidate
387	Q	CAT	neg	98.4	-1.395	-1.234	4/4	True	novel-candidate
388	S	CAT	neg	98.2	-1.395	-1.234	4/4	True	novel-candidate
389	T	CAT	neg	98.6	-0.975	-0.932	4/4	True	novel-candidate
390	H	CAT	neg	98.4	-1.083	-0.99	4/4	True	novel-candidate
391	A	CAT	neg	97.7	-1.803	-1.764	4/4	True	novel-candidate
392	P	CAT	neg	96.0	-4.225	-3.646	3/4	True	novel-candidate
393	T	CAT	neg	95.8	-4.225	-3.646	4/4	True	novel-candidate
394	H	CAT	neg	96.3	-3.184	-2.683	4/4	True	novel-candidate
395	S	CAT	neg	95.6	-2.623	-2.192	4/4	True	novel-candidate
396	D	CAT	neg	95.4	-2.136	-1.54	4/4	True	novel-candidate
397	Y	CAT	neg	97.6	-1.371	-0.826	3/4	True	novel-candidate
410	D	CAT	neg	98.2	-0.702	-0.881	2/4	False	weak(not-persistent)
417	R	CAT	neg	98.2	-0.99	-0.823	4/4	True	novel-candidate
418	E	CAT	neg	96.8	-0.99	-0.823	4/4	True	novel-candidate
419	D	CAT	neg	97.5	-0.99	-0.823	3/4	True	novel-candidate
424	M	CAT	neg	98.7	-0.506	-1.058	3/4	True	novel-candidate
430	S	CAT	neg	96.6	-1.244	-0.608	2/4	False	TP-catalytic(essential)
431	R	CAT	neg	94.2	-1.303	-0.676	4/4	True	novel-candidate
432	M	CAT	neg	94.8	-1.71	-0.909	4/4	True	novel-candidate
433	S	CAT	neg	90.9	-1.545	-0.513	4/4	True	novel-candidate
434	N	CAT	neg	95.2	-0.923	-0.5	2/4	False	weak(not-persistent)
449	E	CAT	neg	92.2	-1.231	-0.75	3/4	True	novel-candidate
450	A	CAT	neg	92.2	-1.161	-0.81	2/4	False	weak(not-persistent)
451	P	CAT	neg	90.9	-2.064	-1.48	3/4	True	novel-candidate
452	I	CAT	neg	88.6	-2.229	-1.252	4/4	True	novel-candidate
453	T	CAT	neg	81.4	-2.229	-1.252	4/4	True	novel-candidate
454	G	CAT	neg	79.7	-1.581	-0.733	4/4	True	novel-candidate
455	Y	CAT	neg	88.1	-2.516	-1.249	4/4	True	TP-catalytic(essential)
456	M	CAT	neg	88.9	-3.377	-1.242	4/4	True	novel-candidate
457	F	CAT	neg	93.7	-3.377	-1.242	4/4	True	novel-candidate
458	G	CAT	neg	93.4	-2.556	-1.073	3/4	True	novel-candidate
461	I	CAT	neg	98.1	-0.61	-0.895	4/4	True	novel-candidate
462	Y	CAT	neg	98.2	-0.558	-0.845	4/4	True	TP-catalytic(essential)
463	F	CAT	neg	98.8	-0.841	-0.909	4/4	True	novel-candidate
464	A	CAT	neg	98.6	-1.388	-1.309	3/4	True	novel-candidate
465	D	CAT	neg	98.5	-1.025	-1.152	2/4	False	weak(not-persistent)
467	S	CAT	neg	98.7	-0.863	-0.901	3/4	True	novel-candidate
471	A	CAT	neg	98.6	-1.277	-0.889	2/4	False	weak(not-persistent)
472	N	CAT	neg	97.3	-1.266	-0.649	4/4	True	novel-candidate
474	C	CAT	neg	97.0	-1.102	-0.497	4/4	True	novel-candidate
475	F	CAT	neg	94.2	-1.266	-0.649	4/4	True	novel-candidate
476	A	CAT	neg	95.2	-1.017	-0.137	3/4	True	novel-candidate
494	Q	CAT	neg	98.4	-1.926	-0.633	3/4	True	novel-candidate
495	C	CAT	neg	98.2	-1.926	-0.633	3/4	True	novel-candidate
496	N	CAT	neg	98.1	-1.926	-0.633	2/4	False	weak(not-persistent)
497	E	CAT	neg	97.0	-1.492	-0.429	3/4	True	novel-candidate
500	E	CAT	neg	91.4	-1.426	-0.423	4/4	True	novel-candidate
501	A	CAT	neg	91.2	-3.377	-1.242	3/4	True	novel-candidate
503	P	CAT	neg	89.9	-2.886	-1.51	3/4	True	novel-candidate
514	S	CAT	neg	98.6	-1.211	-0.792	3/4	True	novel-candidate
539	G	CAT	neg	95.1	-1.789	-1.458	3/4	True	novel-candidate
540	P	CAT	neg	96.5	-1.789	-1.458	3/4	True	novel-candidate
553	T	CAT	neg	87.9	-0.995	-0.974	2/4	False	weak(not-persistent)
554	L	CAT	neg	92.8	-1.512	-1.302	3/4	True	novel-candidate
555	N	CAT	neg	94.4	-1.512	-1.302	3/4	True	novel-candidate
556	Y	CAT	neg	96.9	-0.447	-0.845	1/4	False	weak(not-persistent)
560	I	CAT	neg	98.6	-0.76	-0.927	3/4	True	novel-candidate
561	V	CAT	neg	98.6	-1.008	-0.979	4/4	True	novel-candidate
562	Y	CAT	neg	97.9	-1.4	-1.08	4/4	True	novel-candidate
563	N	CAT	neg	97.7	-1.4	-1.08	4/4	True	novel-candidate
566	Q	CAT	neg	98.7	-1.497	-1.624	2/4	False	weak(not-persistent)
248	V	HD	neg	85.6	-1.247	-0.09	3/4	True	TP-HD(autoinhib/essential)
249	Q	HD	neg	84.2	-1.377		3/4	True	TP-HD(autoinhib/essential)
250	A	HD	neg	85.4	-0.941		4/4	True	TP-HD(autoinhib/essential)
256	M	HD	neg	83.4	-0.894	-0.318	4/4	True	TP-HD(autoinhib/essential)
257	E	HD	neg	84.8	-1.19	-0.376	4/4	True	TP-HD(autoinhib/essential)
258	M	HD	neg	84.9	-1.481	-0.57	4/4	True	TP-HD(autoinhib/essential)
259	K	HD	neg	86.8	-1.211	-0.516	4/4	True	TP-HD(autoinhib/essential)
260	Y	HD	neg	85.4	-0.937	-0.298	4/4	True	TP-HD(autoinhib/essential)
262	T	HD	neg	76.4	-0.985	-0.751	3/4	True	TP-HD(autoinhib/essential)
263	K	HD	neg	73.4	-0.985	-0.751	3/4	True	TP-HD(autoinhib/essential)
264	K	HD	neg	70.1	-0.985	-0.751	2/4	False	TP-HD(autoinhib/essential)
265	A	HD	neg	73.7	-0.985	-0.751	4/4	True	TP-HD(autoinhib/essential)
266	P	HD	neg	73.0	-0.985	-0.751	3/4	True	TP-HD(autoinhib/essential)
270	L	HD	neg	76.5	-1.154	-0.84	2/4	False	TP-HD(autoinhib/essential)
280	Q	HD	neg	95.6	-1.105	-0.792	3/4	True	TP-HD(autoinhib/essential)
281	S	HD	neg	95.8	-0.919	-0.588	2/4	False	TP-HD(autoinhib/essential)
282	L	HD	neg	96.9	-0.902	-0.604	2/4	False	TP-HD(autoinhib/essential)
294	H	HD	neg	89.7	-1.005	-0.688	3/4	True	TP-HD(autoinhib/essential)
295	G	HD	neg	93.1	-1.005	-0.688	4/4	True	TP-HD(autoinhib/essential)
315	L	HD	neg	89.3	-2.578	-3.16	4/4	True	TP-HD(autoinhib/essential)
316	R	HD	neg	91.2	-0.605	-0.923	4/4	True	TP-HD(autoinhib/essential)
317	T	HD	neg	91.9	-0.404	-1.486	4/4	True	TP-HD(autoinhib/essential)
319	P	HD	neg	94.6	-1.374	-1.356	3/4	True	TP-HD(autoinhib/essential)
320	L	HD	neg	95.9	-1.123	-1.037	3/4	True	TP-HD(autoinhib/essential)
321	I	HD	neg	96.0	-1.123	-1.037	2/4	False	TP-HD(autoinhib/essential)
322	R	HD	neg	94.4	-0.738	-0.879	2/4	False	TP-HD(autoinhib/essential)
334	L	HD	neg	94.2	-0.525	-1.186	3/4	True	TP-HD(autoinhib/essential)
335	E	HD	neg	92.8	-1.01	-2.006	4/4	True	TP-HD(autoinhib/essential)
336	A	HD	neg	92.1	-0.568	-1.425	4/4	True	TP-HD(autoinhib/essential)
337	L	HD	neg	91.8	-0.205	-1.34	2/4	False	TP-HD(autoinhib/essential)
338	G	HD	neg	92.2	-0.323	-1.098	4/4	True	TP-HD(autoinhib/essential)
123	N	WGR	neg	91.1	-0.741	-1.373	4/4	True	novel-candidate
124	L	WGR	neg	89.1	-0.635	-1.25	3/4	True	novel-candidate
125	Q	WGR	neg	87.4	-0.635	-1.25	4/4	True	novel-candidate
126	F	WGR	neg	88.1	-0.586	-1.278	4/4	True	novel-candidate
127	N	WGR	neg	90.4	-0.558	-1.329	4/4	True	novel-candidate
128	N	WGR	neg	89.0	-0.621	-1.447	4/4	True	novel-candidate
43	Q	other	neg	32.1	-0.671	-1.062	3/4	True	LIKELY-FP(low-pLDDT)
54	G	other	neg	32.4	-0.953	-0.393	1/4	False	LIKELY-FP(low-pLDDT)
75	A	other	neg	30.3	-0.9	-0.791	3/4	True	LIKELY-FP(low-pLDDT)
76	S	other	neg	29.9	-0.941	-0.785	4/4	True	LIKELY-FP(low-pLDDT)
77	K	other	neg	27.5	-1.046	-0.935	4/4	True	LIKELY-FP(low-pLDDT)
78	R	other	neg	30.5	-1.277	-1.037	4/4	True	LIKELY-FP(low-pLDDT)
79	V	other	neg	31.7	-1.497	-1.12	4/4	True	LIKELY-FP(low-pLDDT)
80	S	other	neg	27.2	-1.438	-0.963	4/4	True	LIKELY-FP(low-pLDDT)
81	E	other	neg	30.2	-1.051	-0.776	3/4	True	LIKELY-FP(low-pLDDT)
82	S	other	neg	30.9	-1.322	-1.101	4/4	True	LIKELY-FP(low-pLDDT)
100	A	other	neg	92.2	-0.943	-0.843	2/4	False	weak(not-persistent)
221	E	other	neg	38.3	-0.021	-0.841	2/4	False	LIKELY-FP(low-pLDDT)
222	E	other	neg	36.8	-0.021	-0.841	2/4	False	LIKELY-FP(low-pLDDT)
223	S	other	neg	33.4		-1.026	4/4	True	LIKELY-FP(low-pLDDT)
224	L	other	neg	38.9		-0.889	3/4	True	LIKELY-FP(low-pLDDT)
356	H	CAT	pos	90.1	0.431	0.617	2/4	False	weak(not-persistent)
357	P	CAT	pos	90.1	1.342	0.371	3/4	True	novel-candidate
369	L	CAT	pos	98.6	0.682	0.471	3/4	True	novel-candidate
443	L	CAT	pos	97.9	0.665	0.3	3/4	True	novel-candidate
444	R	CAT	pos	96.2	0.83	0.353	3/4	True	novel-candidate
446	A	CAT	pos	92.6	0.55	0.266	2/4	False	weak(not-persistent)
477	S	CAT	pos	93.2		0.813	3/4	True	novel-candidate
478	R	CAT	pos	92.8		0.813	4/4	True	novel-candidate
479	L	CAT	pos	90.6		0.813	4/4	True	novel-candidate
480	K	CAT	pos	91.9		0.813	4/4	True	novel-candidate
481	N	CAT	pos	96.3		0.902	3/4	True	novel-candidate
505	A	CAT	pos	95.1	0.701	0.835	2/4	False	weak(not-persistent)
506	E	CAT	pos	93.8	0.701	0.835	2/4	False	weak(not-persistent)
507	G	CAT	pos	94.0	0.701	0.835	4/4	True	novel-candidate
508	L	CAT	pos	93.9	0.701	0.835	4/4	True	novel-candidate
509	L	CAT	pos	96.0	0.701	0.835	4/4	True	novel-candidate
510	Q	CAT	pos	94.5	0.701	0.835	4/4	True	novel-candidate
511	G	CAT	pos	95.3	0.701	0.835	2/4	False	weak(not-persistent)
521	M	CAT	pos	96.9	0.618		2/4	False	weak(not-persistent)
522	A	CAT	pos	97.7	0.618		1/4	False	weak(not-persistent)
541	A	CAT	pos	96.8	0.618		1/4	False	weak(not-persistent)
542	S	CAT	pos	96.4	0.618		2/4	False	weak(not-persistent)
543	D	CAT	pos	95.5	0.618		2/4	False	weak(not-persistent)
545	G	CAT	pos	93.1	0.45	0.649	3/4	True	novel-candidate
548	N	CAT	pos	87.9	0.588	0.201	1/4	False	weak(not-persistent)
581	Q	CAT	pos	75.6		1.069	2/4	False	weak(not-persistent)
582	L	CAT	pos	68.6		1.069	1/4	False	LIKELY-FP(low-pLDDT)
290	R	HD	pos	91.6	0.703	0.34	2/4	False	candidate-HD-allosteric
313	F	HD	pos	89.9	0.774	0.978	3/4	True	candidate-HD-allosteric
327	L	HD	pos	93.6	0.474	0.533	3/4	True	candidate-HD-allosteric
328	S	HD	pos	91.4	0.611	0.803	3/4	True	candidate-HD-allosteric
155	G	WGR	pos	80.1	0.646	0.292	2/4	False	weak(not-persistent)
156	K	WGR	pos	83.3	0.856	0.656	4/4	True	novel-candidate
157	M	WGR	pos	79.2	0.856	0.656	4/4	True	novel-candidate
160	H	WGR	pos	95.5	0.583	0.396	4/4	True	novel-candidate
161	S	WGR	pos	96.8	0.645	0.345	4/4	True	novel-candidate
163	V	WGR	pos	96.8	0.59	0.098	4/4	True	novel-candidate
164	A	WGR	pos	94.8	0.795	0.536	4/4	True	novel-candidate
165	C	WGR	pos	93.4	0.669	0.468	4/4	True	novel-candidate
166	S	WGR	pos	88.8	0.65	0.439	3/4	True	novel-candidate
171	K	WGR	pos	95.9	0.588	0.437	3/4	True	novel-candidate
172	A	WGR	pos	96.5	0.663	0.561	4/4	True	novel-candidate
173	K	WGR	pos	96.8	0.896	0.666	4/4	True	novel-candidate
174	E	WGR	pos	96.6	0.914	0.488	4/4	True	novel-candidate
175	I	WGR	pos	96.9	0.992	0.558	4/4	True	novel-candidate
176	F	WGR	pos	97.3	0.931	0.52	4/4	True	novel-candidate
177	Q	WGR	pos	97.1	0.666	0.382	4/4	True	novel-candidate
188	W	WGR	pos	94.6	0.854	0.564	3/4	True	novel-candidate
189	E	WGR	pos	91.3	0.844	0.747	3/4	True	novel-candidate
190	D	WGR	pos	89.8	0.752	0.863	3/4	True	novel-candidate
191	R	WGR	pos	88.9	0.632	0.832	3/4	True	novel-candidate
192	E	WGR	pos	86.5	0.504	0.873	4/4	True	novel-candidate
193	K	WGR	pos	90.6	0.504	0.873	4/4	True	novel-candidate
194	F	WGR	pos	92.2	0.613	1.036	4/4	True	novel-candidate
13	R	other	pos	39.2	0.401	0.573	2/4	False	LIKELY-FP(low-pLDDT)
14	A	other	pos	41.8	0.401	0.573	2/4	False	LIKELY-FP(low-pLDDT)
15	R	other	pos	39.3	0.401	0.573	2/4	False	LIKELY-FP(low-pLDDT)
32	D	other	pos	36.8	0.82	0.437	3/4	True	LIKELY-FP(low-pLDDT)
33	S	other	pos	35.7	0.772	0.315	4/4	True	LIKELY-FP(low-pLDDT)
34	S	other	pos	30.5	0.883	0.599	4/4	True	LIKELY-FP(low-pLDDT)
35	P	other	pos	37.5	0.914	0.68	4/4	True	LIKELY-FP(low-pLDDT)
36	A	other	pos	33.3	0.946	0.975	4/4	True	LIKELY-FP(low-pLDDT)
37	K	other	pos	31.8	0.837	0.204	4/4	True	LIKELY-FP(low-pLDDT)
38	K	other	pos	32.5	0.94	0.543	4/4	True	LIKELY-FP(low-pLDDT)
39	T	other	pos	30.9	0.94	0.543	4/4	True	LIKELY-FP(low-pLDDT)
40	R	other	pos	31.4	1.015	0.424	4/4	True	LIKELY-FP(low-pLDDT)
41	R	other	pos	30.4	1.146	1.222	3/4	True	LIKELY-FP(low-pLDDT)
56	K	other	pos	36.6	0.635	0.592	1/4	False	LIKELY-FP(low-pLDDT)
57	A	other	pos	34.9	0.587	0.382	3/4	True	LIKELY-FP(low-pLDDT)
58	N	other	pos	39.6	0.548	0.05	3/4	True	LIKELY-FP(low-pLDDT)
60	D	other	pos	39.1	0.586	0.058	2/4	False	LIKELY-FP(low-pLDDT)
61	R	other	pos	36.1	0.609	0.377	2/4	False	LIKELY-FP(low-pLDDT)
62	T	other	pos	33.5	0.607	0.325	3/4	True	LIKELY-FP(low-pLDDT)
63	E	other	pos	36.4	0.582	0.234	2/4	False	LIKELY-FP(low-pLDDT)
64	D	other	pos	31.8	0.601	0.222	2/4	False	LIKELY-FP(low-pLDDT)
86	L	other	pos	52.1	1.057	0.92	4/4	True	LIKELY-FP(low-pLDDT)
87	L	other	pos	55.4	1.336	1.077	4/4	True	LIKELY-FP(low-pLDDT)
93	P	other	pos	83.1	1.336	1.077	2/4	False	weak(not-persistent)
103	G	other	pos	86.6	0.747	0.338	3/4	True	novel-candidate
203	M	other	pos	91.3	0.557	0.025	2/4	False	weak(not-persistent)
204	L	other	pos	85.9	0.666	0.403	4/4	True	novel-candidate
214	D	other	pos	41.7	0.52	0.584	1/4	False	LIKELY-FP(low-pLDDT)
228	L	other	pos	57.2	0.106	0.577	2/4	False	LIKELY-FP(low-pLDDT)
229	K	other	pos	64.7	0.112	0.732	4/4	True	LIKELY-FP(low-pLDDT)
230	P	other	pos	79.1		0.582	3/4	True	novel-candidate
