unipos	unires	PARP2_Olap_LFC_pos_05_psig	PARP2_Olap_LFC_pos_05_psig_Clust_6A	PARP2_Olap_LFC3D_pos_05_psig	PARP2_Olap_LFC3D_pos_05_psig_Clust_6A	PARP2_Olap_union_pos_05_psig	PARP2_Olap_union_pos_05_psig_Clust_6A	unires	PARP2_Olap_LFC_neg_05_psig	PARP2_Olap_LFC_neg_05_psig_Clust_6A	PARP2_Olap_LFC3D_neg_05_psig	PARP2_Olap_LFC3D_neg_05_psig_Clust_6A	PARP2_Olap_union_neg_05_psig	PARP2_Olap_union_neg_05_psig_Clust_6A	PARP2_Olap_LFC_05_hits	PARP2_Olap_LFC3D_05_hits
1	M	-		-		-		M	-		-		-			
2	A	-		-		-		A	-		-		-			
3	A	-		-		-		A	-		-		-			
4	R	-		-		-		R	-		-		-			
5	R	-		-		-		R	-		-		-			
6	R	-		-		-		R	-		-		-			
7	R	-		-		-		R	-		-		-			
8	S	-		-		-		S	-		-		-			
9	T	-		-		-		T	-		-		-			
10	G	-		-		-		G	-		-		-			
11	G	-		-		-		G	-		-		-			
12	G	-		-		-		G	-		-		-			
13	R	-		p>=0.05		p>=0.05		R	-		-		-			
14	A	p>=0.05		p>=0.05		p>=0.05		A	-		-		-			
15	R	-		p>=0.05		p>=0.05		R	-		-		-			
16	A	-		-		-		A	-		-		-			
17	L	-		-		-		L	-		-		-			
18	N	-		-		-		N	-		-		-			
19	E	-		-		-		E	-		-		-			
20	S	-		p>=0.05		p>=0.05		S	-		-		-			
21	K	p>=0.05		-		p>=0.05		K	-		p>=0.05		p>=0.05			
22	R	-		-		-		R	p>=0.05		p>=0.05		p>=0.05			
23	V	-		-		-		V	-		p>=0.05		p>=0.05			
24	N	-		-		-		N	-		-		-			
25	N	-		p>=0.05		p>=0.05		N	-		-		-			
26	G	p>=0.05		p>=0.05		p>=0.05		G	-		-		-			
27	N	-		p>=0.05		p>=0.05		N	-		-		-			
28	T	-		-		-		T	-		-		-			
29	A	-		-		-		A	-		-		-			
30	P	-		-		-		P	-		-		-			
31	E	-		-		-		E	-		-		-			
32	D	-		p<0.05	11.0	p<0.05	11.0	D	-		-		-			Pos
33	S	p>=0.05		p<0.05	11.0	p<0.05	11.0	S	-		-		-			Pos
34	S	p>=0.05		p<0.05	11.0	p<0.05	11.0	S	-		-		-			Pos
35	P	p>=0.05		p<0.05	11.0	p<0.05	11.0	P	-		-		-			Pos
36	A	-		p<0.05	11.0	p<0.05	11.0	A	-		-		-			Pos
37	K	p>=0.05		p<0.05	11.0	p<0.05	11.0	K	-		-		-			Pos
38	K	p>=0.05		p<0.05	11.0	p<0.05	11.0	K	-		-		-			Pos
39	T	-		p<0.05	11.0	p<0.05	11.0	T	-		-		-			Pos
40	R	p>=0.05		p<0.05	11.0	p<0.05	11.0	R	-		-		-			Pos
41	R	-		p<0.05	11.0	p<0.05	11.0	R	-		-		-			Pos
42	C	-		-		-		C	-		-		-			
43	Q	-		-		-		Q	-		p>=0.05		p>=0.05			
44	R	-		-		-		R	p>=0.05		p>=0.05		p>=0.05			
45	Q	-		-		-		Q	p>=0.05		p>=0.05		p>=0.05			
46	E	p>=0.05		-		p>=0.05		E	-		p>=0.05		p>=0.05			
47	S	-		p>=0.05		p>=0.05		S	-		-		-			
48	K	-		-		-		K	-		-		-			
49	K	-		p<0.05	15.0	p<0.05	15.0	K	-		-		-			Pos
50	M	p>=0.05		p>=0.05		p>=0.05		M	-		-		-			
51	P	p>=0.05		p>=0.05		p>=0.05		P	-		-		-			
52	V	p>=0.05		p>=0.05		p>=0.05		V	-		-		-			
53	A	-		-		-		A	-		p>=0.05		p>=0.05			
54	G	-		-		-		G	p>=0.05		p<0.05	15.0	p<0.05	7.0		Neg
55	G	-		-		-		G	-		p>=0.05		p>=0.05			
56	K	p>=0.05		p<0.05	7.0	p<0.05	17.0	K	-		-		-			Pos
57	A	p>=0.05		p<0.05	7.0	p<0.05	17.0	A	-		-		-			Pos
58	N	p>=0.05		p<0.05	7.0	p<0.05	17.0	N	-		-		-			Pos
59	K	p>=0.05		p<0.05	7.0	p<0.05	17.0	K	-		-		-			Pos
60	D	-		p<0.05	7.0	p<0.05	17.0	D	-		-		-			Pos
61	R	p>=0.05		p<0.05	7.0	p<0.05	17.0	R	-		-		-			Pos
62	T	p>=0.05		p<0.05	7.0	p<0.05	17.0	T	-		-		-			Pos
63	E	p>=0.05		p<0.05	7.0	p<0.05	17.0	E	-		-		-			Pos
64	D	-		p<0.05	7.0	p<0.05	17.0	D	-		-		-			Pos
65	K	-		-		-		K	-		-		-			
66	Q	-		-		-		Q	-		-		-			
67	D	-		-		-		D	-		-		-			
68	G	-		-		-		G	-		p>=0.05		p>=0.05			
69	M	-		-		-		M	p>=0.05		p>=0.05		p>=0.05			
70	P	-		-		-		P	-		p>=0.05		p>=0.05			
71	G	p>=0.05		-		p>=0.05		G	-		p>=0.05		p>=0.05			
72	R	-		-		-		R	p>=0.05		p>=0.05		p>=0.05			
73	S	-		-		-		S	p>=0.05		p>=0.05		p>=0.05			
74	W	p>=0.05		-		p>=0.05		W	-		p>=0.05		p>=0.05			
75	A	-		-		-		A	p>=0.05		p<0.05	8.0	p<0.05	8.0		Neg
76	S	-		-		-		S	p>=0.05		p<0.05	8.0	p<0.05	8.0		Neg
77	K	-		-		-		K	p<0.05	5.0	p<0.05	8.0	p<0.05	8.0	Neg	Neg
78	R	-		-		-		R	p>=0.05		p<0.05	8.0	p<0.05	8.0		Neg
79	V	-		-		-		V	p>=0.05		p<0.05	8.0	p<0.05	8.0		Neg
80	S	-		-		-		S	p>=0.05		p<0.05	8.0	p<0.05	8.0		Neg
81	E	-		-		-		E	-		p<0.05	8.0	p<0.05	8.0		Neg
82	S	-		-		-		S	p>=0.05		p<0.05	8.0	p<0.05	8.0		Neg
83	V	-		-		-		V	p>=0.05		p>=0.05		p>=0.05			
84	K	p>=0.05		-		p>=0.05		K	-		p>=0.05		p>=0.05			
85	A	-		-		-		A	-		p>=0.05		p>=0.05			
86	L	-		p<0.05	3.0	p<0.05	3.0	L	-		-		-			Pos
87	L	p<0.05	2.0	p<0.05	3.0	p<0.05	3.0	L	-		-		-		Pos	Pos
88	L	-		p<0.05	3.0	p<0.05	3.0	L	-		-		-			Pos
89	K	-		-		-		K	p>=0.05		p>=0.05		p>=0.05			
90	G	-		p>=0.05		p>=0.05		G	-		-		-			
91	K	p>=0.05		p>=0.05		p>=0.05		K	-		-		-			
92	A	-		-		-		A	-		p>=0.05		p>=0.05			
93	P	-		p<0.05	3.0	p<0.05	3.0	P	-		-		-			Pos
94	V	-		p>=0.05		p>=0.05		V	-		-		-			
95	D	p>=0.05		-		p>=0.05		D	-		p>=0.05		p>=0.05			
96	P	-		-		-		P	-		p>=0.05		p>=0.05			
97	E	-		-		-		E	p>=0.05		p>=0.05		p>=0.05			
98	C	-		-		-		C	p>=0.05		p>=0.05		p>=0.05			
99	T	-		-		-		T	p>=0.05		p>=0.05		p>=0.05			
100	A	-		-		-		A	-		p<0.05	11.0	p<0.05	11.0		Neg
101	K	-		-		-		K	p>=0.05		p>=0.05		p>=0.05			
102	V	p>=0.05		-		p>=0.05		V	-		p>=0.05		p>=0.05			
103	G	-		p<0.05	14.0	p<0.05	12.0	G	-		-		-			Pos
104	K	p>=0.05		p>=0.05		p>=0.05		K	-		-		-			
105	A	-		p>=0.05		p>=0.05		A	-		-		-			
106	H	p>=0.05		-		p>=0.05		H	-		p>=0.05		p>=0.05			
107	V	-		-		-		V	p>=0.05		p>=0.05		p>=0.05			
108	Y	p>=0.05		-		p>=0.05		Y	-		p>=0.05		p>=0.05			
109	C	p>=0.05		-		p>=0.05		C	-		p>=0.05		p>=0.05			
110	E	-		-		-		E	p>=0.05		p>=0.05		p>=0.05			
111	G	-		-		-		G	p>=0.05		p>=0.05		p>=0.05			
112	N	-		-		-		N	p>=0.05		p>=0.05		p>=0.05			
113	D	-		-		-		D	p>=0.05		p>=0.05		p>=0.05			
114	V	-		-		-		V	-		p>=0.05		p>=0.05			
115	Y	-		p>=0.05		p>=0.05		Y	p>=0.05		-		p>=0.05			
116	D	p>=0.05		p>=0.05		p>=0.05		D	-		-		-			
117	V	-		p>=0.05		p>=0.05		V	-		-		-			
118	M	p>=0.05		p>=0.05		p>=0.05		M	-		-		-			
119	L	p>=0.05		p>=0.05		p>=0.05		L	-		-		-			
120	N	p>=0.05		p>=0.05		p>=0.05		N	-		-		-			
121	Q	p>=0.05		p>=0.05		p>=0.05		Q	-		-		-			
122	T	-		-		-		T	-		p>=0.05		p>=0.05			
123	N	-		-		-		N	-		p>=0.05		p>=0.05			
124	L	-		-		-		L	p>=0.05		p>=0.05		p>=0.05			
125	Q	p>=0.05		-		p>=0.05		Q	-		p>=0.05		p>=0.05			
126	F	-		-		-		F	p>=0.05		p>=0.05		p>=0.05			
127	N	-		-		-		N	p>=0.05		p>=0.05		p>=0.05			
128	N	-		-		-		N	p>=0.05		p>=0.05		p>=0.05			
129	N	-		-		-		N	p>=0.05		p>=0.05		p>=0.05			
130	K	-		p>=0.05		p>=0.05		K	p>=0.05		-		p>=0.05			
131	Y	p>=0.05		p>=0.05		p>=0.05		Y	-		-		-			
132	Y	p>=0.05		p>=0.05		p>=0.05		Y	-		-		-			
133	L	-		p>=0.05		p>=0.05		L	p>=0.05		-		p>=0.05			
134	I	p>=0.05		p>=0.05		p>=0.05		I	-		-		-			
135	Q	p>=0.05		-		p>=0.05		Q	-		p>=0.05		p>=0.05			
136	L	-		-		-		L	p>=0.05		p>=0.05		p>=0.05			
137	L	-		-		-		L	p>=0.05		p>=0.05		p>=0.05			
138	E	-		p>=0.05		p>=0.05		E	p>=0.05		-		p>=0.05			
139	D	p>=0.05		p>=0.05		p>=0.05		D	-		-		-			
140	D	p>=0.05		p>=0.05		p>=0.05		D	-		-		-			
141	A	-		p>=0.05		p>=0.05		A	-		-		-			
142	Q	-		-		-		Q	p>=0.05		p>=0.05		p>=0.05			
143	R	-		-		-		R	p>=0.05		p>=0.05		p>=0.05			
144	N	p>=0.05		-		p>=0.05		N	-		p>=0.05		p>=0.05			
145	F	-		-		-		F	-		p>=0.05		p>=0.05			
146	S	p>=0.05		p>=0.05		p>=0.05		S	-		-		-			
147	V	-		p>=0.05		p>=0.05		V	p>=0.05		-		p>=0.05			
148	W	-		p>=0.05		p>=0.05		W	p>=0.05		-		p>=0.05			
149	M	p>=0.05		p>=0.05		p>=0.05		M	-		-		-			
150	R	-		p>=0.05		p>=0.05		R	p>=0.05		-		p>=0.05			
151	W	p>=0.05		p>=0.05		p>=0.05		W	-		-		-			
152	G	-		p>=0.05		p>=0.05		G	-		-		-			
153	R	-		p>=0.05		p>=0.05		R	-		-		-			
154	V	-		p>=0.05		p>=0.05		V	-		-		-			
155	G	-		p<0.05	8.0	p<0.05	8.0	G	-		-		-			Pos
156	K	p>=0.05		p<0.05	8.0	p<0.05	8.0	K	-		-		-			Pos
157	M	p>=0.05		p<0.05	8.0	p<0.05	8.0	M	-		-		-			Pos
158	G	-		p<0.05	8.0	p<0.05	8.0	G	-		-		-			Pos
159	Q	p>=0.05		p<0.05	8.0	p<0.05	8.0	Q	-		-		-			Pos
160	H	p<0.05	4.0	p<0.05	8.0	p<0.05	8.0	H	-		-		-		Pos	Pos
161	S	p>=0.05		p<0.05	8.0	p<0.05	8.0	S	-		-		-			Pos
162	L	-		p>=0.05		p>=0.05		L	-		-		-			
163	V	p<0.05	0.0	p<0.05	4.0	p<0.05	4.0	V	-		-		-		Pos	Pos
164	A	p<0.05	0.0	p<0.05	4.0	p<0.05	4.0	A	-		-		-		Pos	Pos
165	C	p>=0.05		p<0.05	4.0	p<0.05	4.0	C	-		-		-			Pos
166	S	p>=0.05		p<0.05	4.0	p<0.05	4.0	S	-		-		-			Pos
167	G	-		p>=0.05		p>=0.05		G	-		-		-			
168	N	p>=0.05		p>=0.05		p>=0.05		N	-		-		-			
169	L	-		p>=0.05		p>=0.05		L	p>=0.05		-		p>=0.05			
170	N	-		p<0.05	0.0	p<0.05	0.0	N	-		-		-			Pos
171	K	p>=0.05		p<0.05	0.0	p<0.05	0.0	K	-		-		-			Pos
172	A	-		p<0.05	0.0	p<0.05	0.0	A	-		-		-			Pos
173	K	p>=0.05		p<0.05	0.0	p<0.05	0.0	K	-		-		-			Pos
174	E	p>=0.05		p<0.05	0.0	p<0.05	0.0	E	-		-		-			Pos
175	I	p>=0.05		p<0.05	0.0	p<0.05	0.0	I	-		-		-			Pos
176	F	p>=0.05		p<0.05	0.0	p<0.05	0.0	F	-		-		-			Pos
177	Q	p>=0.05		p<0.05	0.0	p<0.05	0.0	Q	-		-		-			Pos
178	K	p>=0.05		p>=0.05		p>=0.05		K	-		-		-			
179	K	p>=0.05		p>=0.05		p>=0.05		K	-		-		-			
180	F	-		p>=0.05		p>=0.05		F	p>=0.05		-		p>=0.05			
181	L	-		p>=0.05		p>=0.05		L	p>=0.05		-		p>=0.05			
182	D	p>=0.05		-		p>=0.05		D	-		p>=0.05		p>=0.05			
183	K	p>=0.05		-		p>=0.05		K	-		p>=0.05		p>=0.05			
184	T	p>=0.05		-		p>=0.05		T	-		p>=0.05		p>=0.05			
185	K	-		p>=0.05		p>=0.05		K	p>=0.05		-		p>=0.05			
186	N	p>=0.05		p>=0.05		p>=0.05		N	-		-		-			
187	N	p>=0.05		p>=0.05		p>=0.05		N	-		-		-			
188	W	-		p<0.05	0.0	p<0.05	0.0	W	-		-		-			Pos
189	E	p>=0.05		p<0.05	0.0	p<0.05	0.0	E	-		-		-			Pos
190	D	p>=0.05		p<0.05	0.0	p<0.05	0.0	D	-		-		-			Pos
191	R	-		p<0.05	0.0	p<0.05	0.0	R	-		-		-			Pos
192	E	p>=0.05		p<0.05	0.0	p<0.05	0.0	E	-		-		-			Pos
193	K	p>=0.05		p<0.05	0.0	p<0.05	0.0	K	-		-		-			Pos
194	F	-		p<0.05	0.0	p<0.05	0.0	F	-		-		-			Pos
195	E	-		-		-		E	-		p>=0.05		p>=0.05			
196	K	-		-		-		K	p>=0.05		p>=0.05		p>=0.05			
197	V	-		-		-		V	-		p>=0.05		p>=0.05			
198	P	-		p>=0.05		p>=0.05		P	-		-		-			
199	G	-		p>=0.05		p>=0.05		G	-		-		-			
200	K	p>=0.05		p>=0.05		p>=0.05		K	-		-		-			
201	Y	-		p>=0.05		p>=0.05		Y	p>=0.05		-		p>=0.05			
202	D	-		p>=0.05		p>=0.05		D	p>=0.05		-		p>=0.05			
203	M	p>=0.05		p<0.05	6.0	p<0.05	6.0	M	-		-		-			Pos
204	L	-		p<0.05	6.0	p<0.05	6.0	L	-		-		-			Pos
205	Q	-		-		-		Q	-		-		-			
206	M	-		-		-		M	-		p>=0.05		p>=0.05			
207	D	p>=0.05		p>=0.05		p>=0.05		D	-		-		-			
208	Y	p>=0.05		p>=0.05		p>=0.05		Y	-		-		-			
209	A	-		p>=0.05		p>=0.05		A	-		-		-			
210	T	-		p>=0.05		p>=0.05		T	-		-		-			
211	N	-		-		-		N	-		-		-			
212	T	-		p>=0.05		p>=0.05		T	-		-		-			
213	Q	-		-		-		Q	-		-		-			
214	D	-		p<0.05	10.0	p<0.05	13.0	D	-		-		-			Pos
215	E	p>=0.05		p>=0.05		p>=0.05		E	-		-		-			
216	E	p>=0.05		p>=0.05		p>=0.05		E	-		-		-			
217	E	p>=0.05		p>=0.05		p>=0.05		E	-		-		-			
218	T	-		p>=0.05		p>=0.05		T	-		-		-			
219	K	-		p>=0.05		p>=0.05		K	-		-		-			
220	K	-		p>=0.05		p>=0.05		K	-		-		-			
221	E	-		-		-		E	-		p>=0.05		p>=0.05			
222	E	-		-		-		E	p>=0.05		p>=0.05		p>=0.05			
223	S	p>=0.05		p>=0.05		p>=0.05		S	-		-		-			
224	L	p>=0.05		p<0.05	19.0	p<0.05	19.0	L	-		-		-			Pos
225	K	p>=0.05		p>=0.05		p>=0.05		K	-		-		-			
226	S	-		p>=0.05		p>=0.05		S	-		-		-			
227	P	-		p>=0.05		p>=0.05		P	-		-		-			
228	L	p>=0.05		p>=0.05		p>=0.05		L	-		-		-			
229	K	-		p>=0.05		p>=0.05		K	p>=0.05		-		p>=0.05			
230	P	p>=0.05		-		p>=0.05		P	-		p>=0.05		p>=0.05			
231	E	-		-		-		E	p>=0.05		p>=0.05		p>=0.05			
232	S	-		-		-		S	p>=0.05		p>=0.05		p>=0.05			
233	Q	p>=0.05		-		p>=0.05		Q	-		p>=0.05		p>=0.05			
234	L	-		-		-		L	p>=0.05		p>=0.05		p>=0.05			
235	D	-		-		-		D	p>=0.05		p>=0.05		p>=0.05			
236	L	-		p>=0.05		p>=0.05		L	p>=0.05		-		p>=0.05			
237	R	-		-		-		R	-		p>=0.05		p>=0.05			
238	V	p>=0.05		-		p>=0.05		V	-		p>=0.05		p>=0.05			
239	Q	-		-		-		Q	p>=0.05		p>=0.05		p>=0.05			
240	E	-		-		-		E	p>=0.05		p>=0.05		p>=0.05			
241	L	-		-		-		L	p>=0.05		p>=0.05		p>=0.05			
242	I	-		-		-		I	p>=0.05		p>=0.05		p>=0.05			
243	K	p>=0.05		-		p>=0.05		K	-		p>=0.05		p>=0.05			
244	L	-		-		-		L	p>=0.05		p>=0.05		p>=0.05			
245	I	p>=0.05		-		p>=0.05		I	-		p>=0.05		p>=0.05			
246	C	-		-		-		C	-		p>=0.05		p>=0.05			
247	N	-		-		-		N	p>=0.05		p>=0.05		p>=0.05			
248	V	-		-		-		V	-		p<0.05	14.0	p<0.05	2.0		Neg
249	Q	-		-		-		Q	p>=0.05		p<0.05	14.0	p<0.05	2.0		Neg
250	A	-		-		-		A	-		p<0.05	14.0	p<0.05	2.0		Neg
251	M	-		-		-		M	p<0.05	9.0	p>=0.05		p<0.05	2.0	Neg	
252	E	-		-		-		E	p>=0.05		p>=0.05		p>=0.05			
253	E	p>=0.05		-		p>=0.05		E	-		p>=0.05		p>=0.05			
254	M	p>=0.05		-		p>=0.05		M	-		p<0.05	5.0	p<0.05	2.0		Neg
255	M	p>=0.05		-		p>=0.05		M	-		p<0.05	5.0	p<0.05	2.0		Neg
256	M	-		-		-		M	p>=0.05		p<0.05	5.0	p<0.05	2.0		Neg
257	E	-		-		-		E	p<0.05	1.0	p<0.05	5.0	p<0.05	2.0	Neg	Neg
258	M	-		-		-		M	p<0.05	1.0	p<0.05	5.0	p<0.05	2.0	Neg	Neg
259	K	-		-		-		K	p>=0.05		p<0.05	5.0	p<0.05	2.0		Neg
260	Y	-		-		-		Y	p>=0.05		p<0.05	5.0	p<0.05	2.0		Neg
261	N	-		-		-		N	-		p>=0.05		p>=0.05			
262	T	-		-		-		T	p>=0.05		p<0.05	6.0	p<0.05	5.0		Neg
263	K	-		-		-		K	p>=0.05		p<0.05	6.0	p<0.05	5.0		Neg
264	K	-		-		-		K	p>=0.05		p<0.05	6.0	p<0.05	5.0		Neg
265	A	-		-		-		A	-		p<0.05	6.0	p<0.05	5.0		Neg
266	P	-		-		-		P	-		p<0.05	6.0	p<0.05	5.0		Neg
267	L	-		-		-		L	-		p<0.05	6.0	p<0.05	5.0		Neg
268	G	-		-		-		G	-		p<0.05	6.0	p<0.05	5.0		Neg
269	K	-		-		-		K	-		p>=0.05		p>=0.05			
270	L	-		-		-		L	p>=0.05		p<0.05	6.0	p<0.05	5.0		Neg
271	T	-		-		-		T	p>=0.05		p<0.05	6.0	p<0.05	5.0		Neg
272	V	-		-		-		V	p>=0.05		p>=0.05		p>=0.05			
273	A	-		-		-		A	-		p>=0.05		p>=0.05			
274	Q	-		-		-		Q	p>=0.05		p>=0.05		p>=0.05			
275	I	p>=0.05		-		p>=0.05		I	-		p>=0.05		p>=0.05			
276	K	-		-		-		K	p>=0.05		p>=0.05		p>=0.05			
277	A	-		-		-		A	-		p>=0.05		p>=0.05			
278	G	-		-		-		G	-		p>=0.05		p>=0.05			
279	Y	-		-		-		Y	p>=0.05		p>=0.05		p>=0.05			
280	Q	-		-		-		Q	p>=0.05		p<0.05	0.0	p<0.05	1.0		Neg
281	S	p>=0.05		-		p>=0.05		S	-		p<0.05	0.0	p<0.05	1.0		Neg
282	L	-		-		-		L	p>=0.05		p<0.05	0.0	p<0.05	1.0		Neg
283	K	-		-		-		K	p<0.05	10.0	p>=0.05		p<0.05	1.0	Neg	
284	K	-		-		-		K	p>=0.05		p>=0.05		p>=0.05			
285	I	p>=0.05		-		p>=0.05		I	-		p>=0.05		p>=0.05			
286	E	p>=0.05		-		p>=0.05		E	-		p>=0.05		p>=0.05			
287	D	p>=0.05		p>=0.05		p>=0.05		D	-		-		-			
288	C	p>=0.05		p>=0.05		p>=0.05		C	-		-		-			
289	I	p>=0.05		p>=0.05		p>=0.05		I	-		-		-			
290	R	-		p<0.05	17.0	p<0.05	10.0	R	-		-		-			Pos
291	A	-		-		-		A	-		p>=0.05		p>=0.05			
292	G	-		-		-		G	-		p>=0.05		p>=0.05			
293	Q	-		-		-		Q	p>=0.05		p>=0.05		p>=0.05			
294	H	-		-		-		H	p>=0.05		p<0.05	12.0	p<0.05	12.0		Neg
295	G	-		-		-		G	-		p<0.05	12.0	p<0.05	12.0		Neg
296	R	-		-		-		R	-		p>=0.05		p>=0.05			
297	A	-		-		-		A	-		p>=0.05		p>=0.05			
298	L	p>=0.05		-		p>=0.05		L	-		p>=0.05		p>=0.05			
299	M	-		p>=0.05		p>=0.05		M	p>=0.05		-		p>=0.05			
300	E	-		-		-		E	-		p>=0.05		p>=0.05			
301	A	-		-		-		A	-		p>=0.05		p>=0.05			
302	C	p>=0.05		-		p>=0.05		C	-		p>=0.05		p>=0.05			
303	N	-		-		-		N	p>=0.05		p>=0.05		p>=0.05			
304	E	-		-		-		E	p>=0.05		p>=0.05		p>=0.05			
305	F	p>=0.05		p>=0.05		p>=0.05		F	-		-		-			
306	Y	p>=0.05		-		p>=0.05		Y	-		p>=0.05		p>=0.05			
307	T	p>=0.05		p>=0.05		p>=0.05		T	-		-		-			
308	R	p>=0.05		p>=0.05		p>=0.05		R	-		-		-			
309	I	p>=0.05		p>=0.05		p>=0.05		I	-		-		-			
310	P	-		p>=0.05		p>=0.05		P	-		-		-			
311	H	p>=0.05		-		p>=0.05		H	-		p>=0.05		p>=0.05			
312	D	p>=0.05		-		p>=0.05		D	-		p>=0.05		p>=0.05			
313	F	p>=0.05		p<0.05	16.0	p<0.05	16.0	F	-		-		-			Pos
314	G	-		-		-		G	-		p>=0.05		p>=0.05			
315	L	-		-		-		L	p<0.05	4.0	p<0.05	9.0	p<0.05	9.0	Neg	Neg
316	R	-		-		-		R	-		p>=0.05		p>=0.05			
317	T	-		-		-		T	p>=0.05		p>=0.05		p>=0.05			
318	P	-		-		-		P	-		p>=0.05		p>=0.05			
319	P	-		-		-		P	-		p<0.05	13.0	p<0.05	6.0		Neg
320	L	-		-		-		L	p>=0.05		p<0.05	13.0	p<0.05	6.0		Neg
321	I	-		-		-		I	p>=0.05		p<0.05	13.0	p<0.05	6.0		Neg
322	R	-		-		-		R	-		p>=0.05		p>=0.05			
323	T	p>=0.05		-		p>=0.05		T	-		p>=0.05		p>=0.05			
324	Q	-		p>=0.05		p>=0.05		Q	p>=0.05		-		p>=0.05			
325	K	-		p>=0.05		p>=0.05		K	-		-		-			
326	E	-		p>=0.05		p>=0.05		E	-		-		-			
327	L	p>=0.05		p<0.05	5.0	p<0.05	5.0	L	-		-		-			Pos
328	S	p>=0.05		p<0.05	5.0	p<0.05	5.0	S	-		-		-			Pos
329	E	p>=0.05		p>=0.05		p>=0.05		E	-		-		-			
330	K	p>=0.05		p>=0.05		p>=0.05		K	-		-		-			
331	I	p>=0.05		p>=0.05		p>=0.05		I	-		-		-			
332	Q	-		p>=0.05		p>=0.05		Q	p>=0.05		-		p>=0.05			
333	L	-		-		-		L	-		p>=0.05		p>=0.05			
334	L	-		-		-		L	-		p>=0.05		p>=0.05			
335	E	-		-		-		E	p>=0.05		p<0.05	10.0	p<0.05	10.0		Neg
336	A	-		-		-		A	-		p>=0.05		p>=0.05			
337	L	-		-		-		L	-		p>=0.05		p>=0.05			
338	G	-		-		-		G	-		p>=0.05		p>=0.05			
339	D	p>=0.05		-		p>=0.05		D	-		p>=0.05		p>=0.05			
340	I	p>=0.05		-		p>=0.05		I	-		p>=0.05		p>=0.05			
341	E	-		-		-		E	p>=0.05		p>=0.05		p>=0.05			
342	I	-		-		-		I	p>=0.05		p>=0.05		p>=0.05			
343	A	-		-		-		A	-		p>=0.05		p>=0.05			
344	I	-		-		-		I	p>=0.05		p>=0.05		p>=0.05			
345	K	-		-		-		K	p>=0.05		p>=0.05		p>=0.05			
346	L	-		p>=0.05		p>=0.05		L	-		-		-			
347	V	-		-		-		V	-		p>=0.05		p>=0.05			
348	K	p>=0.05		-		p>=0.05		K	-		p>=0.05		p>=0.05			
349	T	-		-		-		T	p>=0.05		p>=0.05		p>=0.05			
350	E	-		-		-		E	p>=0.05		p>=0.05		p>=0.05			
351	L	-		-		-		L	-		p>=0.05		p>=0.05			
352	Q	-		-		-		Q	p>=0.05		p>=0.05		p>=0.05			
353	S	-		-		-		S	p>=0.05		p>=0.05		p>=0.05			
354	P	-		-		-		P	-		p>=0.05		p>=0.05			
355	E	-		-		-		E	-		p>=0.05		p>=0.05			
356	H	-		p>=0.05		p>=0.05		H	-		-		-			
357	P	-		p<0.05	13.0	p<0.05	7.0	P	-		-		-			Pos
358	L	p<0.05	3.0	p>=0.05		p<0.05	7.0	L	-		-		-		Pos	
359	D	-		-		-		D	-		p>=0.05		p>=0.05			
360	Q	-		-		-		Q	-		p<0.05	7.0	p<0.05	3.0		Neg
361	H	-		-		-		H	p>=0.05		p>=0.05		p>=0.05			
362	Y	-		-		-		Y	p>=0.05		p<0.05	7.0	p<0.05	3.0		Neg
363	R	-		-		-		R	p<0.05	7.0	p<0.05	7.0	p<0.05	3.0	Neg	Neg
364	N	p>=0.05		-		p>=0.05		N	-		p<0.05	7.0	p<0.05	3.0		Neg
365	L	-		-		-		L	p>=0.05		p<0.05	7.0	p<0.05	3.0		Neg
366	H	-		-		-		H	-		p<0.05	7.0	p<0.05	3.0		Neg
367	C	-		-		-		C	p>=0.05		p>=0.05		p>=0.05			
368	A	-		p>=0.05		p>=0.05		A	-		-		-			
369	L	p>=0.05		p<0.05	1.0	p<0.05	1.0	L	-		-		-			Pos
370	R	-		p>=0.05		p>=0.05		R	-		-		-			
371	P	-		-		-		P	-		p>=0.05		p>=0.05			
372	L	-		-		-		L	p>=0.05		p>=0.05		p>=0.05			
373	D	p>=0.05		p>=0.05		p>=0.05		D	-		-		-			
374	H	-		p>=0.05		p>=0.05		H	p>=0.05		-		p>=0.05			
375	E	p>=0.05		p>=0.05		p>=0.05		E	-		-		-			
376	S	p>=0.05		p>=0.05		p>=0.05		S	-		-		-			
377	Y	p>=0.05		p>=0.05		p>=0.05		Y	-		-		-			
378	E	p>=0.05		p>=0.05		p>=0.05		E	-		-		-			
379	F	-		p>=0.05		p>=0.05		F	p>=0.05		-		p>=0.05			
380	K	p>=0.05		p>=0.05		p>=0.05		K	-		-		-			
381	V	-		p>=0.05		p>=0.05		V	p>=0.05		-		p>=0.05			
382	I	-		-		-		I	p>=0.05		p>=0.05		p>=0.05			
383	S	-		-		-		S	-		p>=0.05		p>=0.05			
384	Q	-		-		-		Q	-		p<0.05	2.0	p<0.05	0.0		Neg
385	Y	-		-		-		Y	p>=0.05		p<0.05	2.0	p<0.05	0.0		Neg
386	L	-		-		-		L	p>=0.05		p<0.05	2.0	p<0.05	0.0		Neg
387	Q	-		-		-		Q	-		p<0.05	2.0	p<0.05	0.0		Neg
388	S	-		-		-		S	p<0.05	8.0	p<0.05	2.0	p<0.05	0.0	Neg	Neg
389	T	-		-		-		T	p>=0.05		p<0.05	2.0	p<0.05	0.0		Neg
390	H	-		-		-		H	p>=0.05		p<0.05	2.0	p<0.05	0.0		Neg
391	A	-		-		-		A	-		p<0.05	2.0	p<0.05	0.0		Neg
392	P	-		-		-		P	-		p<0.05	2.0	p<0.05	0.0		Neg
393	T	-		-		-		T	-		p<0.05	2.0	p<0.05	0.0		Neg
394	H	-		-		-		H	p<0.05	2.0	p<0.05	2.0	p<0.05	0.0	Neg	Neg
395	S	-		-		-		S	p<0.05	2.0	p<0.05	2.0	p<0.05	0.0	Neg	Neg
396	D	-		-		-		D	p>=0.05		p<0.05	2.0	p<0.05	0.0		Neg
397	Y	-		-		-		Y	p>=0.05		p<0.05	2.0	p<0.05	0.0		Neg
398	T	-		-		-		T	p>=0.05		p>=0.05		p>=0.05			
399	M	-		-		-		M	p>=0.05		p>=0.05		p>=0.05			
400	T	-		-		-		T	p>=0.05		p>=0.05		p>=0.05			
401	L	-		-		-		L	p>=0.05		p>=0.05		p>=0.05			
402	L	-		-		-		L	p>=0.05		p>=0.05		p>=0.05			
403	D	p>=0.05		-		p>=0.05		D	-		p>=0.05		p>=0.05			
404	L	-		p>=0.05		p>=0.05		L	p>=0.05		-		p>=0.05			
405	F	-		-		-		F	p>=0.05		p>=0.05		p>=0.05			
406	E	p>=0.05		p<0.05	1.0	p<0.05	1.0	E	-		-		-			Pos
407	V	p<0.05	1.0	p<0.05	1.0	p<0.05	1.0	V	-		-		-		Pos	Pos
408	E	p>=0.05		p>=0.05		p>=0.05		E	-		-		-			
409	K	-		-		-		K	p>=0.05		p>=0.05		p>=0.05			
410	D	-		-		-		D	p>=0.05		p>=0.05		p>=0.05			
411	G	-		-		-		G	-		p>=0.05		p>=0.05			
412	E	-		-		-		E	p>=0.05		p>=0.05		p>=0.05			
413	K	-		-		-		K	p>=0.05		p>=0.05		p>=0.05			
414	E	p>=0.05		-		p>=0.05		E	-		p>=0.05		p>=0.05			
415	A	-		-		-		A	-		p>=0.05		p>=0.05			
416	F	-		-		-		F	-		p<0.05	0.0	p<0.05	1.0		Neg
417	R	-		-		-		R	p>=0.05		p<0.05	0.0	p<0.05	1.0		Neg
418	E	-		-		-		E	p>=0.05		p<0.05	0.0	p<0.05	1.0		Neg
419	D	-		-		-		D	p>=0.05		p<0.05	0.0	p<0.05	1.0		Neg
420	L	-		-		-		L	p>=0.05		p<0.05	0.0	p<0.05	1.0		Neg
421	H	-		-		-		H	p>=0.05		p>=0.05		p>=0.05			
422	N	-		-		-		N	p>=0.05		p>=0.05		p>=0.05			
423	R	-		-		-		R	p>=0.05		p>=0.05		p>=0.05			
424	M	-		-		-		M	p>=0.05		p>=0.05		p>=0.05			
425	L	-		-		-		L	p>=0.05		p>=0.05		p>=0.05			
426	L	-		-		-		L	p>=0.05		p>=0.05		p>=0.05			
427	W	-		-		-		W	p<0.05	6.0	p>=0.05		p<0.05	0.0	Neg	
428	H	p>=0.05		-		p>=0.05		H	-		p<0.05	3.0	p<0.05	0.0		Neg
429	G	-		-		-		G	-		p>=0.05		p>=0.05			
430	S	p>=0.05		-		p>=0.05		S	-		p<0.05	1.0	p<0.05	2.0		Neg
431	R	-		-		-		R	p<0.05	3.0	p<0.05	1.0	p<0.05	2.0	Neg	Neg
432	M	-		-		-		M	p>=0.05		p<0.05	1.0	p<0.05	2.0		Neg
433	S	-		-		-		S	p>=0.05		p<0.05	1.0	p<0.05	2.0		Neg
434	N	-		-		-		N	p>=0.05		p<0.05	1.0	p<0.05	2.0		Neg
435	W	p>=0.05		-		p>=0.05		W	-		p>=0.05		p>=0.05			
436	V	p>=0.05		-		p>=0.05		V	-		p>=0.05		p>=0.05			
437	G	-		-		-		G	-		p>=0.05		p>=0.05			
438	I	p>=0.05		p>=0.05		p>=0.05		I	-		-		-			
439	L	-		-		-		L	-		p>=0.05		p>=0.05			
440	S	-		-		-		S	p>=0.05		p>=0.05		p>=0.05			
441	H	-		-		-		H	p>=0.05		p>=0.05		p>=0.05			
442	G	-		p>=0.05		p>=0.05		G	-		-		-			
443	L	p>=0.05		p<0.05	18.0	p<0.05	18.0	L	-		-		-			Pos
444	R	-		p<0.05	18.0	p<0.05	18.0	R	-		-		-			Pos
445	I	p>=0.05		-		p>=0.05		I	-		p>=0.05		p>=0.05			
446	A	-		p<0.05	12.0	p<0.05	14.0	A	-		-		-			Pos
447	P	-		-		-		P	-		p>=0.05		p>=0.05			
448	P	-		-		-		P	-		p>=0.05		p>=0.05			
449	E	-		-		-		E	p>=0.05		p<0.05	0.0	p<0.05	1.0		Neg
450	A	-		-		-		A	-		p<0.05	0.0	p<0.05	1.0		Neg
451	P	-		-		-		P	-		p<0.05	0.0	p<0.05	1.0		Neg
452	I	-		-		-		I	p>=0.05		p<0.05	0.0	p<0.05	1.0		Neg
453	T	-		-		-		T	p<0.05	0.0	p<0.05	0.0	p<0.05	1.0	Neg	Neg
454	G	-		-		-		G	-		p<0.05	0.0	p<0.05	1.0		Neg
455	Y	-		-		-		Y	p<0.05	0.0	p<0.05	0.0	p<0.05	1.0	Neg	Neg
456	M	-		-		-		M	p<0.05	0.0	p<0.05	0.0	p<0.05	1.0	Neg	Neg
457	F	-		-		-		F	-		p<0.05	0.0	p<0.05	1.0		Neg
458	G	-		-		-		G	-		p<0.05	0.0	p<0.05	1.0		Neg
459	K	-		-		-		K	-		-		-			
460	G	-		-		-		G	-		p>=0.05		p>=0.05			
461	I	-		-		-		I	p>=0.05		p>=0.05		p>=0.05			
462	Y	-		-		-		Y	p>=0.05		p>=0.05		p>=0.05			
463	F	-		-		-		F	-		p<0.05	3.0	p<0.05	0.0		Neg
464	A	-		-		-		A	-		p<0.05	3.0	p<0.05	0.0		Neg
465	D	-		-		-		D	-		p<0.05	3.0	p<0.05	0.0		Neg
466	M	-		-		-		M	p>=0.05		p>=0.05		p>=0.05			
467	S	p>=0.05		-		p>=0.05		S	-		p<0.05	2.0	p<0.05	0.0		Neg
468	S	-		-		-		S	p>=0.05		p>=0.05		p>=0.05			
469	K	-		-		-		K	-		p>=0.05		p>=0.05			
470	S	-		-		-		S	-		p>=0.05		p>=0.05			
471	A	-		-		-		A	-		p<0.05	1.0	p<0.05	2.0		Neg
472	N	-		-		-		N	-		p<0.05	1.0	p<0.05	2.0		Neg
473	Y	-		-		-		Y	p>=0.05		p>=0.05		p>=0.05			
474	C	-		-		-		C	p>=0.05		p<0.05	1.0	p<0.05	2.0		Neg
475	F	-		-		-		F	p>=0.05		p<0.05	1.0	p<0.05	2.0		Neg
476	A	-		-		-		A	-		p<0.05	1.0	p<0.05	2.0		Neg
477	S	-		-		-		S	p>=0.05		p>=0.05		p>=0.05			
478	R	-		-		-		R	-		p>=0.05		p>=0.05			
479	L	p>=0.05		-		p>=0.05		L	-		p>=0.05		p>=0.05			
480	K	-		-		-		K	-		p>=0.05		p>=0.05			
481	N	-		-		-		N	-		p>=0.05		p>=0.05			
482	T	-		p>=0.05		p>=0.05		T	-		-		-			
483	G	-		-		-		G	-		p>=0.05		p>=0.05			
484	L	p>=0.05		p>=0.05		p>=0.05		L	-		-		-			
485	L	p>=0.05		p>=0.05		p>=0.05		L	-		-		-			
486	L	-		-		-		L	-		p>=0.05		p>=0.05			
487	L	-		-		-		L	p>=0.05		p>=0.05		p>=0.05			
488	S	-		-		-		S	p>=0.05		p>=0.05		p>=0.05			
489	E	-		-		-		E	-		p>=0.05		p>=0.05			
490	V	-		-		-		V	-		p>=0.05		p>=0.05			
491	A	-		-		-		A	-		p>=0.05		p>=0.05			
492	L	-		-		-		L	p>=0.05		p>=0.05		p>=0.05			
493	G	-		-		-		G	-		p>=0.05		p>=0.05			
494	Q	-		-		-		Q	-		p<0.05	0.0	p<0.05	1.0		Neg
495	C	-		-		-		C	p>=0.05		p<0.05	0.0	p<0.05	1.0		Neg
496	N	-		-		-		N	-		p<0.05	0.0	p<0.05	1.0		Neg
497	E	-		-		-		E	-		p<0.05	0.0	p<0.05	1.0		Neg
498	L	-		-		-		L	p>=0.05		p<0.05	0.0	p<0.05	1.0		Neg
499	L	-		-		-		L	p>=0.05		p<0.05	0.0	p<0.05	1.0		Neg
500	E	-		-		-		E	-		p<0.05	0.0	p<0.05	1.0		Neg
501	A	-		-		-		A	-		p<0.05	0.0	p<0.05	1.0		Neg
502	N	-		-		-		N	-		-		-			
503	P	-		-		-		P	-		p<0.05	0.0	p<0.05	1.0		Neg
504	K	-		-		-		K	-		-		-			
505	A	-		p<0.05	9.0	p<0.05	9.0	A	-		-		-			Pos
506	E	-		p<0.05	9.0	p<0.05	9.0	E	-		-		-			Pos
507	G	-		p<0.05	9.0	p<0.05	9.0	G	-		-		-			Pos
508	L	p>=0.05		p<0.05	9.0	p<0.05	9.0	L	-		-		-			Pos
509	L	p>=0.05		p<0.05	9.0	p<0.05	9.0	L	-		-		-			Pos
510	Q	-		p<0.05	9.0	p<0.05	9.0	Q	-		-		-			Pos
511	G	-		p<0.05	9.0	p<0.05	9.0	G	-		-		-			Pos
512	K	-		-		-		K	-		p>=0.05		p>=0.05			
513	H	-		-		-		H	-		-		-			
514	S	-		-		-		S	-		p<0.05	0.0	p<0.05	1.0		Neg
515	T	-		-		-		T	-		p<0.05	0.0	p<0.05	1.0		Neg
516	K	-		-		-		K	-		p>=0.05		p>=0.05			
517	G	-		-		-		G	-		p>=0.05		p>=0.05			
518	L	p>=0.05		-		p>=0.05		L	-		p<0.05	0.0	p<0.05	1.0		Neg
519	G	-		-		-		G	-		p>=0.05		p>=0.05			
520	K	-		p<0.05	2.0	p<0.05	2.0	K	-		-		-			Pos
521	M	p>=0.05		p<0.05	2.0	p<0.05	2.0	M	-		-		-			Pos
522	A	-		p<0.05	2.0	p<0.05	2.0	A	-		-		-			Pos
523	P	-		-		-		P	-		-		-			
524	S	-		-		-		S	-		-		-			
525	S	-		-		-		S	-		p>=0.05		p>=0.05			
526	A	-		-		-		A	-		p>=0.05		p>=0.05			
527	H	-		-		-		H	-		p>=0.05		p>=0.05			
528	F	-		-		-		F	p>=0.05		p>=0.05		p>=0.05			
529	V	p>=0.05		-		p>=0.05		V	-		p>=0.05		p>=0.05			
530	T	-		-		-		T	-		p>=0.05		p>=0.05			
531	L	-		-		-		L	p>=0.05		p>=0.05		p>=0.05			
532	N	-		-		-		N	-		p>=0.05		p>=0.05			
533	G	-		-		-		G	-		p>=0.05		p>=0.05			
534	S	-		-		-		S	-		p>=0.05		p>=0.05			
535	T	-		-		-		T	-		p>=0.05		p>=0.05			
536	V	-		-		-		V	p>=0.05		p>=0.05		p>=0.05			
537	P	-		-		-		P	-		p>=0.05		p>=0.05			
538	L	-		-		-		L	-		p>=0.05		p>=0.05			
539	G	-		-		-		G	-		p<0.05	2.0	p<0.05	0.0		Neg
540	P	-		-		-		P	-		p<0.05	2.0	p<0.05	0.0		Neg
541	A	-		p<0.05	2.0	p<0.05	2.0	A	-		-		-			Pos
542	S	-		p<0.05	2.0	p<0.05	2.0	S	-		-		-			Pos
543	D	-		p<0.05	2.0	p<0.05	2.0	D	-		-		-			Pos
544	T	-		p<0.05	2.0	p<0.05	2.0	T	-		-		-			Pos
545	G	-		p>=0.05		p>=0.05		G	-		-		-			
546	I	p>=0.05		p<0.05	2.0	p<0.05	2.0	I	-		-		-			Pos
547	L	p>=0.05		p<0.05	2.0	p<0.05	2.0	L	-		-		-			Pos
548	N	-		p<0.05	2.0	p<0.05	2.0	N	-		-		-			Pos
549	P	-		-		-		P	-		-		-			
550	D	-		-		-		D	-		-		-			
551	G	-		-		-		G	-		p>=0.05		p>=0.05			
552	Y	-		-		-		Y	p>=0.05		p>=0.05		p>=0.05			
553	T	-		-		-		T	-		p<0.05	4.0	p<0.05	4.0		Neg
554	L	-		-		-		L	p>=0.05		p<0.05	4.0	p<0.05	4.0		Neg
555	N	-		-		-		N	-		p<0.05	4.0	p<0.05	4.0		Neg
556	Y	-		-		-		Y	-		p>=0.05		p>=0.05			
557	N	-		p>=0.05		p>=0.05		N	-		-		-			
558	E	-		-		-		E	-		p>=0.05		p>=0.05			
559	Y	-		-		-		Y	p>=0.05		p>=0.05		p>=0.05			
560	I	-		-		-		I	p>=0.05		p>=0.05		p>=0.05			
561	V	-		-		-		V	p>=0.05		p<0.05	0.0	p<0.05	1.0		Neg
562	Y	-		-		-		Y	p>=0.05		p<0.05	0.0	p<0.05	1.0		Neg
563	N	-		-		-		N	-		p<0.05	0.0	p<0.05	1.0		Neg
564	P	-		-		-		P	-		-		-			
565	N	-		-		-		N	-		-		-			
566	Q	-		-		-		Q	-		p<0.05	0.0	p<0.05	1.0		Neg
567	V	-		-		-		V	-		-		-			
568	R	-		-		-		R	-		p>=0.05		p>=0.05			
569	M	-		-		-		M	p>=0.05		p>=0.05		p>=0.05			
570	R	-		p>=0.05		p>=0.05		R	-		-		-			
571	Y	-		p>=0.05		p>=0.05		Y	p>=0.05		-		p>=0.05			
572	L	-		-		-		L	p>=0.05		p>=0.05		p>=0.05			
573	L	-		p>=0.05		p>=0.05		L	-		-		-			
574	K	-		p>=0.05		p>=0.05		K	-		-		-			
575	V	p>=0.05		-		p>=0.05		V	-		p>=0.05		p>=0.05			
576	Q	-		-		-		Q	-		p>=0.05		p>=0.05			
577	F	-		-		-		F	p>=0.05		p>=0.05		p>=0.05			
578	N	-		-		-		N	-		p>=0.05		p>=0.05			
579	F	-		-		-		F	-		p>=0.05		p>=0.05			
580	L	-		-		-		L	p>=0.05		p>=0.05		p>=0.05			
581	Q	-		-		-		Q	-		p>=0.05		p>=0.05			
582	L	-		-		-		L	-		p>=0.05		p>=0.05			
583	W	-		-		-		W	-		-		-			
