unipos	unires	PARP2_Nirap_LFC_pos_05_psig	PARP2_Nirap_LFC_pos_05_psig_Clust_6A	PARP2_Nirap_LFC3D_pos_05_psig	PARP2_Nirap_LFC3D_pos_05_psig_Clust_6A	PARP2_Nirap_union_pos_05_psig	PARP2_Nirap_union_pos_05_psig_Clust_6A	unires	PARP2_Nirap_LFC_neg_05_psig	PARP2_Nirap_LFC_neg_05_psig_Clust_6A	PARP2_Nirap_LFC3D_neg_05_psig	PARP2_Nirap_LFC3D_neg_05_psig_Clust_6A	PARP2_Nirap_union_neg_05_psig	PARP2_Nirap_union_neg_05_psig_Clust_6A	PARP2_Nirap_LFC_05_hits	PARP2_Nirap_LFC3D_05_hits
1	M	-		-		-		M	-		-		-			
2	A	-		-		-		A	-		-		-			
3	A	-		-		-		A	-		-		-			
4	R	-		-		-		R	-		-		-			
5	R	-		-		-		R	-		-		-			
6	R	-		-		-		R	-		-		-			
7	R	-		-		-		R	-		-		-			
8	S	-		-		-		S	-		-		-			
9	T	-		-		-		T	-		-		-			
10	G	-		-		-		G	-		-		-			
11	G	-		-		-		G	-		-		-			
12	G	-		-		-		G	-		-		-			
13	R	-		p<0.05	3.0	p<0.05	7.0	R	-		-		-			Pos
14	A	p>=0.05		p<0.05	3.0	p<0.05	7.0	A	-		-		-			Pos
15	R	-		p<0.05	3.0	p<0.05	7.0	R	-		-		-			Pos
16	A	-		-		-		A	-		-		-			
17	L	-		-		-		L	-		-		-			
18	N	-		-		-		N	-		-		-			
19	E	-		-		-		E	-		-		-			
20	S	-		p>=0.05		p>=0.05		S	-		-		-			
21	K	p>=0.05		-		p>=0.05		K	-		p>=0.05		p>=0.05			
22	R	-		-		-		R	p>=0.05		p>=0.05		p>=0.05			
23	V	-		-		-		V	-		p>=0.05		p>=0.05			
24	N	-		-		-		N	-		-		-			
25	N	-		-		-		N	-		p>=0.05		p>=0.05			
26	G	-		-		-		G	p>=0.05		p>=0.05		p>=0.05			
27	N	-		-		-		N	-		p>=0.05		p>=0.05			
28	T	-		-		-		T	-		-		-			
29	A	-		-		-		A	-		-		-			
30	P	-		-		-		P	-		-		-			
31	E	-		-		-		E	-		-		-			
32	D	-		p>=0.05		p>=0.05		D	-		-		-			
33	S	p>=0.05		p>=0.05		p>=0.05		S	-		-		-			
34	S	p>=0.05		p<0.05	18.0	p<0.05	18.0	S	-		-		-			Pos
35	P	p>=0.05		p<0.05	18.0	p<0.05	18.0	P	-		-		-			Pos
36	A	-		p<0.05	18.0	p<0.05	18.0	A	-		-		-			Pos
37	K	p>=0.05		p>=0.05		p>=0.05		K	-		-		-			
38	K	-		p<0.05	1.0	p<0.05	1.0	K	p>=0.05		-		p>=0.05			Pos
39	T	-		p<0.05	1.0	p<0.05	1.0	T	-		-		-			Pos
40	R	p>=0.05		p>=0.05		p>=0.05		R	-		-		-			
41	R	-		p<0.05	1.0	p<0.05	1.0	R	-		-		-			Pos
42	C	-		-		-		C	-		-		-			
43	Q	-		-		-		Q	-		p<0.05	7.0	p<0.05	7.0		Neg
44	R	-		-		-		R	p>=0.05		p>=0.05		p>=0.05			
45	Q	-		-		-		Q	p>=0.05		p>=0.05		p>=0.05			
46	E	p>=0.05		-		p>=0.05		E	-		p>=0.05		p>=0.05			
47	S	-		-		-		S	-		p>=0.05		p>=0.05			
48	K	-		-		-		K	-		-		-			
49	K	-		p>=0.05		p>=0.05		K	-		-		-			
50	M	p>=0.05		p>=0.05		p>=0.05		M	-		-		-			
51	P	p>=0.05		p>=0.05		p>=0.05		P	-		-		-			
52	V	p>=0.05		p>=0.05		p>=0.05		V	-		-		-			
53	A	-		-		-		A	-		p>=0.05		p>=0.05			
54	G	-		-		-		G	p>=0.05		p>=0.05		p>=0.05			
55	G	-		p>=0.05		p>=0.05		G	-		-		-			
56	K	p>=0.05		p<0.05	11.0	p<0.05	11.0	K	-		-		-			Pos
57	A	p>=0.05		p>=0.05		p>=0.05		A	-		-		-			
58	N	-		p>=0.05		p>=0.05		N	p>=0.05		-		p>=0.05			
59	K	-		-		-		K	p>=0.05		p>=0.05		p>=0.05			
60	D	-		p>=0.05		p>=0.05		D	-		-		-			
61	R	p>=0.05		p>=0.05		p>=0.05		R	-		-		-			
62	T	p>=0.05		p>=0.05		p>=0.05		T	-		-		-			
63	E	p>=0.05		p>=0.05		p>=0.05		E	-		-		-			
64	D	-		p>=0.05		p>=0.05		D	-		-		-			
65	K	-		-		-		K	-		-		-			
66	Q	-		-		-		Q	-		-		-			
67	D	-		-		-		D	-		-		-			
68	G	-		-		-		G	-		p>=0.05		p>=0.05			
69	M	-		-		-		M	p>=0.05		p>=0.05		p>=0.05			
70	P	-		p>=0.05		p>=0.05		P	-		-		-			
71	G	p>=0.05		p>=0.05		p>=0.05		G	-		-		-			
72	R	-		-		-		R	p>=0.05		p>=0.05		p>=0.05			
73	S	-		-		-		S	p>=0.05		p>=0.05		p>=0.05			
74	W	-		-		-		W	p>=0.05		p<0.05	8.0	p<0.05	8.0		Neg
75	A	-		-		-		A	p>=0.05		p<0.05	8.0	p<0.05	8.0		Neg
76	S	-		-		-		S	p>=0.05		p<0.05	8.0	p<0.05	8.0		Neg
77	K	-		-		-		K	p>=0.05		p<0.05	8.0	p<0.05	8.0		Neg
78	R	-		-		-		R	p>=0.05		p<0.05	8.0	p<0.05	8.0		Neg
79	V	-		-		-		V	p>=0.05		p<0.05	8.0	p<0.05	8.0		Neg
80	S	-		-		-		S	p>=0.05		p<0.05	8.0	p<0.05	8.0		Neg
81	E	-		-		-		E	-		p<0.05	8.0	p<0.05	8.0		Neg
82	S	-		-		-		S	p>=0.05		p<0.05	8.0	p<0.05	8.0		Neg
83	V	-		-		-		V	p>=0.05		p>=0.05		p>=0.05			
84	K	p>=0.05		-		p>=0.05		K	-		p>=0.05		p>=0.05			
85	A	-		-		-		A	-		p>=0.05		p>=0.05			
86	L	-		p<0.05	0.0	p<0.05	0.0	L	-		-		-			Pos
87	L	p>=0.05		p<0.05	0.0	p<0.05	0.0	L	-		-		-			Pos
88	L	-		p>=0.05		p>=0.05		L	-		-		-			
89	K	-		-		-		K	p>=0.05		p>=0.05		p>=0.05			
90	G	-		-		-		G	-		p>=0.05		p>=0.05			
91	K	p>=0.05		p>=0.05		p>=0.05		K	-		-		-			
92	A	-		-		-		A	-		p>=0.05		p>=0.05			
93	P	-		p<0.05	0.0	p<0.05	0.0	P	-		-		-			Pos
94	V	-		p>=0.05		p>=0.05		V	-		-		-			
95	D	p>=0.05		-		p>=0.05		D	-		p>=0.05		p>=0.05			
96	P	-		-		-		P	-		p>=0.05		p>=0.05			
97	E	-		-		-		E	p>=0.05		p>=0.05		p>=0.05			
98	C	-		-		-		C	p>=0.05		p>=0.05		p>=0.05			
99	T	-		-		-		T	p>=0.05		p>=0.05		p>=0.05			
100	A	-		-		-		A	-		p<0.05	9.0	p<0.05	9.0		Neg
101	K	-		-		-		K	p>=0.05		p>=0.05		p>=0.05			
102	V	p>=0.05		-		p>=0.05		V	-		p>=0.05		p>=0.05			
103	G	-		p>=0.05		p>=0.05		G	-		-		-			
104	K	p>=0.05		p>=0.05		p>=0.05		K	-		-		-			
105	A	-		p>=0.05		p>=0.05		A	-		-		-			
106	H	p>=0.05		-		p>=0.05		H	-		p>=0.05		p>=0.05			
107	V	-		-		-		V	p>=0.05		p>=0.05		p>=0.05			
108	Y	-		-		-		Y	p>=0.05		p>=0.05		p>=0.05			
109	C	-		-		-		C	p>=0.05		p>=0.05		p>=0.05			
110	E	p>=0.05		p>=0.05		p>=0.05		E	-		-		-			
111	G	p>=0.05		p>=0.05		p>=0.05		G	-		-		-			
112	N	p>=0.05		p>=0.05		p>=0.05		N	-		-		-			
113	D	p>=0.05		p>=0.05		p>=0.05		D	-		-		-			
114	V	-		-		-		V	-		p>=0.05		p>=0.05			
115	Y	-		-		-		Y	p>=0.05		p>=0.05		p>=0.05			
116	D	p>=0.05		p>=0.05		p>=0.05		D	-		-		-			
117	V	-		-		-		V	-		p>=0.05		p>=0.05			
118	M	p>=0.05		-		p>=0.05		M	-		p>=0.05		p>=0.05			
119	L	p>=0.05		-		p>=0.05		L	-		p>=0.05		p>=0.05			
120	N	p>=0.05		-		p>=0.05		N	-		p>=0.05		p>=0.05			
121	Q	p>=0.05		-		p>=0.05		Q	-		p>=0.05		p>=0.05			
122	T	-		-		-		T	-		p<0.05	6.0	p<0.05	6.0		Neg
123	N	-		-		-		N	-		p<0.05	6.0	p<0.05	6.0		Neg
124	L	-		-		-		L	p>=0.05		p<0.05	6.0	p<0.05	6.0		Neg
125	Q	p>=0.05		-		p>=0.05		Q	-		p<0.05	6.0	p<0.05	6.0		Neg
126	F	-		-		-		F	p<0.05	4.0	p<0.05	6.0	p<0.05	6.0	Neg	Neg
127	N	-		-		-		N	p>=0.05		p<0.05	6.0	p<0.05	6.0		Neg
128	N	-		-		-		N	p>=0.05		p<0.05	6.0	p<0.05	6.0		Neg
129	N	-		-		-		N	p>=0.05		p>=0.05		p>=0.05			
130	K	p>=0.05		p>=0.05		p>=0.05		K	-		-		-			
131	Y	p>=0.05		p>=0.05		p>=0.05		Y	-		-		-			
132	Y	-		-		-		Y	p>=0.05		p>=0.05		p>=0.05			
133	L	-		-		-		L	p>=0.05		p>=0.05		p>=0.05			
134	I	p>=0.05		p>=0.05		p>=0.05		I	-		-		-			
135	Q	p>=0.05		-		p>=0.05		Q	-		p>=0.05		p>=0.05			
136	L	-		-		-		L	p>=0.05		p>=0.05		p>=0.05			
137	L	-		-		-		L	p>=0.05		p>=0.05		p>=0.05			
138	E	-		-		-		E	p>=0.05		p>=0.05		p>=0.05			
139	D	p>=0.05		p>=0.05		p>=0.05		D	-		-		-			
140	D	p<0.05	2.0	p>=0.05		p<0.05	10.0	D	-		-		-		Pos	
141	A	-		p>=0.05		p>=0.05		A	-		-		-			
142	Q	-		p>=0.05		p>=0.05		Q	p>=0.05		-		p>=0.05			
143	R	-		-		-		R	p>=0.05		p>=0.05		p>=0.05			
144	N	-		-		-		N	p>=0.05		p>=0.05		p>=0.05			
145	F	-		-		-		F	-		p>=0.05		p>=0.05			
146	S	-		p>=0.05		p>=0.05		S	p>=0.05		-		p>=0.05			
147	V	-		-		-		V	p>=0.05		p>=0.05		p>=0.05			
148	W	-		p>=0.05		p>=0.05		W	p>=0.05		-		p>=0.05			
149	M	p>=0.05		p>=0.05		p>=0.05		M	-		-		-			
150	R	-		p>=0.05		p>=0.05		R	p>=0.05		-		p>=0.05			
151	W	p>=0.05		p>=0.05		p>=0.05		W	-		-		-			
152	G	-		p>=0.05		p>=0.05		G	-		-		-			
153	R	-		p>=0.05		p>=0.05		R	-		-		-			
154	V	-		p>=0.05		p>=0.05		V	-		-		-			
155	G	-		p>=0.05		p>=0.05		G	-		-		-			
156	K	p>=0.05		p<0.05	10.0	p<0.05	5.0	K	-		-		-			Pos
157	M	p>=0.05		p<0.05	10.0	p<0.05	5.0	M	-		-		-			Pos
158	G	-		p<0.05	10.0	p<0.05	5.0	G	-		-		-			Pos
159	Q	p>=0.05		p>=0.05		p>=0.05		Q	-		-		-			
160	H	p>=0.05		p>=0.05		p>=0.05		H	-		-		-			
161	S	p>=0.05		p>=0.05		p>=0.05		S	-		-		-			
162	L	-		-		-		L	-		p>=0.05		p>=0.05			
163	V	p>=0.05		p>=0.05		p>=0.05		V	-		-		-			
164	A	p>=0.05		p<0.05	6.0	p<0.05	9.0	A	-		-		-			Pos
165	C	p>=0.05		p<0.05	6.0	p<0.05	9.0	C	-		-		-			Pos
166	S	p>=0.05		p>=0.05		p>=0.05		S	-		-		-			
167	G	-		p>=0.05		p>=0.05		G	-		-		-			
168	N	p>=0.05		p>=0.05		p>=0.05		N	-		-		-			
169	L	-		p>=0.05		p>=0.05		L	p>=0.05		-		p>=0.05			
170	N	-		p>=0.05		p>=0.05		N	-		-		-			
171	K	p>=0.05		p>=0.05		p>=0.05		K	-		-		-			
172	A	-		p<0.05	9.0	p<0.05	6.0	A	-		-		-			Pos
173	K	p>=0.05		p<0.05	9.0	p<0.05	6.0	K	-		-		-			Pos
174	E	p>=0.05		p<0.05	9.0	p<0.05	6.0	E	-		-		-			Pos
175	I	p>=0.05		p<0.05	9.0	p<0.05	6.0	I	-		-		-			Pos
176	F	p>=0.05		p<0.05	9.0	p<0.05	6.0	F	-		-		-			Pos
177	Q	p>=0.05		p>=0.05		p>=0.05		Q	-		-		-			
178	K	-		p>=0.05		p>=0.05		K	p>=0.05		-		p>=0.05			
179	K	p>=0.05		p>=0.05		p>=0.05		K	-		-		-			
180	F	-		-		-		F	p>=0.05		p>=0.05		p>=0.05			
181	L	-		p>=0.05		p>=0.05		L	p>=0.05		-		p>=0.05			
182	D	p>=0.05		p>=0.05		p>=0.05		D	-		-		-			
183	K	p>=0.05		-		p>=0.05		K	-		p>=0.05		p>=0.05			
184	T	p>=0.05		-		p>=0.05		T	-		p>=0.05		p>=0.05			
185	K	-		p>=0.05		p>=0.05		K	p>=0.05		-		p>=0.05			
186	N	p>=0.05		p>=0.05		p>=0.05		N	-		-		-			
187	N	p>=0.05		p>=0.05		p>=0.05		N	-		-		-			
188	W	-		p<0.05	8.0	p<0.05	17.0	W	-		-		-			Pos
189	E	p>=0.05		p<0.05	8.0	p<0.05	17.0	E	-		-		-			Pos
190	D	p>=0.05		p<0.05	8.0	p<0.05	17.0	D	-		-		-			Pos
191	R	-		p<0.05	8.0	p<0.05	17.0	R	-		-		-			Pos
192	E	p>=0.05		p<0.05	8.0	p<0.05	17.0	E	-		-		-			Pos
193	K	p<0.05	3.0	p<0.05	8.0	p<0.05	17.0	K	-		-		-		Pos	Pos
194	F	-		p<0.05	8.0	p<0.05	17.0	F	-		-		-			Pos
195	E	-		p>=0.05		p>=0.05		E	-		-		-			
196	K	p>=0.05		-		p>=0.05		K	-		p>=0.05		p>=0.05			
197	V	-		-		-		V	-		p>=0.05		p>=0.05			
198	P	-		-		-		P	-		p>=0.05		p>=0.05			
199	G	-		-		-		G	-		p>=0.05		p>=0.05			
200	K	-		-		-		K	p>=0.05		p>=0.05		p>=0.05			
201	Y	-		-		-		Y	p>=0.05		p>=0.05		p>=0.05			
202	D	-		-		-		D	p>=0.05		p>=0.05		p>=0.05			
203	M	p>=0.05		p>=0.05		p>=0.05		M	-		-		-			
204	L	-		p>=0.05		p>=0.05		L	-		-		-			
205	Q	-		-		-		Q	-		-		-			
206	M	-		-		-		M	-		p>=0.05		p>=0.05			
207	D	-		-		-		D	p>=0.05		p>=0.05		p>=0.05			
208	Y	-		-		-		Y	p>=0.05		p>=0.05		p>=0.05			
209	A	-		-		-		A	-		p>=0.05		p>=0.05			
210	T	-		-		-		T	-		p>=0.05		p>=0.05			
211	N	-		-		-		N	-		-		-			
212	T	-		p>=0.05		p>=0.05		T	-		-		-			
213	Q	-		-		-		Q	-		-		-			
214	D	-		p<0.05	17.0	p<0.05	12.0	D	-		-		-			Pos
215	E	p>=0.05		p>=0.05		p>=0.05		E	-		-		-			
216	E	-		p>=0.05		p>=0.05		E	p>=0.05		-		p>=0.05			
217	E	-		p>=0.05		p>=0.05		E	p>=0.05		-		p>=0.05			
218	T	-		p>=0.05		p>=0.05		T	-		-		-			
219	K	-		-		-		K	-		p>=0.05		p>=0.05			
220	K	-		-		-		K	-		p>=0.05		p>=0.05			
221	E	-		-		-		E	-		p<0.05	5.0	p<0.05	5.0		Neg
222	E	-		-		-		E	p>=0.05		p<0.05	5.0	p<0.05	5.0		Neg
223	S	-		-		-		S	p>=0.05		p<0.05	5.0	p<0.05	5.0		Neg
224	L	-		-		-		L	p>=0.05		p<0.05	5.0	p<0.05	5.0		Neg
225	K	p>=0.05		-		p>=0.05		K	-		p>=0.05		p>=0.05			
226	S	-		p>=0.05		p>=0.05		S	-		-		-			
227	P	-		p>=0.05		p>=0.05		P	-		-		-			
228	L	p>=0.05		p<0.05	4.0	p<0.05	3.0	L	-		-		-			Pos
229	K	p>=0.05		p<0.05	4.0	p<0.05	3.0	K	-		-		-			Pos
230	P	p>=0.05		p<0.05	4.0	p<0.05	3.0	P	-		-		-			Pos
231	E	-		p>=0.05		p>=0.05		E	p>=0.05		-		p>=0.05			
232	S	p>=0.05		-		p>=0.05		S	-		p>=0.05		p>=0.05			
233	Q	p>=0.05		-		p>=0.05		Q	-		p>=0.05		p>=0.05			
234	L	-		-		-		L	p>=0.05		p>=0.05		p>=0.05			
235	D	-		-		-		D	p>=0.05		p>=0.05		p>=0.05			
236	L	-		-		-		L	p>=0.05		p>=0.05		p>=0.05			
237	R	-		-		-		R	-		p>=0.05		p>=0.05			
238	V	p>=0.05		-		p>=0.05		V	-		p>=0.05		p>=0.05			
239	Q	-		-		-		Q	p>=0.05		p>=0.05		p>=0.05			
240	E	p>=0.05		p>=0.05		p>=0.05		E	-		-		-			
241	L	-		p>=0.05		p>=0.05		L	p>=0.05		-		p>=0.05			
242	I	p>=0.05		p>=0.05		p>=0.05		I	-		-		-			
243	K	-		p>=0.05		p>=0.05		K	p>=0.05		-		p>=0.05			
244	L	p>=0.05		p>=0.05		p>=0.05		L	-		-		-			
245	I	p>=0.05		p>=0.05		p>=0.05		I	-		-		-			
246	C	-		p>=0.05		p>=0.05		C	-		-		-			
247	N	-		p>=0.05		p>=0.05		N	p>=0.05		-		p>=0.05			
248	V	-		-		-		V	-		p>=0.05		p>=0.05			
249	Q	p>=0.05		p>=0.05		p>=0.05		Q	-		-		-			
250	A	-		p>=0.05		p>=0.05		A	-		-		-			
251	M	-		p>=0.05		p>=0.05		M	p>=0.05		-		p>=0.05			
252	E	p>=0.05		p>=0.05		p>=0.05		E	-		-		-			
253	E	p>=0.05		p<0.05	12.0	p<0.05	13.0	E	-		-		-			Pos
254	M	p>=0.05		p>=0.05		p>=0.05		M	-		-		-			
255	M	p>=0.05		-		p>=0.05		M	-		p>=0.05		p>=0.05			
256	M	p>=0.05		-		p>=0.05		M	-		p>=0.05		p>=0.05			
257	E	-		-		-		E	p>=0.05		p>=0.05		p>=0.05			
258	M	-		-		-		M	p>=0.05		p>=0.05		p>=0.05			
259	K	-		-		-		K	p>=0.05		p>=0.05		p>=0.05			
260	Y	-		-		-		Y	p>=0.05		p>=0.05		p>=0.05			
261	N	-		-		-		N	-		p>=0.05		p>=0.05			
262	T	-		-		-		T	p>=0.05		p<0.05	4.0	p<0.05	4.0		Neg
263	K	-		-		-		K	p>=0.05		p<0.05	4.0	p<0.05	4.0		Neg
264	K	-		-		-		K	p>=0.05		p<0.05	4.0	p<0.05	4.0		Neg
265	A	-		-		-		A	-		p<0.05	4.0	p<0.05	4.0		Neg
266	P	-		-		-		P	-		p<0.05	4.0	p<0.05	4.0		Neg
267	L	-		-		-		L	-		p>=0.05		p>=0.05			
268	G	-		-		-		G	-		p>=0.05		p>=0.05			
269	K	-		-		-		K	-		p>=0.05		p>=0.05			
270	L	-		-		-		L	p>=0.05		p<0.05	12.0	p<0.05	12.0		Neg
271	T	-		-		-		T	p>=0.05		p>=0.05		p>=0.05			
272	V	-		-		-		V	p>=0.05		p>=0.05		p>=0.05			
273	A	-		-		-		A	-		p>=0.05		p>=0.05			
274	Q	-		-		-		Q	p>=0.05		p>=0.05		p>=0.05			
275	I	p>=0.05		-		p>=0.05		I	-		p>=0.05		p>=0.05			
276	K	-		-		-		K	p>=0.05		p>=0.05		p>=0.05			
277	A	-		-		-		A	-		p>=0.05		p>=0.05			
278	G	-		-		-		G	-		p>=0.05		p>=0.05			
279	Y	-		-		-		Y	p>=0.05		p>=0.05		p>=0.05			
280	Q	-		-		-		Q	p>=0.05		p<0.05	2.0	p<0.05	2.0		Neg
281	S	p>=0.05		-		p>=0.05		S	-		p>=0.05		p>=0.05			
282	L	-		-		-		L	p>=0.05		p>=0.05		p>=0.05			
283	K	-		-		-		K	p>=0.05		p>=0.05		p>=0.05			
284	K	-		-		-		K	p>=0.05		p>=0.05		p>=0.05			
285	I	p>=0.05		-		p>=0.05		I	-		p>=0.05		p>=0.05			
286	E	p>=0.05		-		p>=0.05		E	-		p>=0.05		p>=0.05			
287	D	p>=0.05		p>=0.05		p>=0.05		D	-		-		-			
288	C	-		p>=0.05		p>=0.05		C	p>=0.05		-		p>=0.05			
289	I	p>=0.05		p>=0.05		p>=0.05		I	-		-		-			
290	R	-		p>=0.05		p>=0.05		R	-		-		-			
291	A	-		-		-		A	-		p>=0.05		p>=0.05			
292	G	-		p>=0.05		p>=0.05		G	-		-		-			
293	Q	-		-		-		Q	p>=0.05		p>=0.05		p>=0.05			
294	H	-		-		-		H	p>=0.05		p<0.05	1.0	p<0.05	1.0		Neg
295	G	-		-		-		G	-		p<0.05	1.0	p<0.05	1.0		Neg
296	R	-		-		-		R	-		p>=0.05		p>=0.05			
297	A	-		-		-		A	-		p>=0.05		p>=0.05			
298	L	-		-		-		L	p>=0.05		p<0.05	1.0	p<0.05	1.0		Neg
299	M	-		-		-		M	p>=0.05		p>=0.05		p>=0.05			
300	E	-		-		-		E	-		p<0.05	1.0	p<0.05	1.0		Neg
301	A	-		-		-		A	-		p>=0.05		p>=0.05			
302	C	p>=0.05		-		p>=0.05		C	-		p>=0.05		p>=0.05			
303	N	-		-		-		N	p>=0.05		p>=0.05		p>=0.05			
304	E	-		-		-		E	p>=0.05		p>=0.05		p>=0.05			
305	F	p>=0.05		-		p>=0.05		F	-		p>=0.05		p>=0.05			
306	Y	p>=0.05		-		p>=0.05		Y	-		p>=0.05		p>=0.05			
307	T	p>=0.05		-		p>=0.05		T	-		p>=0.05		p>=0.05			
308	R	p>=0.05		p>=0.05		p>=0.05		R	-		-		-			
309	I	p>=0.05		p>=0.05		p>=0.05		I	-		-		-			
310	P	-		p>=0.05		p>=0.05		P	-		-		-			
311	H	p>=0.05		-		p>=0.05		H	-		p>=0.05		p>=0.05			
312	D	-		p>=0.05		p>=0.05		D	p>=0.05		-		p>=0.05			
313	F	p<0.05	1.0	p<0.05	14.0	p<0.05	15.0	F	-		-		-		Pos	Pos
314	G	-		-		-		G	-		p>=0.05		p>=0.05			
315	L	-		-		-		L	p<0.05	2.0	p<0.05	6.0	p<0.05	6.0	Neg	Neg
316	R	-		-		-		R	-		p<0.05	6.0	p<0.05	6.0		Neg
317	T	-		-		-		T	p>=0.05		p<0.05	6.0	p<0.05	6.0		Neg
318	P	-		-		-		P	-		p>=0.05		p>=0.05			
319	P	-		-		-		P	-		p<0.05	14.0	p<0.05	14.0		Neg
320	L	-		-		-		L	p>=0.05		p<0.05	14.0	p<0.05	14.0		Neg
321	I	-		-		-		I	p>=0.05		p<0.05	14.0	p<0.05	14.0		Neg
322	R	-		-		-		R	-		p<0.05	14.0	p<0.05	14.0		Neg
323	T	-		-		-		T	p>=0.05		p<0.05	14.0	p<0.05	14.0		Neg
324	Q	-		-		-		Q	p>=0.05		p>=0.05		p>=0.05			
325	K	-		p>=0.05		p>=0.05		K	-		-		-			
326	E	-		p>=0.05		p>=0.05		E	-		-		-			
327	L	p>=0.05		p<0.05	5.0	p<0.05	4.0	L	-		-		-			Pos
328	S	p>=0.05		p<0.05	5.0	p<0.05	4.0	S	-		-		-			Pos
329	E	p>=0.05		p<0.05	5.0	p<0.05	4.0	E	-		-		-			Pos
330	K	p>=0.05		p<0.05	5.0	p<0.05	4.0	K	-		-		-			Pos
331	I	p>=0.05		p>=0.05		p>=0.05		I	-		-		-			
332	Q	-		-		-		Q	p>=0.05		p>=0.05		p>=0.05			
333	L	-		-		-		L	-		p<0.05	10.0	p<0.05	10.0		Neg
334	L	-		-		-		L	-		p<0.05	10.0	p<0.05	10.0		Neg
335	E	-		-		-		E	p<0.05	3.0	p<0.05	10.0	p<0.05	10.0	Neg	Neg
336	A	-		-		-		A	-		p<0.05	10.0	p<0.05	10.0		Neg
337	L	-		-		-		L	-		p<0.05	10.0	p<0.05	10.0		Neg
338	G	-		-		-		G	-		p<0.05	10.0	p<0.05	10.0		Neg
339	D	-		-		-		D	p>=0.05		p>=0.05		p>=0.05			
340	I	-		-		-		I	p>=0.05		p>=0.05		p>=0.05			
341	E	-		-		-		E	p>=0.05		p>=0.05		p>=0.05			
342	I	-		-		-		I	p>=0.05		p>=0.05		p>=0.05			
343	A	-		-		-		A	-		p>=0.05		p>=0.05			
344	I	-		-		-		I	p>=0.05		p>=0.05		p>=0.05			
345	K	-		-		-		K	p>=0.05		p>=0.05		p>=0.05			
346	L	-		-		-		L	-		p>=0.05		p>=0.05			
347	V	-		-		-		V	-		p>=0.05		p>=0.05			
348	K	p>=0.05		-		p>=0.05		K	-		p>=0.05		p>=0.05			
349	T	-		-		-		T	p>=0.05		p>=0.05		p>=0.05			
350	E	-		-		-		E	p>=0.05		p>=0.05		p>=0.05			
351	L	-		-		-		L	-		p>=0.05		p>=0.05			
352	Q	-		-		-		Q	p>=0.05		p>=0.05		p>=0.05			
353	S	-		-		-		S	p>=0.05		p>=0.05		p>=0.05			
354	P	-		-		-		P	-		p>=0.05		p>=0.05			
355	E	-		-		-		E	-		p>=0.05		p>=0.05			
356	H	-		p<0.05	4.0	p<0.05	3.0	H	-		-		-			Pos
357	P	-		p>=0.05		p>=0.05		P	-		-		-			
358	L	p>=0.05		-		p>=0.05		L	-		p>=0.05		p>=0.05			
359	D	-		-		-		D	-		p<0.05	3.0	p<0.05	3.0		Neg
360	Q	-		-		-		Q	-		p<0.05	3.0	p<0.05	3.0		Neg
361	H	-		-		-		H	p>=0.05		p<0.05	3.0	p<0.05	3.0		Neg
362	Y	-		-		-		Y	p>=0.05		p<0.05	3.0	p<0.05	3.0		Neg
363	R	-		-		-		R	p<0.05	1.0	p<0.05	3.0	p<0.05	3.0	Neg	Neg
364	N	p>=0.05		-		p>=0.05		N	-		p<0.05	3.0	p<0.05	3.0		Neg
365	L	-		-		-		L	p>=0.05		p<0.05	3.0	p<0.05	3.0		Neg
366	H	-		-		-		H	-		p<0.05	3.0	p<0.05	3.0		Neg
367	C	-		-		-		C	p>=0.05		p<0.05	3.0	p<0.05	3.0		Neg
368	A	-		-		-		A	-		p>=0.05		p>=0.05			
369	L	p>=0.05		p<0.05	15.0	p<0.05	8.0	L	-		-		-			Pos
370	R	-		p>=0.05		p>=0.05		R	-		-		-			
371	P	-		-		-		P	-		p>=0.05		p>=0.05			
372	L	-		-		-		L	p>=0.05		p>=0.05		p>=0.05			
373	D	p>=0.05		p>=0.05		p>=0.05		D	-		-		-			
374	H	-		p>=0.05		p>=0.05		H	p>=0.05		-		p>=0.05			
375	E	p>=0.05		p>=0.05		p>=0.05		E	-		-		-			
376	S	p>=0.05		p>=0.05		p>=0.05		S	-		-		-			
377	Y	p>=0.05		p>=0.05		p>=0.05		Y	-		-		-			
378	E	p>=0.05		p>=0.05		p>=0.05		E	-		-		-			
379	F	p>=0.05		-		p>=0.05		F	-		p>=0.05		p>=0.05			
380	K	p>=0.05		-		p>=0.05		K	-		p>=0.05		p>=0.05			
381	V	-		-		-		V	p>=0.05		p>=0.05		p>=0.05			
382	I	-		-		-		I	p>=0.05		p>=0.05		p>=0.05			
383	S	-		-		-		S	-		p>=0.05		p>=0.05			
384	Q	-		-		-		Q	-		p<0.05	0.0	p<0.05	0.0		Neg
385	Y	-		-		-		Y	p>=0.05		p<0.05	0.0	p<0.05	0.0		Neg
386	L	-		-		-		L	p>=0.05		p<0.05	0.0	p<0.05	0.0		Neg
387	Q	-		-		-		Q	-		p<0.05	0.0	p<0.05	0.0		Neg
388	S	-		-		-		S	p>=0.05		p<0.05	0.0	p<0.05	0.0		Neg
389	T	-		-		-		T	p>=0.05		p<0.05	0.0	p<0.05	0.0		Neg
390	H	-		-		-		H	p>=0.05		p<0.05	0.0	p<0.05	0.0		Neg
391	A	-		-		-		A	-		p<0.05	0.0	p<0.05	0.0		Neg
392	P	-		-		-		P	-		p<0.05	0.0	p<0.05	0.0		Neg
393	T	-		-		-		T	-		p<0.05	0.0	p<0.05	0.0		Neg
394	H	-		-		-		H	p<0.05	0.0	p<0.05	0.0	p<0.05	0.0	Neg	Neg
395	S	-		-		-		S	p<0.05	0.0	p<0.05	0.0	p<0.05	0.0	Neg	Neg
396	D	-		-		-		D	p>=0.05		p<0.05	0.0	p<0.05	0.0		Neg
397	Y	-		-		-		Y	p>=0.05		p<0.05	0.0	p<0.05	0.0		Neg
398	T	-		-		-		T	p>=0.05		p>=0.05		p>=0.05			
399	M	-		p>=0.05		p>=0.05		M	p>=0.05		-		p>=0.05			
400	T	-		-		-		T	p>=0.05		p>=0.05		p>=0.05			
401	L	-		p>=0.05		p>=0.05		L	p>=0.05		-		p>=0.05			
402	L	-		p>=0.05		p>=0.05		L	p>=0.05		-		p>=0.05			
403	D	p>=0.05		-		p>=0.05		D	-		p>=0.05		p>=0.05			
404	L	-		-		-		L	p>=0.05		p>=0.05		p>=0.05			
405	F	-		-		-		F	p>=0.05		p>=0.05		p>=0.05			
406	E	p>=0.05		p>=0.05		p>=0.05		E	-		-		-			
407	V	p<0.05	0.0	p>=0.05		p<0.05	8.0	V	-		-		-		Pos	
408	E	p>=0.05		-		p>=0.05		E	-		p>=0.05		p>=0.05			
409	K	-		-		-		K	p>=0.05		p<0.05	3.0	p<0.05	3.0		Neg
410	D	-		-		-		D	p>=0.05		p<0.05	3.0	p<0.05	3.0		Neg
411	G	-		-		-		G	-		p>=0.05		p>=0.05			
412	E	-		-		-		E	p>=0.05		p>=0.05		p>=0.05			
413	K	p>=0.05		p>=0.05		p>=0.05		K	-		-		-			
414	E	p>=0.05		p>=0.05		p>=0.05		E	-		-		-			
415	A	-		p>=0.05		p>=0.05		A	-		-		-			
416	F	-		-		-		F	-		p>=0.05		p>=0.05			
417	R	-		-		-		R	p>=0.05		p<0.05	0.0	p<0.05	0.0		Neg
418	E	-		-		-		E	p>=0.05		p<0.05	0.0	p<0.05	0.0		Neg
419	D	-		-		-		D	p>=0.05		p<0.05	0.0	p<0.05	0.0		Neg
420	L	p>=0.05		-		p>=0.05		L	-		p>=0.05		p>=0.05			
421	H	p>=0.05		p>=0.05		p>=0.05		H	-		-		-			
422	N	-		-		-		N	p>=0.05		p>=0.05		p>=0.05			
423	R	p>=0.05		-		p>=0.05		R	-		p>=0.05		p>=0.05			
424	M	-		-		-		M	p>=0.05		p<0.05	0.0	p<0.05	0.0		Neg
425	L	-		-		-		L	p>=0.05		p<0.05	0.0	p<0.05	0.0		Neg
426	L	-		-		-		L	p>=0.05		p<0.05	0.0	p<0.05	0.0		Neg
427	W	-		-		-		W	p>=0.05		p>=0.05		p>=0.05			
428	H	p>=0.05		-		p>=0.05		H	-		p<0.05	0.0	p<0.05	0.0		Neg
429	G	-		-		-		G	-		p>=0.05		p>=0.05			
430	S	p>=0.05		-		p>=0.05		S	-		p>=0.05		p>=0.05			
431	R	-		-		-		R	p>=0.05		p<0.05	13.0	p<0.05	13.0		Neg
432	M	-		-		-		M	p>=0.05		p<0.05	13.0	p<0.05	13.0		Neg
433	S	-		-		-		S	p>=0.05		p>=0.05		p>=0.05			
434	N	-		-		-		N	p>=0.05		p>=0.05		p>=0.05			
435	W	p>=0.05		-		p>=0.05		W	-		p>=0.05		p>=0.05			
436	V	p>=0.05		p>=0.05		p>=0.05		V	-		-		-			
437	G	-		p>=0.05		p>=0.05		G	-		-		-			
438	I	p>=0.05		p>=0.05		p>=0.05		I	-		-		-			
439	L	-		p>=0.05		p>=0.05		L	-		-		-			
440	S	p>=0.05		p>=0.05		p>=0.05		S	-		-		-			
441	H	p>=0.05		p>=0.05		p>=0.05		H	-		-		-			
442	G	-		p>=0.05		p>=0.05		G	-		-		-			
443	L	p>=0.05		p>=0.05		p>=0.05		L	-		-		-			
444	R	-		p>=0.05		p>=0.05		R	-		-		-			
445	I	p>=0.05		-		p>=0.05		I	-		p<0.05	0.0	p<0.05	0.0		Neg
446	A	-		p>=0.05		p>=0.05		A	-		-		-			
447	P	-		-		-		P	-		p>=0.05		p>=0.05			
448	P	-		-		-		P	-		p>=0.05		p>=0.05			
449	E	-		-		-		E	p>=0.05		p<0.05	2.0	p<0.05	2.0		Neg
450	A	-		-		-		A	-		p<0.05	2.0	p<0.05	2.0		Neg
451	P	-		-		-		P	-		p<0.05	2.0	p<0.05	2.0		Neg
452	I	-		-		-		I	p>=0.05		p<0.05	2.0	p<0.05	2.0		Neg
453	T	-		-		-		T	p>=0.05		p<0.05	2.0	p<0.05	2.0		Neg
454	G	-		-		-		G	-		p<0.05	2.0	p<0.05	2.0		Neg
455	Y	-		-		-		Y	p>=0.05		p<0.05	2.0	p<0.05	2.0		Neg
456	M	-		-		-		M	p>=0.05		p<0.05	2.0	p<0.05	2.0		Neg
457	F	-		-		-		F	-		p<0.05	2.0	p<0.05	2.0		Neg
458	G	-		-		-		G	-		p<0.05	2.0	p<0.05	2.0		Neg
459	K	-		-		-		K	-		-		-			
460	G	-		-		-		G	-		p<0.05	0.0	p<0.05	0.0		Neg
461	I	-		-		-		I	p>=0.05		p<0.05	0.0	p<0.05	0.0		Neg
462	Y	-		-		-		Y	p>=0.05		p<0.05	0.0	p<0.05	0.0		Neg
463	F	-		-		-		F	-		p<0.05	0.0	p<0.05	0.0		Neg
464	A	-		-		-		A	-		p<0.05	0.0	p<0.05	0.0		Neg
465	D	-		-		-		D	-		p<0.05	0.0	p<0.05	0.0		Neg
466	M	-		-		-		M	p>=0.05		p<0.05	0.0	p<0.05	0.0		Neg
467	S	p>=0.05		-		p>=0.05		S	-		p<0.05	0.0	p<0.05	0.0		Neg
468	S	-		-		-		S	p>=0.05		p<0.05	0.0	p<0.05	0.0		Neg
469	K	-		-		-		K	-		p>=0.05		p>=0.05			
470	S	-		-		-		S	-		p>=0.05		p>=0.05			
471	A	-		-		-		A	-		p<0.05	0.0	p<0.05	0.0		Neg
472	N	-		-		-		N	-		p>=0.05		p>=0.05			
473	Y	-		-		-		Y	p>=0.05		p>=0.05		p>=0.05			
474	C	-		-		-		C	p>=0.05		p>=0.05		p>=0.05			
475	F	-		-		-		F	p>=0.05		p>=0.05		p>=0.05			
476	A	-		-		-		A	-		p>=0.05		p>=0.05			
477	S	p>=0.05		p<0.05	7.0	p<0.05	16.0	S	-		-		-			Pos
478	R	-		p<0.05	7.0	p<0.05	16.0	R	-		-		-			Pos
479	L	p>=0.05		p<0.05	7.0	p<0.05	16.0	L	-		-		-			Pos
480	K	-		p<0.05	7.0	p<0.05	16.0	K	-		-		-			Pos
481	N	-		p<0.05	7.0	p<0.05	16.0	N	-		-		-			Pos
482	T	-		p>=0.05		p>=0.05		T	-		-		-			
483	G	-		-		-		G	-		p>=0.05		p>=0.05			
484	L	p>=0.05		p>=0.05		p>=0.05		L	-		-		-			
485	L	-		-		-		L	p>=0.05		p>=0.05		p>=0.05			
486	L	-		-		-		L	-		p>=0.05		p>=0.05			
487	L	p>=0.05		-		p>=0.05		L	-		p>=0.05		p>=0.05			
488	S	p>=0.05		-		p>=0.05		S	-		p>=0.05		p>=0.05			
489	E	-		-		-		E	-		p>=0.05		p>=0.05			
490	V	-		-		-		V	-		p>=0.05		p>=0.05			
491	A	-		-		-		A	-		p>=0.05		p>=0.05			
492	L	-		-		-		L	p>=0.05		p>=0.05		p>=0.05			
493	G	-		-		-		G	-		p>=0.05		p>=0.05			
494	Q	-		-		-		Q	-		p>=0.05		p>=0.05			
495	C	-		-		-		C	p>=0.05		p>=0.05		p>=0.05			
496	N	-		-		-		N	-		p>=0.05		p>=0.05			
497	E	-		-		-		E	-		p>=0.05		p>=0.05			
498	L	-		-		-		L	p>=0.05		p>=0.05		p>=0.05			
499	L	-		-		-		L	p>=0.05		p>=0.05		p>=0.05			
500	E	-		-		-		E	-		p>=0.05		p>=0.05			
501	A	-		-		-		A	-		p<0.05	2.0	p<0.05	2.0		Neg
502	N	-		-		-		N	-		-		-			
503	P	-		-		-		P	-		p<0.05	2.0	p<0.05	2.0		Neg
504	K	-		-		-		K	-		-		-			
505	A	-		p<0.05	2.0	p<0.05	2.0	A	-		-		-			Pos
506	E	-		p<0.05	2.0	p<0.05	2.0	E	-		-		-			Pos
507	G	-		p<0.05	2.0	p<0.05	2.0	G	-		-		-			Pos
508	L	p>=0.05		p<0.05	2.0	p<0.05	2.0	L	-		-		-			Pos
509	L	p>=0.05		p<0.05	2.0	p<0.05	2.0	L	-		-		-			Pos
510	Q	-		p<0.05	2.0	p<0.05	2.0	Q	-		-		-			Pos
511	G	-		p<0.05	2.0	p<0.05	2.0	G	-		-		-			Pos
512	K	-		p>=0.05		p>=0.05		K	-		-		-			
513	H	-		-		-		H	-		-		-			
514	S	-		-		-		S	-		p<0.05	0.0	p<0.05	0.0		Neg
515	T	-		-		-		T	-		p>=0.05		p>=0.05			
516	K	-		-		-		K	-		p>=0.05		p>=0.05			
517	G	-		p>=0.05		p>=0.05		G	-		-		-			
518	L	p>=0.05		-		p>=0.05		L	-		p>=0.05		p>=0.05			
519	G	-		-		-		G	-		p>=0.05		p>=0.05			
520	K	-		p>=0.05		p>=0.05		K	-		-		-			
521	M	-		-		-		M	p>=0.05		p>=0.05		p>=0.05			
522	A	-		-		-		A	-		p>=0.05		p>=0.05			
523	P	-		-		-		P	-		-		-			
524	S	-		-		-		S	-		-		-			
525	S	-		-		-		S	-		p>=0.05		p>=0.05			
526	A	-		-		-		A	-		p>=0.05		p>=0.05			
527	H	-		-		-		H	-		p>=0.05		p>=0.05			
528	F	-		-		-		F	p>=0.05		p>=0.05		p>=0.05			
529	V	-		-		-		V	p>=0.05		p>=0.05		p>=0.05			
530	T	-		-		-		T	-		p>=0.05		p>=0.05			
531	L	p>=0.05		p>=0.05		p>=0.05		L	-		-		-			
532	N	-		p>=0.05		p>=0.05		N	-		-		-			
533	G	-		p>=0.05		p>=0.05		G	-		-		-			
534	S	-		-		-		S	-		p>=0.05		p>=0.05			
535	T	-		-		-		T	-		p<0.05	0.0	p<0.05	0.0		Neg
536	V	-		-		-		V	p>=0.05		p>=0.05		p>=0.05			
537	P	-		-		-		P	-		p>=0.05		p>=0.05			
538	L	-		-		-		L	-		p>=0.05		p>=0.05			
539	G	-		-		-		G	-		p<0.05	0.0	p<0.05	0.0		Neg
540	P	-		-		-		P	-		p<0.05	0.0	p<0.05	0.0		Neg
541	A	-		-		-		A	-		p>=0.05		p>=0.05			
542	S	-		-		-		S	-		p>=0.05		p>=0.05			
543	D	-		-		-		D	-		p>=0.05		p>=0.05			
544	T	-		p>=0.05		p>=0.05		T	-		-		-			
545	G	-		p<0.05	19.0	p<0.05	19.0	G	-		-		-			Pos
546	I	p>=0.05		p>=0.05		p>=0.05		I	-		-		-			
547	L	p>=0.05		p>=0.05		p>=0.05		L	-		-		-			
548	N	-		p>=0.05		p>=0.05		N	-		-		-			
549	P	-		-		-		P	-		-		-			
550	D	-		-		-		D	-		-		-			
551	G	-		-		-		G	-		p>=0.05		p>=0.05			
552	Y	-		-		-		Y	p>=0.05		p>=0.05		p>=0.05			
553	T	-		-		-		T	-		p<0.05	11.0	p<0.05	11.0		Neg
554	L	-		-		-		L	p>=0.05		p<0.05	11.0	p<0.05	11.0		Neg
555	N	-		-		-		N	-		p<0.05	11.0	p<0.05	11.0		Neg
556	Y	-		-		-		Y	-		p<0.05	11.0	p<0.05	11.0		Neg
557	N	-		p>=0.05		p>=0.05		N	-		-		-			
558	E	-		p>=0.05		p>=0.05		E	-		-		-			
559	Y	p>=0.05		-		p>=0.05		Y	-		p>=0.05		p>=0.05			
560	I	-		-		-		I	p>=0.05		p<0.05	0.0	p<0.05	0.0		Neg
561	V	-		-		-		V	p>=0.05		p<0.05	0.0	p<0.05	0.0		Neg
562	Y	-		-		-		Y	p>=0.05		p<0.05	0.0	p<0.05	0.0		Neg
563	N	-		-		-		N	-		p<0.05	0.0	p<0.05	0.0		Neg
564	P	-		-		-		P	-		-		-			
565	N	-		-		-		N	-		-		-			
566	Q	-		-		-		Q	-		p<0.05	0.0	p<0.05	0.0		Neg
567	V	-		-		-		V	-		-		-			
568	R	-		p>=0.05		p>=0.05		R	-		-		-			
569	M	-		p>=0.05		p>=0.05		M	p>=0.05		-		p>=0.05			
570	R	-		p<0.05	16.0	p<0.05	8.0	R	-		-		-			Pos
571	Y	p>=0.05		p>=0.05		p>=0.05		Y	-		-		-			
572	L	-		-		-		L	p>=0.05		p>=0.05		p>=0.05			
573	L	-		-		-		L	-		p>=0.05		p>=0.05			
574	K	-		p>=0.05		p>=0.05		K	-		-		-			
575	V	p>=0.05		p>=0.05		p>=0.05		V	-		-		-			
576	Q	-		p>=0.05		p>=0.05		Q	-		-		-			
577	F	p>=0.05		p>=0.05		p>=0.05		F	-		-		-			
578	N	-		p>=0.05		p>=0.05		N	-		-		-			
579	F	-		-		-		F	-		p>=0.05		p>=0.05			
580	L	p>=0.05		-		p>=0.05		L	-		p>=0.05		p>=0.05			
581	Q	-		p<0.05	13.0	p<0.05	14.0	Q	-		-		-			Pos
582	L	-		p<0.05	13.0	p<0.05	14.0	L	-		-		-			Pos
583	W	-		-		-		W	-		-		-			
