unipos	unires	KRAS_Adag_LFC_pos_05_psig	KRAS_Adag_LFC_pos_05_psig_Clust_6A	KRAS_Adag_LFC3D_pos_05_psig	KRAS_Adag_LFC3D_pos_05_psig_Clust_6A	KRAS_Adag_union_pos_05_psig	KRAS_Adag_union_pos_05_psig_Clust_6A	unires	KRAS_Adag_LFC_neg_05_psig	KRAS_Adag_LFC_neg_05_psig_Clust_6A	KRAS_Adag_LFC3D_neg_05_psig	KRAS_Adag_LFC3D_neg_05_psig_Clust_6A	KRAS_Adag_union_neg_05_psig	KRAS_Adag_union_neg_05_psig_Clust_6A	KRAS_Adag_LFC_05_hits	KRAS_Adag_LFC3D_05_hits
1	M	p>=0.05		p>=0.05		p>=0.05		M	-		-		-			
2	T	-		p>=0.05		p>=0.05		T	p>=0.05		-		p>=0.05			
3	E	p>=0.05		p>=0.05		p>=0.05		E	-		-		-			
4	Y	p>=0.05		p>=0.05		p>=0.05		Y	-		-		-			
5	K	p>=0.05		p>=0.05		p>=0.05		K	-		-		-			
6	L	-		p>=0.05		p>=0.05		L	p>=0.05		-		p>=0.05			
7	V	-		-		-		V	p>=0.05		p>=0.05		p>=0.05			
8	V	-		-		-		V	p>=0.05		p>=0.05		p>=0.05			
9	V	-		p>=0.05		p>=0.05		V	-		-		-			
10	G	p<0.05	3.0	p>=0.05		p<0.05	0.0	G	-		-		-		Pos	
11	A	p>=0.05		p>=0.05		p>=0.05		A	-		-		-			
12	G	p<0.05	0.0	-		p<0.05	0.0	G	-		p>=0.05		p>=0.05		Pos	
13	G	-		-		-		G	-		p<0.05	2.0	p<0.05	2.0		Neg
14	V	-		-		-		V	p<0.05	5.0	p<0.05	2.0	p<0.05	2.0	Neg	Neg
15	G	-		-		-		G	-		p<0.05	2.0	p<0.05	2.0		Neg
16	K	-		-		-		K	p<0.05	0.0	p<0.05	2.0	p<0.05	2.0	Neg	Neg
17	S	-		-		-		S	p<0.05	0.0	p<0.05	2.0	p<0.05	2.0	Neg	Neg
18	A	p>=0.05		-		p>=0.05		A	-		p<0.05	2.0	p<0.05	2.0		Neg
19	L	-		-		-		L	p>=0.05		p<0.05	2.0	p<0.05	2.0		Neg
20	T	-		-		-		T	p>=0.05		p<0.05	2.0	p<0.05	2.0		Neg
21	I	-		-		-		I	p>=0.05		p<0.05	2.0	p<0.05	2.0		Neg
22	Q	-		-		-		Q	-		p<0.05	2.0	p<0.05	2.0		Neg
23	L	-		-		-		L	p<0.05	3.0	p<0.05	2.0	p<0.05	2.0	Neg	Neg
24	I	-		-		-		I	p>=0.05		p<0.05	2.0	p<0.05	2.0		Neg
25	Q	-		-		-		Q	-		p<0.05	2.0	p<0.05	2.0		Neg
26	N	-		-		-		N	p>=0.05		p<0.05	2.0	p<0.05	2.0		Neg
27	H	-		-		-		H	p>=0.05		p<0.05	2.0	p<0.05	2.0		Neg
28	F	-		-		-		F	p>=0.05		p>=0.05		p>=0.05			
29	V	p>=0.05		-		p>=0.05		V	-		p>=0.05		p>=0.05			
30	D	-		-		-		D	p>=0.05		p<0.05	6.0	p<0.05	6.0		Neg
31	E	-		-		-		E	p<0.05	1.0	p<0.05	6.0	p<0.05	6.0	Neg	Neg
32	Y	-		-		-		Y	p<0.05	1.0	p<0.05	6.0	p<0.05	6.0	Neg	Neg
33	D	-		-		-		D	p<0.05	1.0	p<0.05	6.0	p<0.05	6.0	Neg	Neg
34	P	p>=0.05		-		p>=0.05		P	-		p>=0.05		p>=0.05			
35	T	p>=0.05		p>=0.05		p>=0.05		T	-		-		-			
36	I	-		p>=0.05		p>=0.05		I	p>=0.05		-		p>=0.05			
37	E	-		p>=0.05		p>=0.05		E	p>=0.05		-		p>=0.05			
38	D	p>=0.05		-		p>=0.05		D	-		p>=0.05		p>=0.05			
39	S	-		-		-		S	p>=0.05		p<0.05	0.0	p<0.05	0.0		Neg
40	Y	-		-		-		Y	p>=0.05		p<0.05	0.0	p<0.05	0.0		Neg
41	R	p>=0.05		-		p>=0.05		R	-		p>=0.05		p>=0.05			
42	K	p>=0.05		p>=0.05		p>=0.05		K	-		-		-			
43	Q	p>=0.05		-		p>=0.05		Q	-		p>=0.05		p>=0.05			
44	V	-		-		-		V	p>=0.05		p>=0.05		p>=0.05			
45	V	-		-		-		V	p>=0.05		p>=0.05		p>=0.05			
46	I	-		-		-		I	p>=0.05		p>=0.05		p>=0.05			
47	D	p>=0.05		-		p>=0.05		D	-		p>=0.05		p>=0.05			
48	G	p>=0.05		-		p>=0.05		G	-		p>=0.05		p>=0.05			
49	E	p>=0.05		-		p>=0.05		E	-		p>=0.05		p>=0.05			
50	T	p>=0.05		-		p>=0.05		T	-		p>=0.05		p>=0.05			
51	C	-		p>=0.05		p>=0.05		C	-		-		-			
52	L	-		p>=0.05		p>=0.05		L	-		-		-			
53	L	-		-		-		L	-		p>=0.05		p>=0.05			
54	D	-		p>=0.05		p>=0.05		D	p>=0.05		-		p>=0.05			
55	I	-		-		-		I	p>=0.05		p<0.05	0.0	p<0.05	0.0		Neg
56	L	-		-		-		L	p>=0.05		p>=0.05		p>=0.05			
57	D	-		-		-		D	p>=0.05		p>=0.05		p>=0.05			
58	T	-		p>=0.05		p>=0.05		T	p>=0.05		-		p>=0.05			
59	A	p>=0.05		p>=0.05		p>=0.05		A	-		-		-			
60	G	-		p<0.05	0.0	p<0.05	0.0	G	p>=0.05		-		p>=0.05			Pos
61	Q	p<0.05	0.0	p<0.05	0.0	p<0.05	0.0	Q	-		-		-		Pos	Pos
62	E	p>=0.05		p<0.05	0.0	p<0.05	0.0	E	-		-		-			Pos
63	E	p>=0.05		p<0.05	0.0	p<0.05	0.0	E	-		-		-			Pos
64	Y	p<0.05	0.0	p<0.05	0.0	p<0.05	0.0	Y	-		-		-		Pos	Pos
65	S	p<0.05	0.0	p<0.05	0.0	p<0.05	0.0	S	-		-		-		Pos	Pos
66	A	p>=0.05		p<0.05	0.0	p<0.05	0.0	A	-		-		-			Pos
67	M	p<0.05	0.0	p<0.05	0.0	p<0.05	0.0	M	-		-		-		Pos	Pos
68	R	p<0.05	0.0	p<0.05	0.0	p<0.05	0.0	R	-		-		-		Pos	Pos
69	D	p>=0.05		p<0.05	0.0	p<0.05	0.0	D	-		-		-			Pos
70	Q	-		p<0.05	0.0	p<0.05	0.0	Q	p>=0.05		-		p>=0.05			Pos
71	Y	p>=0.05		p<0.05	0.0	p<0.05	0.0	Y	-		-		-			Pos
72	M	p>=0.05		p<0.05	0.0	p<0.05	0.0	M	-		-		-			Pos
73	R	-		p>=0.05		p>=0.05		R	p>=0.05		-		p>=0.05			
74	T	-		p>=0.05		p>=0.05		T	p>=0.05		-		p>=0.05			
75	G	p>=0.05		p>=0.05		p>=0.05		G	-		-		-			
76	E	p>=0.05		p<0.05	3.0	p<0.05	3.0	E	-		-		-			Pos
77	G	p>=0.05		p>=0.05		p>=0.05		G	-		-		-			
78	F	p>=0.05		-		p>=0.05		F	-		p>=0.05		p>=0.05			
79	L	-		-		-		L	p>=0.05		p>=0.05		p>=0.05			
80	C	-		-		-		C	p>=0.05		p>=0.05		p>=0.05			
81	V	-		-		-		V	-		p>=0.05		p>=0.05			
82	F	-		-		-		F	-		p<0.05	2.0	p<0.05	2.0		Neg
83	A	p>=0.05		-		p>=0.05		A	-		p<0.05	2.0	p<0.05	2.0		Neg
84	I	-		-		-		I	p>=0.05		p>=0.05		p>=0.05			
85	N	-		p>=0.05		p>=0.05		N	p>=0.05		-		p>=0.05			
86	N	-		-		-		N	p>=0.05		p>=0.05		p>=0.05			
87	T	p>=0.05		-		p>=0.05		T	-		p>=0.05		p>=0.05			
88	K	-		p>=0.05		p>=0.05		K	-		-		-			
89	S	-		p<0.05	0.0	p<0.05	0.0	S	p>=0.05		-		p>=0.05			Pos
90	F	-		p<0.05	0.0	p<0.05	0.0	F	p>=0.05		-		p>=0.05			Pos
91	E	p<0.05	2.0	p<0.05	0.0	p<0.05	0.0	E	-		-		-		Pos	Pos
92	D	p>=0.05		p<0.05	0.0	p<0.05	0.0	D	-		-		-			Pos
93	I	p<0.05	2.0	p<0.05	0.0	p<0.05	0.0	I	-		-		-		Pos	Pos
94	H	-		p>=0.05		p>=0.05		H	p>=0.05		-		p>=0.05			
95	H	-		p<0.05	0.0	p<0.05	0.0	H	-		-		-			Pos
96	Y	-		p<0.05	0.0	p<0.05	0.0	Y	p>=0.05		-		p>=0.05			Pos
97	R	-		p<0.05	0.0	p<0.05	0.0	R	p>=0.05		-		p>=0.05			Pos
98	E	p<0.05	1.0	p<0.05	0.0	p<0.05	0.0	E	-		-		-		Pos	Pos
99	Q	p<0.05	1.0	p<0.05	0.0	p<0.05	0.0	Q	-		-		-		Pos	Pos
100	I	p<0.05	1.0	p<0.05	0.0	p<0.05	0.0	I	-		-		-		Pos	Pos
101	K	p>=0.05		p<0.05	0.0	p<0.05	0.0	K	-		-		-			Pos
102	R	p>=0.05		p<0.05	0.0	p<0.05	0.0	R	-		-		-			Pos
103	V	-		p<0.05	0.0	p<0.05	0.0	V	-		-		-			Pos
104	K	-		p>=0.05		p>=0.05		K	p>=0.05		-		p>=0.05			
105	D	p>=0.05		-		p>=0.05		D	-		p>=0.05		p>=0.05			
106	S	-		-		-		S	p<0.05	2.0	p>=0.05		p<0.05	5.0	Neg	
107	E	p>=0.05		-		p>=0.05		E	-		p<0.05	5.0	p<0.05	5.0		Neg
108	D	-		-		-		D	p>=0.05		p<0.05	5.0	p<0.05	5.0		Neg
109	V	-		-		-		V	p>=0.05		p<0.05	5.0	p<0.05	5.0		Neg
110	P	-		-		-		P	p>=0.05		p>=0.05		p>=0.05			
111	M	-		-		-		M	p>=0.05		p>=0.05		p>=0.05			
112	V	-		-		-		V	p>=0.05		p<0.05	3.0	p<0.05	3.0		Neg
113	L	-		-		-		L	-		p>=0.05		p>=0.05			
114	V	-		-		-		V	p>=0.05		p>=0.05		p>=0.05			
115	G	-		-		-		G	p>=0.05		p>=0.05		p>=0.05			
116	N	-		-		-		N	p>=0.05		p>=0.05		p>=0.05			
117	K	-		p>=0.05		p>=0.05		K	-		-		-			
118	C	-		p>=0.05		p>=0.05		C	p>=0.05		-		p>=0.05			
119	D	p>=0.05		p>=0.05		p>=0.05		D	-		-		-			
120	L	-		-		-		L	-		p>=0.05		p>=0.05			
121	P	-		-		-		P	p>=0.05		p>=0.05		p>=0.05			
122	S	-		-		-		S	-		p>=0.05		p>=0.05			
123	R	p>=0.05		-		p>=0.05		R	-		p>=0.05		p>=0.05			
124	T	p>=0.05		p>=0.05		p>=0.05		T	-		-		-			
125	V	-		p>=0.05		p>=0.05		V	p>=0.05		-		p>=0.05			
126	D	p>=0.05		p>=0.05		p>=0.05		D	-		-		-			
127	T	p>=0.05		p<0.05	2.0	p<0.05	2.0	T	-		-		-			Pos
128	K	p>=0.05		p>=0.05		p>=0.05		K	-		-		-			
129	Q	p>=0.05		p>=0.05		p>=0.05		Q	-		-		-			
130	A	-		p>=0.05		p>=0.05		A	-		-		-			
131	Q	p>=0.05		p>=0.05		p>=0.05		Q	-		-		-			
132	D	-		p>=0.05		p>=0.05		D	p>=0.05		-		p>=0.05			
133	L	p>=0.05		-		p>=0.05		L	-		p>=0.05		p>=0.05			
134	A	p>=0.05		-		p>=0.05		A	-		p>=0.05		p>=0.05			
135	R	-		-		-		R	p>=0.05		p>=0.05		p>=0.05			
136	S	-		-		-		S	p>=0.05		p>=0.05		p>=0.05			
137	Y	-		-		-		Y	p>=0.05		p<0.05	1.0	p<0.05	1.0		Neg
138	G	-		-		-		G	p>=0.05		p<0.05	1.0	p<0.05	1.0		Neg
139	I	-		-		-		I	-		p>=0.05		p>=0.05			
140	P	-		-		-		P	-		p>=0.05		p>=0.05			
141	F	-		-		-		F	-		p>=0.05		p>=0.05			
142	I	p>=0.05		-		p>=0.05		I	-		p>=0.05		p>=0.05			
143	E	p>=0.05		-		p>=0.05		E	-		p>=0.05		p>=0.05			
144	T	p>=0.05		-		p>=0.05		T	-		p>=0.05		p>=0.05			
145	S	p>=0.05		-		p>=0.05		S	-		p>=0.05		p>=0.05			
146	A	p>=0.05		-		p>=0.05		A	-		p>=0.05		p>=0.05			
147	K	-		-		-		K	p>=0.05		p>=0.05		p>=0.05			
148	T	-		-		-		T	p>=0.05		p>=0.05		p>=0.05			
149	R	-		-		-		R	p>=0.05		p>=0.05		p>=0.05			
150	Q	-		-		-		Q	p>=0.05		p>=0.05		p>=0.05			
151	R	-		p>=0.05		p>=0.05		R	-		-		-			
152	V	-		p>=0.05		p>=0.05		V	-		-		-			
153	E	-		p>=0.05		p>=0.05		E	-		-		-			
154	D	p>=0.05		p>=0.05		p>=0.05		D	-		-		-			
155	A	p>=0.05		p>=0.05		p>=0.05		A	-		-		-			
156	F	p>=0.05		p>=0.05		p>=0.05		F	-		-		-			
157	Y	-		p>=0.05		p>=0.05		Y	p>=0.05		-		p>=0.05			
158	T	-		-		-		T	p>=0.05		p>=0.05		p>=0.05			
159	L	-		-		-		L	-		p>=0.05		p>=0.05			
160	V	-		-		-		V	p>=0.05		p>=0.05		p>=0.05			
161	R	-		-		-		R	p>=0.05		p>=0.05		p>=0.05			
162	E	-		-		-		E	p>=0.05		p>=0.05		p>=0.05			
163	I	p>=0.05		-		p>=0.05		I	-		p>=0.05		p>=0.05			
164	R	p>=0.05		-		p>=0.05		R	-		p>=0.05		p>=0.05			
165	Q	-		p>=0.05		p>=0.05		Q	p>=0.05		-		p>=0.05			
166	Y	p>=0.05		p>=0.05		p>=0.05		Y	-		-		-			
167	R	p>=0.05		p>=0.05		p>=0.05		R	-		-		-			
168	L	-		p>=0.05		p>=0.05		L	p>=0.05		-		p>=0.05			
169	K	p>=0.05		p>=0.05		p>=0.05		K	-		-		-			
170	K	-		p>=0.05		p>=0.05		K	p>=0.05		-		p>=0.05			
171	I	p>=0.05		p>=0.05		p>=0.05		I	-		-		-			
172	S	p>=0.05		p>=0.05		p>=0.05		S	-		-		-			
173	K	-		p>=0.05		p>=0.05		K	p>=0.05		-		p>=0.05			
174	E	-		p>=0.05		p>=0.05		E	-		-		-			
175	E	-		p>=0.05		p>=0.05		E	p>=0.05		-		p>=0.05			
176	K	p>=0.05		p>=0.05		p>=0.05		K	-		-		-			
177	T	p>=0.05		p>=0.05		p>=0.05		T	-		-		-			
178	P	p>=0.05		p<0.05	1.0	p<0.05	1.0	P	-		-		-			Pos
179	G	p>=0.05		p>=0.05		p>=0.05		G	-		-		-			
180	C	p>=0.05		p>=0.05		p>=0.05		C	-		-		-			
181	V	-		p>=0.05		p>=0.05		V	p>=0.05		-		p>=0.05			
182	K	p>=0.05		p>=0.05		p>=0.05		K	-		-		-			
183	I	p>=0.05		p>=0.05		p>=0.05		I	-		-		-			
184	K	p>=0.05		p>=0.05		p>=0.05		K	-		-		-			
185	K	-		-		-		K	p>=0.05		p<0.05	4.0	p<0.05	4.0		Neg
186	C	-		-		-		C	p>=0.05		p<0.05	4.0	p<0.05	4.0		Neg
187	I	-		-		-		I	p<0.05	4.0	p<0.05	4.0	p<0.05	4.0	Neg	Neg
188	I	-		-		-		I	p<0.05	4.0	p<0.05	4.0	p<0.05	4.0	Neg	Neg
189	M	-		-		-		M	-		p<0.05	4.0	p<0.05	4.0		Neg
