unipos	unires	KRAS_Sotor_LFC_pos_05_psig	KRAS_Sotor_LFC_pos_05_psig_Clust_6A	KRAS_Sotor_LFC3D_pos_05_psig	KRAS_Sotor_LFC3D_pos_05_psig_Clust_6A	KRAS_Sotor_union_pos_05_psig	KRAS_Sotor_union_pos_05_psig_Clust_6A	unires	KRAS_Sotor_LFC_neg_05_psig	KRAS_Sotor_LFC_neg_05_psig_Clust_6A	KRAS_Sotor_LFC3D_neg_05_psig	KRAS_Sotor_LFC3D_neg_05_psig_Clust_6A	KRAS_Sotor_union_neg_05_psig	KRAS_Sotor_union_neg_05_psig_Clust_6A	KRAS_Sotor_LFC_05_hits	KRAS_Sotor_LFC3D_05_hits
1	M	p>=0.05		p>=0.05		p>=0.05		M	-		-		-			
2	T	-		p>=0.05		p>=0.05		T	p>=0.05		-		p>=0.05			
3	E	-		p>=0.05		p>=0.05		E	p>=0.05		-		p>=0.05			
4	Y	p>=0.05		p>=0.05		p>=0.05		Y	-		-		-			
5	K	p>=0.05		p>=0.05		p>=0.05		K	-		-		-			
6	L	-		-		-		L	p>=0.05		p>=0.05		p>=0.05			
7	V	-		-		-		V	p>=0.05		p<0.05	1.0	p<0.05	1.0		Neg
8	V	-		-		-		V	p>=0.05		p>=0.05		p>=0.05			
9	V	-		p>=0.05		p>=0.05		V	-		-		-			
10	G	p<0.05	1.0	p<0.05	0.0	p<0.05	0.0	G	-		-		-		Pos	Pos
11	A	p>=0.05		p<0.05	0.0	p<0.05	0.0	A	-		-		-			Pos
12	G	p<0.05	0.0	-		p<0.05	0.0	G	-		p>=0.05		p>=0.05		Pos	
13	G	-		-		-		G	-		p<0.05	0.0	p<0.05	0.0		Neg
14	V	-		-		-		V	p<0.05	4.0	p<0.05	0.0	p<0.05	0.0	Neg	Neg
15	G	-		-		-		G	-		p<0.05	0.0	p<0.05	0.0		Neg
16	K	-		-		-		K	p<0.05	0.0	p<0.05	0.0	p<0.05	0.0	Neg	Neg
17	S	-		-		-		S	p<0.05	0.0	p<0.05	0.0	p<0.05	0.0	Neg	Neg
18	A	p>=0.05		-		p>=0.05		A	-		p<0.05	0.0	p<0.05	0.0		Neg
19	L	-		-		-		L	p>=0.05		p<0.05	0.0	p<0.05	0.0		Neg
20	T	-		-		-		T	p>=0.05		p<0.05	0.0	p<0.05	0.0		Neg
21	I	-		-		-		I	p>=0.05		p<0.05	0.0	p<0.05	0.0		Neg
22	Q	-		-		-		Q	-		p<0.05	0.0	p<0.05	0.0		Neg
23	L	-		-		-		L	p<0.05	3.0	p<0.05	0.0	p<0.05	0.0	Neg	Neg
24	I	-		-		-		I	p>=0.05		p<0.05	0.0	p<0.05	0.0		Neg
25	Q	-		-		-		Q	-		p>=0.05		p>=0.05			
26	N	p>=0.05		-		p>=0.05		N	-		p<0.05	0.0	p<0.05	0.0		Neg
27	H	p>=0.05		p>=0.05		p>=0.05		H	-		-		-			
28	F	p>=0.05		p>=0.05		p>=0.05		F	-		-		-			
29	V	-		-		-		V	p>=0.05		p>=0.05		p>=0.05			
30	D	-		-		-		D	p>=0.05		p<0.05	6.0	p<0.05	6.0		Neg
31	E	-		-		-		E	p>=0.05		p<0.05	6.0	p<0.05	6.0		Neg
32	Y	-		-		-		Y	p>=0.05		p<0.05	6.0	p<0.05	6.0		Neg
33	D	-		-		-		D	p>=0.05		p<0.05	6.0	p<0.05	6.0		Neg
34	P	p>=0.05		-		p>=0.05		P	-		p>=0.05		p>=0.05			
35	T	p>=0.05		p>=0.05		p>=0.05		T	-		-		-			
36	I	p>=0.05		p>=0.05		p>=0.05		I	-		-		-			
37	E	p>=0.05		p>=0.05		p>=0.05		E	-		-		-			
38	D	-		-		-		D	p>=0.05		p<0.05	1.0	p<0.05	1.0		Neg
39	S	-		-		-		S	p<0.05	2.0	p<0.05	1.0	p<0.05	1.0	Neg	Neg
40	Y	-		-		-		Y	p>=0.05		p<0.05	1.0	p<0.05	1.0		Neg
41	R	p>=0.05		-		p>=0.05		R	-		p>=0.05		p>=0.05			
42	K	p>=0.05		p>=0.05		p>=0.05		K	-		-		-			
43	Q	p>=0.05		p>=0.05		p>=0.05		Q	-		-		-			
44	V	-		-		-		V	p>=0.05		p>=0.05		p>=0.05			
45	V	-		p>=0.05		p>=0.05		V	p>=0.05		-		p>=0.05			
46	I	-		p<0.05	5.0	p<0.05	5.0	I	p>=0.05		-		p>=0.05			Pos
47	D	p>=0.05		p<0.05	5.0	p<0.05	5.0	D	-		-		-			Pos
48	G	p>=0.05		p<0.05	5.0	p<0.05	5.0	G	-		-		-			Pos
49	E	p>=0.05		p>=0.05		p>=0.05		E	-		-		-			
50	T	-		-		-		T	p>=0.05		p>=0.05		p>=0.05			
51	C	-		-		-		C	-		p>=0.05		p>=0.05			
52	L	-		p>=0.05		p>=0.05		L	-		-		-			
53	L	-		-		-		L	-		p>=0.05		p>=0.05			
54	D	-		-		-		D	p>=0.05		p>=0.05		p>=0.05			
55	I	-		-		-		I	p>=0.05		p<0.05	1.0	p<0.05	1.0		Neg
56	L	-		-		-		L	p>=0.05		p<0.05	1.0	p<0.05	1.0		Neg
57	D	p>=0.05		-		p>=0.05		D	-		p>=0.05		p>=0.05			
58	T	p>=0.05		p<0.05	4.0	p<0.05	4.0	T	-		-		-			Pos
59	A	p>=0.05		p>=0.05		p>=0.05		A	-		-		-			
60	G	-		p<0.05	0.0	p<0.05	0.0	G	p>=0.05		-		p>=0.05			Pos
61	Q	-		p>=0.05		p>=0.05		Q	p>=0.05		-		p>=0.05			
62	E	-		-		-		E	p>=0.05		p>=0.05		p>=0.05			
63	E	-		-		-		E	p>=0.05		p>=0.05		p>=0.05			
64	Y	p>=0.05		p>=0.05		p>=0.05		Y	-		-		-			
65	S	p>=0.05		p<0.05	1.0	p<0.05	1.0	S	-		-		-			Pos
66	A	p>=0.05		p<0.05	1.0	p<0.05	1.0	A	-		-		-			Pos
67	M	p>=0.05		p<0.05	1.0	p<0.05	1.0	M	-		-		-			Pos
68	R	p>=0.05		p<0.05	1.0	p<0.05	1.0	R	-		-		-			Pos
69	D	-		p>=0.05		p>=0.05		D	p>=0.05		-		p>=0.05			
70	Q	-		p>=0.05		p>=0.05		Q	p>=0.05		-		p>=0.05			
71	Y	-		-		-		Y	p>=0.05		p>=0.05		p>=0.05			
72	M	-		-		-		M	p>=0.05		p>=0.05		p>=0.05			
73	R	-		-		-		R	p>=0.05		p>=0.05		p>=0.05			
74	T	-		-		-		T	p>=0.05		p>=0.05		p>=0.05			
75	G	-		-		-		G	p>=0.05		p>=0.05		p>=0.05			
76	E	-		p>=0.05		p>=0.05		E	p>=0.05		-		p>=0.05			
77	G	p>=0.05		-		p>=0.05		G	-		p>=0.05		p>=0.05			
78	F	p>=0.05		-		p>=0.05		F	-		p<0.05	1.0	p<0.05	1.0		Neg
79	L	-		-		-		L	p>=0.05		p<0.05	1.0	p<0.05	1.0		Neg
80	C	-		-		-		C	p>=0.05		p>=0.05		p>=0.05			
81	V	-		-		-		V	-		p>=0.05		p>=0.05			
82	F	-		-		-		F	-		p<0.05	0.0	p<0.05	0.0		Neg
83	A	-		-		-		A	p>=0.05		p<0.05	0.0	p<0.05	0.0		Neg
84	I	-		-		-		I	p>=0.05		p<0.05	0.0	p<0.05	0.0		Neg
85	N	-		-		-		N	p>=0.05		p>=0.05		p>=0.05			
86	N	-		-		-		N	p>=0.05		p<0.05	0.0	p<0.05	0.0		Neg
87	T	p>=0.05		-		p>=0.05		T	-		p>=0.05		p>=0.05			
88	K	-		-		-		K	-		p>=0.05		p>=0.05			
89	S	-		-		-		S	p>=0.05		p>=0.05		p>=0.05			
90	F	-		-		-		F	p>=0.05		p>=0.05		p>=0.05			
91	E	p>=0.05		-		p>=0.05		E	-		p>=0.05		p>=0.05			
92	D	-		-		-		D	p>=0.05		p>=0.05		p>=0.05			
93	I	p>=0.05		-		p>=0.05		I	-		p<0.05	3.0	p<0.05	3.0		Neg
94	H	-		-		-		H	p>=0.05		p<0.05	3.0	p<0.05	3.0		Neg
95	H	-		-		-		H	-		p<0.05	3.0	p<0.05	3.0		Neg
96	Y	-		-		-		Y	p>=0.05		p>=0.05		p>=0.05			
97	R	-		-		-		R	p>=0.05		p>=0.05		p>=0.05			
98	E	p>=0.05		-		p>=0.05		E	-		p>=0.05		p>=0.05			
99	Q	p>=0.05		-		p>=0.05		Q	-		p>=0.05		p>=0.05			
100	I	p>=0.05		-		p>=0.05		I	-		p>=0.05		p>=0.05			
101	K	p>=0.05		-		p>=0.05		K	-		p>=0.05		p>=0.05			
102	R	-		-		-		R	p>=0.05		p>=0.05		p>=0.05			
103	V	-		-		-		V	-		p>=0.05		p>=0.05			
104	K	-		-		-		K	p>=0.05		p<0.05	2.0	p<0.05	2.0		Neg
105	D	-		-		-		D	p>=0.05		p<0.05	2.0	p<0.05	2.0		Neg
106	S	-		-		-		S	p<0.05	1.0	p<0.05	2.0	p<0.05	2.0	Neg	Neg
107	E	-		-		-		E	p>=0.05		p<0.05	2.0	p<0.05	2.0		Neg
108	D	-		-		-		D	p>=0.05		p<0.05	2.0	p<0.05	2.0		Neg
109	V	-		-		-		V	p>=0.05		p<0.05	2.0	p<0.05	2.0		Neg
110	P	-		-		-		P	p>=0.05		p<0.05	2.0	p<0.05	2.0		Neg
111	M	-		-		-		M	p>=0.05		p>=0.05		p>=0.05			
112	V	-		-		-		V	p>=0.05		p<0.05	1.0	p<0.05	1.0		Neg
113	L	-		-		-		L	-		p>=0.05		p>=0.05			
114	V	-		-		-		V	p>=0.05		p>=0.05		p>=0.05			
115	G	-		-		-		G	p>=0.05		p>=0.05		p>=0.05			
116	N	-		-		-		N	p>=0.05		p>=0.05		p>=0.05			
117	K	-		-		-		K	-		p>=0.05		p>=0.05			
118	C	-		-		-		C	p>=0.05		p>=0.05		p>=0.05			
119	D	-		-		-		D	p>=0.05		p>=0.05		p>=0.05			
120	L	-		-		-		L	-		p>=0.05		p>=0.05			
121	P	-		-		-		P	p>=0.05		p>=0.05		p>=0.05			
122	S	-		-		-		S	-		p>=0.05		p>=0.05			
123	R	-		-		-		R	p>=0.05		p>=0.05		p>=0.05			
124	T	p>=0.05		-		p>=0.05		T	-		p>=0.05		p>=0.05			
125	V	-		-		-		V	p>=0.05		p>=0.05		p>=0.05			
126	D	-		-		-		D	p>=0.05		p>=0.05		p>=0.05			
127	T	p>=0.05		p>=0.05		p>=0.05		T	-		-		-			
128	K	p>=0.05		p>=0.05		p>=0.05		K	-		-		-			
129	Q	p>=0.05		p>=0.05		p>=0.05		Q	-		-		-			
130	A	-		p>=0.05		p>=0.05		A	-		-		-			
131	Q	p>=0.05		p>=0.05		p>=0.05		Q	-		-		-			
132	D	-		p>=0.05		p>=0.05		D	p>=0.05		-		p>=0.05			
133	L	p>=0.05		p>=0.05		p>=0.05		L	-		-		-			
134	A	p>=0.05		p>=0.05		p>=0.05		A	-		-		-			
135	R	p>=0.05		p>=0.05		p>=0.05		R	-		-		-			
136	S	p>=0.05		p>=0.05		p>=0.05		S	-		-		-			
137	Y	-		-		-		Y	p>=0.05		p>=0.05		p>=0.05			
138	G	p>=0.05		-		p>=0.05		G	-		p>=0.05		p>=0.05			
139	I	-		-		-		I	-		p>=0.05		p>=0.05			
140	P	-		-		-		P	-		p>=0.05		p>=0.05			
141	F	-		p>=0.05		p>=0.05		F	-		-		-			
142	I	p>=0.05		p<0.05	6.0	p<0.05	6.0	I	-		-		-			Pos
143	E	p>=0.05		-		p>=0.05		E	-		p>=0.05		p>=0.05			
144	T	-		-		-		T	p>=0.05		p>=0.05		p>=0.05			
145	S	p>=0.05		p>=0.05		p>=0.05		S	-		-		-			
146	A	p>=0.05		p>=0.05		p>=0.05		A	-		-		-			
147	K	p>=0.05		p<0.05	2.0	p<0.05	2.0	K	-		-		-			Pos
148	T	p>=0.05		p<0.05	2.0	p<0.05	2.0	T	-		-		-			Pos
149	R	p>=0.05		p<0.05	2.0	p<0.05	2.0	R	-		-		-			Pos
150	Q	p>=0.05		p<0.05	2.0	p<0.05	2.0	Q	-		-		-			Pos
151	R	-		p<0.05	2.0	p<0.05	2.0	R	-		-		-			Pos
152	V	-		p<0.05	2.0	p<0.05	2.0	V	-		-		-			Pos
153	E	-		p<0.05	2.0	p<0.05	2.0	E	-		-		-			Pos
154	D	p>=0.05		p<0.05	2.0	p<0.05	2.0	D	-		-		-			Pos
155	A	p>=0.05		p<0.05	2.0	p<0.05	2.0	A	-		-		-			Pos
156	F	p>=0.05		p<0.05	2.0	p<0.05	2.0	F	-		-		-			Pos
157	Y	-		p>=0.05		p>=0.05		Y	p>=0.05		-		p>=0.05			
158	T	p>=0.05		p>=0.05		p>=0.05		T	-		-		-			
159	L	-		-		-		L	-		p>=0.05		p>=0.05			
160	V	-		-		-		V	p>=0.05		p<0.05	7.0	p<0.05	7.0		Neg
161	R	-		-		-		R	p>=0.05		p>=0.05		p>=0.05			
162	E	-		-		-		E	p>=0.05		p>=0.05		p>=0.05			
163	I	-		-		-		I	p>=0.05		p>=0.05		p>=0.05			
164	R	p>=0.05		-		p>=0.05		R	-		p>=0.05		p>=0.05			
165	Q	p>=0.05		p>=0.05		p>=0.05		Q	-		-		-			
166	Y	-		p>=0.05		p>=0.05		Y	p>=0.05		-		p>=0.05			
167	R	p>=0.05		p>=0.05		p>=0.05		R	-		-		-			
168	L	p>=0.05		p>=0.05		p>=0.05		L	-		-		-			
169	K	-		-		-		K	p>=0.05		p>=0.05		p>=0.05			
170	K	-		-		-		K	p>=0.05		p>=0.05		p>=0.05			
171	I	-		-		-		I	p>=0.05		p>=0.05		p>=0.05			
172	S	-		-		-		S	p>=0.05		p>=0.05		p>=0.05			
173	K	-		-		-		K	p>=0.05		p<0.05	5.0	p<0.05	5.0		Neg
174	E	-		-		-		E	-		p>=0.05		p>=0.05			
175	E	-		-		-		E	p>=0.05		p>=0.05		p>=0.05			
176	K	-		-		-		K	p>=0.05		p>=0.05		p>=0.05			
177	T	p>=0.05		-		p>=0.05		T	-		p>=0.05		p>=0.05			
178	P	p>=0.05		p<0.05	3.0	p<0.05	3.0	P	-		-		-			Pos
179	G	p>=0.05		p<0.05	3.0	p<0.05	3.0	G	-		-		-			Pos
180	C	p>=0.05		p>=0.05		p>=0.05		C	-		-		-			
181	V	p>=0.05		p>=0.05		p>=0.05		V	-		-		-			
182	K	-		-		-		K	p>=0.05		p>=0.05		p>=0.05			
183	I	p>=0.05		-		p>=0.05		I	-		p>=0.05		p>=0.05			
184	K	-		-		-		K	p>=0.05		p>=0.05		p>=0.05			
185	K	p>=0.05		-		p>=0.05		K	-		p>=0.05		p>=0.05			
186	C	p>=0.05		-		p>=0.05		C	-		p>=0.05		p>=0.05			
187	I	-		-		-		I	p>=0.05		p>=0.05		p>=0.05			
188	I	-		-		-		I	p>=0.05		p<0.05	4.0	p<0.05	4.0		Neg
189	M	-		-		-		M	-		p<0.05	4.0	p<0.05	4.0		Neg
